blue,green,red,rededge,nir,swir1,health_class,health_label,elevation_m,slope_deg,precip_mm,temp_celsius,canopy_cover,stand_age,NDVI,EVI,SAVI,NDRE,GNDVI,NBR,FHS
0.052479499850594316,0.1031600031658693,0.048749555841401164,0.15673247413254685,0.4841688597469071,0.08480379472927015,0,Healthy,341.33899700917596,13.640235902851497,2472.273220663766,15.760572019789624,0.13484132764823442,161.153214752315,0.8170468180469281,0.7870522059333852,0.6323141689395881,0.5108998268475269,0.6487146710351169,0.701905539496016,93.72048269376648
0.02739585242662148,0.06485198231477707,0.1436427084005617,0.09445323582412664,0.1930565741123459,0.4121536976885266,3,Burned,2302.068258931354,7.703307740748349,817.3794688676194,24.13814834266861,0.5501341706974073,164.88550161020595,0.146759636300364,0.06679557110098391,0.08858714143890928,0.34295641905381324,0.4970931891624294,-0.3620181780855278,52.56163328865176
0.050296839353783485,0.13063809355484354,0.18453197538897315,0.21617019435575865,0.36445815822652156,0.2808522996142045,2,Diseased,695.0785304623955,30.46944235611675,343.016048979056,29.76671434286896,0.2696096448087335,62.57291228639523,0.3277402790013772,0.214768125302087,0.25728485238775517,0.2553922154461567,0.47227192512096394,0.12955912352091653,61.78583022171689
0.030621128394044534,0.07070804944936813,0.07736027119846078,0.21537784980293687,0.3245939503792156,0.2227927091905443,1,Stressed,1932.3318509198898,1.1145744632810384,545.0197409392571,6.288386030294886,0.6954134156082917,9.707448681784523,0.6150791800607719,0.3964372637173939,0.41116334486556994,0.20226259689267131,0.6422580574278914,0.1859768365727393,77.92785586588639
0.05981521060606033,0.0894828770244805,0.11922186972240434,0.20773087163829668,0.26770994139554927,0.17372480137930726,1,Stressed,246.55890563887877,7.207987125003755,837.9040912538251,26.568406230492904,0.02826270117637064,89.0850240970658,0.38375771536215764,0.24192754517793424,0.2511265265338767,0.12615464817370714,0.4989659651326712,0.2129083390590612,57.307751612709914
0.04809239539665452,0.05760382844565353,0.14163870096669384,0.12477699769346919,0.0963197133665584,0.5234637887957266,3,Burned,2773.7665598090607,40.61736492744615,1897.0240536722322,23.21178051487596,0.469023431480573,38.15010417781634,-0.19044918341141742,-0.07146036043501268,-0.09211695287796455,-0.1287096624069095,0.2515267122223023,-0.6891827017775267,39.3131671147671
0.037474826656970356,0.08317853430974118,0.04389901133942886,0.10800196028549755,0.4874608732911114,0.08793999836943123,0,Healthy,3168.449561589055,44.88944166999391,2006.8084703664763,-2.619765838815642,0.0522641490142326,164.61746065243025,0.8347672950742648,0.7544627631071716,0.6451121440647707,0.6372503626362621,0.7084725073516657,0.6943348327321077,94.06723907261652
0.0527831664295286,0.10960198407427832,0.1919148699561424,0.19104030109483555,0.3232813677588005,0.31094767564395076,2,Diseased,2968.3131144821505,21.94157150226419,1544.0756988310504,6.695562579886193,0.3305077752753205,55.91396921334546,0.25498341337948355,0.15797620965239612,0.19410015270201905,0.25711742689655837,0.4936188417583895,0.019446747273208793,58.905475736673424
0.04363454337839073,0.12193532895210041,0.07299664069614839,0.13428645943464992,0.5496238306791527,0.12979252287744805,0,Healthy,3362.5642833963802,22.291653285979123,861.102077135955,2.6665035942034185,0.015575144286879117,189.0200945465728,0.7655180069409,0.717663049060245,0.6368499389024562,0.6072980201868442,0.6368590007666666,0.6179293439504117,87.08132068894636
0.01590078034200125,0.1121379209777976,0.049102692300883814,0.1740901510321231,0.5612580727549927,0.08101922862164151,0,Healthy,3180.2159903740057,34.80294430068472,1447.832167959012,18.25344953480493,0.4690987605779313,194.5027474099934,0.839102710044273,0.7372883201832716,0.6918769898391842,0.5265096235139053,0.6669480503115817,0.7477126089103543,96.95946659703104
0.11914848184151784,0.10238794323996761,0.16793371144021693,0.15032412685107963,0.2021112577128139,0.30652449524262926,2,Diseased,1665.2594603582054,1.628530992925878,332.90662305465526,14.43546976761909,0.7670158684780116,182.22300519373997,0.09236051885050159,0.0649220201429791,0.058923757549640784,0.14694077740351846,0.3274994183426976,-0.2052809596460916,53.10187270778152
0.04837201003367393,0.06365487345038505,0.19205246757959238,0.10078090171129121,0.09642624898851009,0.48813062667122,3,Burned,1514.5490878640337,19.215966685544014,1799.9620740319517,12.319786840634379,0.10022003774594457,121.92482315270398,-0.33148447280221677,-0.12676127208236848,-0.18191908424841224,-0.022081615633673665,0.20471728953213308,-0.670087697693669,33.55414118447472
0.10603483895494294,0.07224424088901418,0.12024141279579074,0.21179260832454705,0.24490061194379506,0.28668613150339367,2,Diseased,3157.406104306092,4.4922546816731925,1651.4546219001693,21.724731733265212,0.7352226919940271,57.148460777253604,0.34139920164740695,0.2661183867897986,0.21613653159078267,0.07249506107150862,0.5444085378289761,-0.07860526863890308,65.68205907430999
0.07095998750225439,0.07565779531203254,0.14630466053736113,0.1083083766058698,0.12230821000299051,0.38862209002665593,3,Burned,3258.898024678849,18.041687219541867,347.95238663939585,6.66580435341942,0.5841952670923312,162.415390892442,-0.08933469789720608,-0.04086766386082784,-0.04683069554630789,0.06070609662523673,0.23564860168914967,-0.5212332774076618,41.26116268913744
0.061765011646307016,0.06233600737689751,0.1622651725613972,0.13505668975055857,0.25726227637981447,0.2253114843479201,2,Diseased,3410.358629449522,44.27198285079937,2097.4255939921504,8.396330344364296,0.5046052731360201,141.8110993355628,0.22643834579545177,0.13435768584993818,0.15496617783627942,0.3114954770595784,0.6099102304698185,0.06620913520374658,63.466460077873364
0.035428620870804436,0.06508659543018099,0.18958662020170083,0.1013991717882275,0.14935998004593887,0.4608518054792899,3,Burned,2735.446874981183,33.91349763615125,1979.538377356668,25.297188187890725,0.5994832622802416,195.54782767480117,-0.11868134667690512,-0.04975674804702307,-0.07192348058457718,0.19126243646255733,0.39298077154575317,-0.5104651003431359,45.6834256632337
0.06272833419386403,0.09577815766766479,0.17127152259647982,0.22802625371031277,0.3415781919991864,0.35162890954724685,2,Diseased,866.5631388065551,44.32706440583481,978.0922402502888,29.02729782410023,0.33589713172919555,78.5641414266665,0.33207908912689255,0.2242358565130135,0.2522190586624689,0.1993522648052908,0.5620131704927205,-0.014498866760958271,59.07619866321178
0.02843652339734667,0.10143158557731605,0.06545232151696559,0.15158430095608277,0.46664247431158146,0.1110640518772226,0,Healthy,3318.348649165384,33.572188155177074,1697.828631391073,22.172506926874128,0.7103395537682894,16.459759837705427,0.7539824640270749,0.6093105232203867,0.5830716575584562,0.5096158575838682,0.642893080484544,0.6155000855281131,89.47135899564694
0.046093223974008043,0.042265854611903186,0.14094531743336708,0.11695703252600248,0.12924903533302406,0.30757343678787447,3,Burned,3325.5668404935245,27.36495323129648,1623.284519622941,2.597484117202919,0.7796658419207723,199.68533412359452,-0.04328840165498037,-0.017947651932343902,-0.022779215219776865,0.049925667611096826,0.5071464971792586,-0.40823082316879444,47.97872573123091
0.05668549023320469,0.09080628844485752,0.05780098706240057,0.18450125714075785,0.36914475475808456,0.18540732880402316,1,Stressed,2398.233500912806,33.939937481725956,614.9966142991145,-1.0571928742653434,0.7782238655868774,168.46140969058072,0.7292349586993725,0.6030009950949212,0.5038219881005178,0.3335046045920352,0.6051480138483714,0.3313258178755455,83.58110872057978
0.047015920056234124,0.0579867747153128,0.16814269958296804,0.18600015924654764,0.2762510628020269,0.27432436005715427,2,Diseased,3029.0248789533,29.659125283694312,725.1704624516049,2.322180171803071,0.2694597893936884,48.190489218217074,0.24327155315174065,0.1398564577094595,0.17171073080994492,0.19524210493828484,0.6530208643573523,0.0034994346457979295,61.91869491090259
0.0584486982963805,0.05765987990910931,0.08467369300768589,0.22274492651684522,0.361577341263916,0.2000314155824761,1,Stressed,2051.8821898410424,20.882971345585876,1803.053499701885,9.796647775801373,0.6539070096898525,146.49743385043251,0.6205109249844089,0.4836730510722345,0.4389484956437479,0.23759562150249033,0.7249295595824015,0.28764851123776164,78.82092606604311
0.037062210798478705,0.06345436505129018,0.04804377669192312,0.12165982173794028,0.4665706071276255,0.12324183617117682,0,Healthy,3315.618919858685,13.16458503023445,2353.8136217940187,3.2843959711673385,0.1480957257452764,5.134584137631749,0.8132824022455545,0.7084708990440887,0.6187476241986052,0.5863531748796684,0.7605608332255159,0.5820982060250198,95.56942656237024
0.06705852680544565,0.06453995631446958,0.18889149060350263,0.08628936774293898,0.03533179364249349,0.415563590178035,3,Burned,509.9901087539009,23.40801267004597,1567.825505537257,26.536440182520412,0.49541961359626707,113.7727662872982,-0.6848516675191574,-0.23046743695395955,-0.31805045111304375,-0.4189860492212714,-0.29245667328344405,-0.8432816164160828,10.5986552915258
0.05449978341346548,0.07232863743309009,0.16533952293111112,0.0803190295396163,0.11690196512988241,0.5076616605971943,3,Burned,3051.080198399743,11.632206325564374,1549.1889202309987,18.47530156186041,0.0026292600595175797,75.75345699531755,-0.1716174203084805,-0.07122371146928635,-0.09288223250996312,0.18549208615771673,0.2355503007313847,-0.6256523324679553,38.1963279472236
0.03183739173549467,0.07523127298039395,0.16962385721719794,0.10049329358105472,0.2605775572657876,0.27676454185219473,2,Diseased,383.16197582255984,21.90043558989654,1722.6997283484448,9.585523567405493,0.1935867590083411,79.35994304133725,0.2114211968449371,0.11148799226056538,0.1466677501044613,0.443359686542628,0.5519398600391706,-0.030124169149849823,55.96566592627068
0.05958026315204673,0.07627313010780748,0.09200559887420473,0.2116791617331323,0.39248351262242465,0.2036367255106807,1,Stressed,1319.0532723194676,6.576093266448869,1269.2722603918833,4.583410650154628,0.6317341158326056,52.681362203554784,0.6201953778033598,0.5015772639626142,0.4578180304695961,0.29926434646017763,0.6745725754992009,0.31679310961699975,77.785652727887
0.05563313073516425,0.05778403830001897,0.2221984660095193,0.08722847619245958,0.17715790435725026,0.44249126467733046,3,Burned,646.5746206303643,25.442779453651838,419.17849570295624,8.323135179933752,0.8743615052031294,58.594817048502094,-0.11278287731600463,-0.05379647019388945,-0.07512132448635252,0.3401439384902158,0.5080994037338772,-0.42819932519473697,50.613845306045164
0.06766239627182953,0.07770444101996155,0.15908157698118827,0.16978481714904484,0.23800722477410155,0.2662991660520245,2,Diseased,1781.1458051276102,11.037766086544714,1172.3084627943338,11.661770837835558,0.04902829858602431,93.66038945194947,0.19876069397178595,0.1170983714396244,0.1319696223361932,0.1672970507966499,0.5077505713114792,-0.05610069836824741,56.061512493231774
0.06338339759265271,0.09610895840603202,0.13487243734583132,0.20647096141657859,0.32342715488466023,0.14881709179346725,1,Stressed,966.4123213751508,13.212364677370635,2280.5548622593574,19.983782326150504,0.5585527921743301,53.388281918166236,0.4114223896794908,0.28443292619497645,0.2951395113281245,0.22071448767794632,0.5418322377001177,0.36974523378947904,69.8306391667215
0.0742147441477245,0.09580588094093616,0.11537207530992738,0.19874240866273016,0.44476918127383336,0.19307582403535953,1,Stressed,3341.8388518021907,22.456266380207477,2070.882960861407,-1.8730454619892383,0.6367750201050305,95.95578963954038,0.5880607725491505,0.5210689839351271,0.46606586737072453,0.3823190951575017,0.6455408661431111,0.3945995519247987,85.05900877073593
0.02927866978573141,0.08524876032011455,0.052592876415349085,0.19711642363196302,0.5189679459833556,0.12831331939866233,0,Healthy,2045.7604010562513,7.313681385971133,2340.331850869544,24.709152892613098,0.9323909811827462,117.58280551123883,0.8159675105985507,0.7219718044155737,0.6528445079371077,0.449460331091556,0.717820566628289,0.6035314807370774,96.2320128396381
0.04714396482630659,0.11031641697399809,0.03678635928354731,0.1494211653537047,0.5763766032378628,0.11716563808912335,0,Healthy,3162.511429802292,43.30709476361636,636.2294872913033,-0.5353989104436998,0.6551437946449565,143.66672745623947,0.8800111359227163,0.9345074899036637,0.7271041041709693,0.588256743789817,0.6787023688300349,0.6621239935564271,99.07314822313975
0.05004296033511949,0.11185824178245615,0.1481896915292364,0.19961843462768822,0.24696657784872164,0.2604635337573786,2,Diseased,1117.592947868798,20.112494192679428,1413.107065485425,4.185752869035326,0.10303270247073837,137.0434018831495,0.24996916783146297,0.14024572084214204,0.16551895226852187,0.10602268512830502,0.3765300640012514,-0.02659864941784858,54.62408378375177
0.05114584437023879,0.06995634806117833,0.18971156686737195,0.10199420752648182,0.11867323140278396,0.4570747601799619,3,Burned,285.7259478236507,15.852565333203797,1586.4019405884762,29.775646352040432,0.14674424254448049,52.18790825538205,-0.23035614452951883,-0.09480126590923817,-0.13181532125139997,0.07558443239921875,0.25826745146425184,-0.5877597974233579,40.03886554967323
0.05997296530747994,0.11819325537584735,0.045529274081321354,0.15768667918626816,0.5572995154156279,0.11268486561904939,0,Healthy,2759.6615121569416,1.3138472291661418,761.8361219845438,1.6573021915487898,0.6357641288869977,12.641970133482054,0.8489478965858472,0.9266647749236182,0.69607845057331,0.5589098554032437,0.6500532241444231,0.6636194152373409,99.7586494712447
0.05329943538657265,0.053098844588480534,0.21707348678982424,0.09558362428899342,0.06536194260184752,0.26901712520878734,3,Burned,2517.846277907507,37.94644634005048,742.1345263917342,-1.4600234274779025,0.21561967676323268,167.37296388816048,-0.5371547724844415,-0.1927174058819111,-0.2908448477984257,-0.18777578278925505,0.10352030633108243,-0.6090548007380819,16.770988337972668
0.057776095302785366,0.045144608404777256,0.1573305985072442,0.11420549752942354,0.10845488873255843,0.42646478291183093,3,Burned,2000.122430724839,28.162526188787293,2020.472451814165,17.34418556715794,0.9283054748772882,175.10100437809567,-0.18389156023282976,-0.07546657588656701,-0.0957364234844876,-0.025826814707088485,0.4121776267887011,-0.5945002681555529,42.057784900781925
0.04333342648623663,0.07269487625400359,0.08885658945893801,0.21293163477798954,0.3310132026075183,0.2238569065593114,1,Stressed,2890.6310081064016,18.738231967858376,1778.0742175148546,8.759517794792872,0.9206872007858861,195.88345634798796,0.5767421518689075,0.39332795781317936,0.39487644763082286,0.21708371427193848,0.6398641332205802,0.19311960105025733,79.14907332055503
0.06830298936675981,0.07290605394080645,0.13479081260239953,0.172889283808807,0.32827552514069946,0.341762321920021,2,Diseased,2972.278429738837,11.048975970231407,1723.8125809933524,-1.7857598006021953,0.9486558601572134,192.14375366105662,0.41783367217529227,0.2977149589799358,0.3013572943209816,0.3100501780184774,0.6365433463299108,-0.020128410114742683,73.71824885747566
0.02823385280570698,0.11663754717238198,0.05210534670789247,0.15799049512090269,0.43740738939100443,0.1368914171943296,0,Healthy,2140.0809164599737,33.53118384039233,887.3724075626328,-4.869015007783424,0.29295260781219334,128.5937352051319,0.7871134015482181,0.6261874368322996,0.5840784429540884,0.4692943942960379,0.5789599638229428,0.5232745802672599,86.96149721461441
0.04190513681107234,0.0614116901883264,0.181684300207325,0.1260946339964304,0.061579382459767996,0.4702963334296328,3,Burned,3387.561713117992,42.54635590837502,1414.892733343855,-2.2293448266482767,0.7169499079603164,179.38298226860778,-0.49372315461773786,-0.16341724117618828,-0.24238689229507115,-0.34376228162675326,0.0013634506488685962,-0.7684444524825976,26.28590580694321
0.037995883019130455,0.03121500722854769,0.10255161203746258,0.2014501743298072,0.2502223210478485,0.33544177281544324,2,Diseased,2575.04942713718,17.13643675434091,350.7538976765212,13.295745257016733,0.6630139069348495,92.36164176767079,0.4185986859428414,0.23357297393888773,0.2597476920016768,0.10798121678285812,0.7781743359305664,-0.14550909165415923,62.91485697030109
0.04242042610648808,0.09237672075749602,0.12609027394231104,0.2068816298447738,0.3062445178902652,0.18864985896428293,1,Stressed,2433.688741336675,6.069423077065407,585.8813157209414,3.0812530795829787,0.03560378133777209,158.53044974638337,0.4167007679796265,0.2581549335197212,0.28984369712550745,0.1936422194574595,0.5365188079116974,0.2376156651793747,69.5011646888385
0.031625365959148076,0.07611980496637817,0.06586003830959866,0.14264809067679626,0.4867962015004069,0.12570411852731514,0,Healthy,1392.6919154435298,4.913763627273181,1440.1518980737408,22.214324701163246,0.2655650763462797,191.29023574005996,0.7616600071663343,0.6398115489673752,0.5998199743745168,0.5467491081152481,0.729551806167627,0.5895377769947464,90.11913668803396
0.058780585789082004,0.04243523279253686,0.15056738525651164,0.08048323325529984,0.1369841106780658,0.4779173925239004,3,Burned,207.4533093800253,0.28628875502486606,981.2790063902081,25.012802157511004,0.2067667296794684,160.27431865549448,-0.0472377097601995,-0.021230049265854627,-0.025871211868854375,0.2598131462071242,0.526971455735518,-0.5544518504605697,49.354005854263555
0.043600142131689265,0.10533610838040708,0.08518968358997761,0.20177279999075054,0.30031575400786675,0.19325804737360036,1,Stressed,995.1108238507874,33.47799483472749,2424.4734651723365,0.06915562003530162,0.37080860173833996,86.07424636060107,0.5580363954864436,0.3622986033669184,0.3644123325296404,0.19626607949865113,0.48065757586552665,0.2169031341728238,72.44514041519129
0.03626996983114461,0.05760228987106408,0.16759184271766744,0.08532102416772136,0.07132352235916224,0.5077413426800619,3,Burned,2720.9376724882786,44.16279236557517,1337.2663911874233,6.795695475706456,0.953053716545225,78.66305317801917,-0.4029389917980269,-0.1333467188821948,-0.1954249233516671,-0.0893583672418061,0.1064273413249658,-0.7536596314727912,30.8789054176123
0.05476051083379485,0.09008889295324937,0.15849104416783377,0.15449927496863114,0.2263001637221095,0.2977757361431069,2,Diseased,2542.5751396426745,44.67679887391057,483.8411439850714,0.13009439138691192,0.8456016389583383,61.85083706652788,0.1762231475191055,0.095963039990263,0.11495783103948651,0.18855302706015775,0.4305182609506038,-0.13638400673555034,59.14844804627624
0.05328367972831538,0.07286842262645503,0.17213687331766112,0.07127521163374292,0.1022273090407607,0.4373845348935943,3,Burned,1292.3730779393109,35.28887644543165,339.25316396168733,5.034244625368153,0.2934245913682769,76.57738724119636,-0.2548057152646672,-0.10070980737325896,-0.13541993218458784,0.1783956538656195,0.1676733319426164,-0.6211079749437939,33.34513182214614
0.051787409632863275,0.04090237094253719,0.1582242533793858,0.14060745981518208,0.07426659994024458,0.44006065124255106,3,Burned,2264.423815976848,7.298270023321961,1895.567322464877,3.372154656269995,0.5300315310993231,165.01244904947959,-0.36112237805971564,-0.12835940057530823,-0.17192907989045875,-0.308742976527823,0.28969804839781715,-0.7112087554159424,28.311116598949198
0.042354483683099305,0.10452328460219357,0.05221982777676271,0.1354485263635721,0.4534698222655244,0.1070596675609708,0,Healthy,844.4486822613527,43.99692551609047,677.3148237106907,22.54027153280153,0.1922661215866619,141.79256263762247,0.7934708304203967,0.6922255888993285,0.5984699014483603,0.5400091391992816,0.6253599320761061,0.6180052161603992,87.99733527847299
0.0643337500075306,0.10165609438486348,0.12018199607468011,0.1807695225203731,0.2633038798385169,0.2048721815252818,1,Stressed,1069.9714735878454,14.75160493508779,713.1872118111298,7.091788730492317,0.27743399229593824,53.72644001063627,0.373212910882026,0.2382358603827686,0.24299519558691385,0.18585746189965863,0.442919203313846,0.12480710118956596,65.06089827440837
0.07867421067969668,0.08857071319479098,0.0728224550815397,0.25081298722287476,0.4266313946196564,0.19622118702359004,1,Stressed,3326.446709878239,15.012882427164465,1232.3758898094763,12.344767956046173,0.06500324901488452,143.74935007363626,0.708391641521775,0.6945549370750765,0.5310034116690898,0.2595318663995226,0.6561709855909786,0.36992734828024804,84.89417920381122
0.05352990842640734,0.08298035530013562,0.12146515663578315,0.1684874016995436,0.4185533695384331,0.1690845349283719,1,Stressed,1563.495890687462,30.93016288015975,880.9332961376222,18.586328691554353,0.6426065009168366,78.98211587779845,0.5501444728312175,0.4254157123028395,0.4284849777709403,0.4259771651835493,0.6690936041347448,0.42452814644612824,77.7046248408316
0.05611116148499621,0.11523272824724395,0.06383720361192999,0.1924334997013188,0.4866243739042371,0.12075445793364477,0,Healthy,1008.45906118622,2.207213418350312,1656.4695754416168,23.778982720326532,0.6569207744963289,113.76563887214584,0.7680593521521422,0.7295401637078566,0.6037162738506135,0.433233869019927,0.6170761101906157,0.6023751417871224,91.34638088496874
0.07297254190605662,0.06601956293792147,0.1546513210913047,0.14082052881637178,0.2161295700631788,0.275699993822771,2,Diseased,1807.4572145686718,37.159637845840166,1368.5235158922803,5.542318161285813,0.8385016208034435,77.2220081900225,0.16580748571582865,0.09625567787320755,0.10590192473852966,0.21097917992852985,0.5320236153425849,-0.12112005239726795,56.21819935572841
0.027776256874600967,0.07512496651626632,0.0564072911020292,0.170064117392355,0.5802204998017677,0.12766338045312386,0,Healthy,1477.1524032983084,44.87837744194848,545.1913232499062,2.32272336964067,0.8715518134272541,106.71772381273883,0.8227934877429169,0.7656555058546661,0.6912727389078795,0.5466677145489376,0.7707317003594947,0.6393098156050552,94.27361763441202
0.07732419195567876,0.08085262048875494,0.1639393960706204,0.17785663790857184,0.21677409076983029,0.30476471940055017,2,Diseased,2607.4458232520487,34.87814001404628,2026.4298654007866,29.245868081455363,0.1600593991937228,147.31175954304624,0.13877809727704984,0.08151091972759228,0.08998617863031573,0.09861738847711402,0.45668436525557643,-0.16871347870514108,45.97950352294666
0.0783494391748403,0.07826590598315752,0.11656140766767764,0.18094697001869745,0.1658742402374341,0.2829518792707749,2,Diseased,3374.9831514199077,35.175442104329996,1236.8894797113458,6.2051640626623925,0.7430409461629872,147.5704768709973,0.17459846584358624,0.09649340011289735,0.09453716495063566,-0.04345965269983178,0.35884442613004025,-0.26085299258674166,48.98997649886059
0.04383706911807892,0.04720503204086102,0.14353491423462914,0.10609338998243655,0.08360655827356028,0.37007295423540826,3,Burned,2152.733500710383,17.564115175494795,1643.8355030964613,18.48738347133064,0.13470763282733234,151.8706029637135,-0.2638371260912598,-0.09270876466422658,-0.12362454364662225,-0.11853893862501894,0.2782744507765661,-0.6314289751885043,29.512152962106722
0.04359022031685926,0.07452592008364464,0.1661254172328765,0.16954846946813035,0.20497748150041126,0.27239108326707606,2,Diseased,2150.78571689182,2.9664625057045613,308.6731315718998,18.724436423723148,0.3737150117458109,81.25256512058823,0.10469350509849495,0.05180818620592856,0.06690150591512442,0.0945969458049312,0.466726186551521,-0.14121918645252268,50.75704782542353
0.02247450233760518,0.08055983273498243,0.09187732709058029,0.21282908656639235,0.3800372581442379,0.19890961628999287,1,Stressed,1403.951733787494,35.67003454054905,1678.0800735603816,12.991030595983936,0.5155365715592212,139.64661136810403,0.6106188152758302,0.40868126949439704,0.4447303278494914,0.28203349751472656,0.6501939001300525,0.3128570974714717,82.40348846165186
0.04977314724674353,0.04967967754838422,0.1375944802904204,0.10959604640103156,0.14458451937581485,0.43772870764960814,3,Burned,2063.282075518475,26.872113910716024,922.2696854680559,2.995660591959494,0.04946991408707602,51.54876813218111,0.024771647946678767,0.010943461814027805,0.013404934802029221,0.13765203288193364,0.48853488416660323,-0.5034132312898032,46.61077892672192
0.03444010706084437,0.09701729674364486,0.0794299151811746,0.19039277773095703,0.305195559611211,0.2298221951001769,1,Stressed,1253.785259077556,40.9202410104938,1387.6156350619858,-0.04899026660383132,0.15676371154545432,98.09854198187378,0.586975261277606,0.37047827241377773,0.382815634940172,0.2316494778296127,0.5175823059919198,0.14088011554474975,73.14673236831533
0.047504449158059826,0.09292655959714331,0.09565712773847372,0.252786418083479,0.440563384077956,0.1684647215819873,1,Stressed,203.60384523072835,5.2183305075074635,954.9853284068374,12.04556507200509,0.27111609999003816,118.70584877663893,0.6432171882775456,0.5199938422632433,0.49927537007501527,0.27082572563062324,0.6516276868683585,0.4467752070873155,80.76923596124006
0.04377459847334447,0.0593668014028904,0.10980755652877808,0.07319583229937904,0.10310371494681092,0.3743054962561321,3,Burned,3058.1173704990006,13.730537839234874,2491.773638212934,12.882533784898193,0.12754232963418932,138.86402651804497,-0.031486549399853084,-0.011690249237338132,-0.0141052086483149,0.16964241495891919,0.2691990635260284,-0.5680698429451478,39.23803575418392
0.05163406668757178,0.099441060091533,0.1055468835944043,0.1728955238832848,0.33241404192391716,0.18876554331542547,1,Stressed,1617.1654822216271,16.22952691755239,807.8530923655717,22.067836487117916,0.9340962722063331,182.83921839207883,0.5180077489354578,0.3593218294798901,0.36280907296658105,0.3156847320492809,0.5394702421029793,0.2756218776034845,74.43898746183082
0.04249036122306942,0.09988143226940147,0.06627401339464686,0.1664387440221735,0.42886996756084916,0.15436474482902762,0,Healthy,1823.892000678189,30.747586884511115,2308.2911232763645,19.84417053832677,0.2883191880871163,64.42988412525924,0.7323040585961442,0.601185855589405,0.5465479731501759,0.440832149814349,0.6221988805610287,0.4706599456338989,83.40336820328467
0.053874170591179105,0.09197810719681727,0.09010503138948577,0.17794210214719006,0.33654870843866735,0.1585510602819477,1,Stressed,475.553020905563,35.44853233964198,2319.5265900258173,26.921444759255337,0.5011716645089137,169.83075335576711,0.5776198548552397,0.41823347302371416,0.39892518175459435,0.30827878738607983,0.5707241334989092,0.3595187390644417,75.27957084128874
0.03928298673138256,0.056342832143537906,0.14830960609489627,0.09997660021986252,0.0832239257882284,0.339127792811675,3,Burned,2962.4646942377935,43.24591838629891,1226.201436455609,28.980119666067104,0.9965342379256862,65.66922914181949,-0.28110691771614815,-0.09694260277130849,-0.1334573397805998,-0.09144446188134647,0.19260382713621746,-0.6059022603548192,39.30112082935565
0.058212988508131086,0.10410763597462686,0.04940957782694945,0.16152578383436422,0.41905673533599047,0.13572647336583157,0,Healthy,762.1123322460483,13.293322124586949,968.8068541513837,20.474796416983924,0.5666426769312439,112.62233671188876,0.7890581227126373,0.7225785874937899,0.5725245400921127,0.4435733742619414,0.6020079168470177,0.5107044561173716,94.82718981729381
0.060578716844713755,0.10228145925521162,0.11107907011990648,0.17090545810214525,0.4218629540218038,0.22824145851471037,1,Stressed,1555.0498239882427,22.21363838539113,1138.2782031773404,-2.322106290941131,0.4114957749920847,166.47947024783585,0.5831476295586385,0.4754964089638923,0.45130879608379937,0.42336515670057545,0.6097202995474592,0.29783137722958397,82.11044454871615
0.023482408518207327,0.09548853122729899,0.07390222710651805,0.1299336521927663,0.45857229232831986,0.14429113711907887,0,Healthy,2972.876305310808,1.3032418536584283,2476.5459922619557,9.17914082259859,0.9297924059242851,146.01417302758964,0.7224196538190962,0.5572125940902004,0.5588564961002449,0.5584287424975891,0.6553138917453782,0.5213140068625156,91.73445910915642
0.08709371460271124,0.09580681163569407,0.20136362736551944,0.21681873439926577,0.3399052165390194,0.29352423686025325,2,Diseased,1710.6837027046145,11.384454514899955,1661.3517001427333,16.3080829444239,0.22249775536660854,173.25958543107927,0.2559570686066742,0.18278372129922915,0.1995761065751629,0.22109068546700864,0.5602287371400233,0.07322201185569197,62.31998734417697
0.05532380503766329,0.0914188879943655,0.08834012232671866,0.2097039515285183,0.38294552922404357,0.19722925379486364,1,Stressed,3272.80270703933,16.830157865383814,1498.5165232054048,15.656827500748513,0.17950074083870793,163.90183254069282,0.6251100573013993,0.4916456154112975,0.45497234010479826,0.29231709534675976,0.614562611575113,0.32010400600621686,74.919941990289
0.07574009415815111,0.10177033074197529,0.11240744787862716,0.15880848021294075,0.46005515693772964,0.1744940109918241,1,Stressed,890.737201288276,26.72127929364517,379.01933894674005,1.3505325040709355,0.5353643690407835,58.88771607723473,0.6072845633258097,0.5548340166321157,0.4862375213684702,0.4867739091022201,0.6377154964939157,0.4500220879296575,78.87773941359121
0.02718930793154168,0.07221757216898197,0.045146037970858775,0.17555060383480547,0.5143655301287996,0.1077878520740074,0,Healthy,2560.2683388507453,21.188047211962832,2165.2546668734567,15.403065530780498,0.42730173783139014,198.62265098380317,0.8386233824715686,0.7418152414273472,0.6642959386053151,0.4910958081767507,0.7537686453805701,0.6535007011940516,95.39979959122256
0.053995766067963,0.049342702432945855,0.1519612532694478,0.15449377874582826,0.2376040443659502,0.26235369012218224,2,Diseased,3427.3951277537008,16.40137768996488,484.3720027758378,7.238817775850544,0.796986077315465,187.71469428037918,0.21984193514648698,0.12273937698152042,0.14441231637757013,0.2119630831941605,0.656084578314107,-0.049503475101823374,58.86684225422005
0.08265715829214614,0.0696597155009128,0.14845836701983647,0.18939496821997048,0.2922647001133659,0.2900905705601373,2,Diseased,2013.725002827026,28.08350849382037,403.33920747563894,6.862439569530057,0.04201004130436725,88.8840511414665,0.3262963537760606,0.23000383918316922,0.2293018050515525,0.21357347629627327,0.615059302048032,0.0037333387802617377,59.49635958377178
0.04646385258386356,0.07399136381696086,0.19882481690015533,0.11018495968826171,0.06564316087339833,0.3848892377933653,3,Burned,2484.2068655251765,37.28770547026502,904.6877894595824,24.190245185543265,0.6177258244112199,14.205847759330865,-0.5035832773106421,-0.17431121041411587,-0.2613222361631589,-0.25332578281177426,-0.059786090612001866,-0.7085973634276272,20.073461849207234
0.04985974041477947,0.10306234155549958,0.108844441240732,0.18564414515726702,0.36243611301595097,0.20276796800429533,1,Stressed,1497.647976683328,10.875650984315515,1346.73493112654,9.7676605533877,0.7106791428978765,64.18185127188036,0.5380906640510221,0.3862065472064733,0.3916350451776387,0.32256583227843866,0.5571957615354055,0.2824964425212133,75.52228106056484
0.035763933935391616,0.09511452834889407,0.042335381658023315,0.133137346839765,0.5310377410320378,0.10951634187489995,0,Healthy,2679.4132210940475,15.429414566718552,2269.635712009681,13.458858392255841,0.9719167608239669,168.04974346630323,0.85232866960682,0.8054716224258062,0.6829438121148619,0.5990896007201318,0.6961936050350802,0.6580574596662176,99.30257542265235
0.038960113646283386,0.06954348329091697,0.1320450440396015,0.09494484618931151,0.043848955408016914,0.5405210944682383,3,Burned,3199.284386528306,31.721564235915896,2038.173357982245,14.700550136206758,0.14576320023983547,190.41973180227257,-0.5014161022797626,-0.14281209733688657,-0.19573206907913807,-0.368142427916996,-0.22659822746328645,-0.8499274229850096,14.767031624245629
0.06978722646763615,0.09368075826234763,0.15772505890214253,0.18203909913490876,0.10127460892594994,0.28816883702486545,2,Diseased,2520.0833712667463,35.007326944133865,734.7907179128546,14.704887294806568,0.24624321870946764,167.17603108067712,-0.21795567643007188,-0.09258903130267897,-0.11156220145783416,-0.2850708774772769,0.03895173743408879,-0.47990080522118017,30.058546921652724
0.04247225001844104,0.06771830449311264,0.20080842561775844,0.1332985214359175,0.28409867853795273,0.304117440850317,2,Diseased,3288.5647475572314,37.14285922805913,1118.5749625400085,2.4592529824180227,0.9324432315692422,82.36493113789624,0.17176537627255456,0.09593850235502704,0.12684991060034062,0.3612869312458403,0.6150367331055375,-0.03403300472767261,57.62543910964056
0.03479411587144589,0.09509041854617464,0.03789947150310966,0.15566573596301292,0.5218724217430767,0.11529240014374019,0,Healthy,2142.553751574622,9.41990485036629,2016.528582161542,15.98086771021525,0.6306288454833006,16.02461743883459,0.8645895719905698,0.8129553777627746,0.6850147877446693,0.5404960240393736,0.6917466797179335,0.6381080707096519,100.0
0.047065230607866854,0.07793210054662779,0.0987815389058413,0.13542902531437145,0.33014846002106374,0.16389199355313644,1,Stressed,2104.5535534881774,24.267013255998705,1459.603384432014,6.711826313044185,0.038049032735511634,105.92865458186043,0.5394048359872397,0.36845422498144004,0.37360229332427786,0.41823205944781017,0.618055300019727,0.33652398685144774,79.73879113538104
0.053227974640932485,0.06495272946068598,0.13895631461240085,0.1215141124965279,0.06246158099431941,0.43376632790920344,3,Burned,1205.2703807602127,40.5004994336378,683.8822724529743,17.925710310865938,0.07734400225577898,78.3945892283157,-0.3797811986360423,-0.127747597744355,-0.16358593002822086,-0.3209800554188196,-0.019551557921201515,-0.7482544467375555,18.273131833615082
0.03849914505847637,0.06145630314343885,0.23372695713698743,0.1462366225128566,0.10335877724333134,0.46319264178140196,3,Burned,2541.7707208404936,17.63777047911713,1171.3214458923335,0.09941596380044793,0.7854405606276683,28.979615499726535,-0.3867507958051395,-0.14701120410458307,-0.23361079931572404,-0.17178939833632995,0.25423930540316614,-0.6351300978227022,30.91359061703637
0.06718313307780692,0.06287783929693881,0.09117235375268101,0.20721264062384273,0.3194097558270102,0.16899513405618782,1,Stressed,3110.443321795313,19.344739059970006,1677.0587699213552,29.79404581217843,0.5674744984564157,25.641402545875568,0.5558873394388765,0.41876258963556034,0.3759749897895198,0.21305040163276504,0.6710442951633133,0.30797115632294847,74.60693664307313
0.057119770229910515,0.06393229776984827,0.16090511850455236,0.08105874345812097,0.1294070130616799,0.41919022492811664,3,Burned,2332.843546225473,44.31703247553086,2441.0964845794365,22.021515200868844,0.5654154816188739,34.84219231293868,-0.10849737552463487,-0.04725360003879781,-0.05978290814395786,0.22972035026423293,0.33865183248928926,-0.5282257848144117,43.86325291262678
0.0381852093207118,0.05138017644686625,0.18963138027494505,0.07955825508046607,0.08318945522733398,0.34256693883288614,3,Burned,969.0294279753238,5.087369071462744,1755.9865206840998,9.603800171950763,0.8798656433112854,45.13561631000474,-0.39015319687777267,-0.13755110623079755,-0.2065975426266446,0.022311834168861622,0.23637782180827657,-0.6092156950124585,32.505772591790326
0.036965368951108205,0.1131523928402183,0.10303081591530533,0.18499355423731215,0.2576501911404686,0.1561959941044466,1,Stressed,1995.5600785815657,31.75208952577362,335.6293569090733,5.547314780249904,0.24109791937122826,151.988349826267,0.4286873107082697,0.24180513469073037,0.2694715675630097,0.1641424644998021,0.38968928655276996,0.24514952221798528,68.56719683888265
0.04433705084418994,0.06857210353556611,0.19926951439501484,0.08244487868942847,0.14711630802157044,0.5061667874957825,3,Burned,2694.5934759396696,38.258285716840135,1851.018208591562,8.573071218624603,0.16043098182201998,79.43217674763802,-0.15056391310693587,-0.06486054009797092,-0.09242807070246707,0.28171759974556443,0.3641558685392749,-0.5496093140046382,43.06483591027103
0.06584537557980003,0.09384988096068392,0.11100507486067399,0.15535829768204443,0.33607021135968973,0.16799662287327802,1,Stressed,3299.8989390800843,6.785708248530783,851.9025764059071,20.242289547085623,0.6138059476220805,90.20293538805984,0.5034166244517366,0.3730541878107969,0.35646342597660996,0.3677277705209829,0.5634077799379216,0.33343511958650485,71.64000210696389
0.04812601287753645,0.09777891393178369,0.0733102467155807,0.11721220189070862,0.5587842701615509,0.11712854706723672,0,Healthy,716.766963417828,32.15039562032568,2196.749611270393,17.93927298545978,0.8824230976538834,121.684360321708,0.7680402262687808,0.7410908998133401,0.6432422539641774,0.653216518124876,0.7021492529235995,0.6534211296227102,95.80980900441249
0.06367604590837625,0.04782386581460057,0.12440880595750273,0.14042909448994462,0.24031883773785317,0.25523452170097566,2,Diseased,620.74040018965,21.1382199904699,1144.557798097505,19.57323792002056,0.26525064466761816,192.22602809924317,0.31779885787647455,0.19200558065382556,0.20106336015452378,0.262351367320445,0.668054276125954,-0.030099046607256853,62.537385522744934
0.07730727484127536,0.09337110686513472,0.1550801733348476,0.18035733048745894,0.22111359862656949,0.30840545411506165,2,Diseased,1562.7136497685897,38.380089810358946,739.1530830594605,26.114971840803875,0.681294364791352,152.511464535566,0.175530347544379,0.10502901409064286,0.11304592657100647,0.10151735572455638,0.40619618527948614,-0.16485120485848226,51.2939762409483
0.04241659719820838,0.09154792861862396,0.05819447572617898,0.1091828229870496,0.4118457202883035,0.09983950084394219,0,Healthy,614.5168592266159,40.835354257615776,1329.4838103225159,10.970332920864326,0.15237903185827417,130.9139597068342,0.7523850939492358,0.6127489082056182,0.5468607007772489,0.5808950304136262,0.6362769693308739,0.6097620186417358,89.08403136659066
0.04375396591784821,0.048879557456407985,0.1998757838934384,0.1321239832003298,0.0784749873331532,0.3196681116086647,3,Burned,3435.4154112668907,39.2618206419558,861.435543493012,18.433240195668265,0.17190869582914892,150.0472660535245,-0.43614318603783203,-0.15567597974030686,-0.23395774660039165,-0.25474480328097787,0.23238611234320022,-0.6057950492137186,23.797984302749008
0.022250379403578716,0.09335481770137799,0.04665879266619692,0.1563658240530623,0.5594168269179468,0.14531867253113637,0,Healthy,1600.2044120324451,2.8973311910555744,818.8072746952712,10.45277842359539,0.9015100578627374,145.26204161812458,0.8460297844405602,0.7664582426975457,0.6953747382236429,0.5630913192534137,0.7139740304568847,0.5875937125837829,99.8603643710974
0.06325146728874839,0.06835376993902231,0.13433057308175822,0.1208471063405937,0.09285964831360363,0.4167124393925005,3,Burned,1960.9147129240862,34.05848745667384,1561.1759617016846,17.33343273419568,0.11796499490637535,139.59860589388396,-0.18253832708143994,-0.07278373809402397,-0.0855434856885629,-0.13096196590817827,0.15200891538749442,-0.6355387049973035,32.19886286100247
0.04515410402900811,0.09940440576479534,0.06249022696873495,0.13381801465610182,0.4843952339976854,0.13766703275517583,0,Healthy,949.3896782661453,41.468740874362325,1988.1617958719348,11.618827293703152,0.024345536655194677,101.79938830247207,0.7714686701831508,0.6936120320721392,0.6045145606607861,0.5670813662343569,0.6594571072276659,0.5573850307278173,91.2052786987837
0.05330289945616592,0.07186142502118831,0.17306820960301528,0.09728944364412703,0.06761269838988246,0.4467231071489963,3,Burned,1682.1162076718665,27.960679830191893,2136.8996231517262,22.183226956826257,0.7749404481107842,115.53518062729583,-0.43815484872068133,-0.15451354961257155,-0.21356465783990403,-0.17996578509250766,-0.030462470189964317,-0.7370873217567263,18.187960264425882
0.04788266197455606,0.06210864602088087,0.1314531819144482,0.1007311932880175,0.12972285203703568,0.4638293786057913,3,Burned,3449.489985042025,27.03942272153206,1174.8737150348602,-4.815895685069344,0.36250954852518036,94.99083595754462,-0.006625147740326293,-0.0027741702642809394,-0.003409848269323927,0.1258023370781032,0.35246663439533177,-0.5628932108939773,39.93780097443536
0.054987194410697236,0.05823786941038024,0.2533895357673097,0.08366912747606559,0.16292531842133703,0.40641182372826784,3,Burned,1812.6675995109993,2.025242432914995,446.96827991326643,2.549883452642364,0.39665855220213087,82.01690692416462,-0.21729759162521806,-0.09959252630890385,-0.1480891899959646,0.3214029717612409,0.47334931868100993,-0.42766663722473847,42.218335289850074
0.08225930760949199,0.10246189260883079,0.1300085644425589,0.2394359999606089,0.26085759744526793,0.2437475402819798,2,Diseased,229.1189551548045,38.52148599926723,1364.7449966242175,5.3753168807135605,0.7998575449081955,57.799773992469326,0.3347668394292788,0.22972669220648834,0.22031765903529815,0.042818051575222636,0.4359680799209837,0.03390781334743051,63.16978426006626
0.061538297755894,0.06428271156755817,0.14123598305463217,0.23256828208922176,0.40722966694136903,0.2407201275199942,1,Stressed,1000.3408498270809,2.0881602373122687,1254.319249462449,28.08880771878907,0.17993579157734818,74.26657424616609,0.48497782685004587,0.3708555663390988,0.3805470613425975,0.272994595226266,0.7273339232046876,0.2569790719510953,74.40357432643512
0.06718024205111163,0.07910009584713988,0.13632488197887513,0.19737809435696432,0.22025048477127834,0.2570973339351505,2,Diseased,3428.9009405790634,14.107932287310328,733.3536861566868,12.746617453842127,0.6503269415210357,88.56327537538259,0.23536567094818922,0.13674473516496177,0.14696710599623508,0.05476730044285956,0.4715219991132827,-0.07719077567342018,53.42765870850694
0.057788362651227485,0.07929270754171933,0.11878840843596362,0.16076999304845183,0.3799417086328034,0.17800645006152213,1,Stressed,3463.922794255417,41.6638379379247,2271.518782517064,7.752315799934943,0.3135283288376345,117.97898397197476,0.5236365040382469,0.39347869963446813,0.3922280300534955,0.4053393164036945,0.6546743535660553,0.3619247627317017,76.30810668004833
0.028928076526703123,0.06400309908309673,0.13215374207953198,0.11780054315486368,0.04714549117191407,0.3397223110167016,3,Burned,894.6271962466287,42.738531422828046,2443.1261566455155,9.150924046478515,0.10426846064684414,102.47564395458771,-0.4741138298526104,-0.1309344224092419,-0.18771164200197335,-0.4283525092785707,-0.15166729830610426,-0.7562707742202729,11.465158527327096
0.10063557781202107,0.04078308803060935,0.1487602423029515,0.12823095524566103,0.12256750480669865,0.2588429976341703,2,Diseased,2230.3714898847165,44.63552432141652,413.8438136727791,10.813779920138769,0.6874960489700879,26.050046084065535,-0.0965354144937989,-0.051954784994276845,-0.050936979620187645,-0.02258167857953843,0.5006679825818824,-0.35729348925221033,40.11358107237002
0.08382414160723893,0.10157811438554742,0.11951979899631683,0.22390831070084646,0.35101540032802026,0.21398675367954437,1,Stressed,453.7974906678677,21.43810285257988,2050.6420356863514,25.374063653988983,0.3186641345509361,71.29486281416578,0.4919835896321521,0.40205477089999625,0.3577854761593838,0.22108513699818583,0.5511287111328734,0.24252764923328904,70.38768539884357
0.09015021541973119,0.09411939493397632,0.18368308104033898,0.08668535804641987,0.3053348764703162,0.2371179291050529,2,Diseased,2105.5574200672763,7.984329587145488,1720.5764274713852,28.681755298804823,0.8666041042800707,78.35772637731786,0.24876753721186443,0.17566470374702997,0.1845039212020179,0.5577505791657191,0.5287600893744487,0.1257564628785398,65.98553299088043
0.06486691767200495,0.04680224237160624,0.1950247650172184,0.2019916077901314,0.2645810536808916,0.32062649133542653,2,Diseased,615.5383149052434,21.957501907308774,875.1597679649976,24.54576239090807,0.9190356502319008,142.85056319705302,0.1513390046873424,0.08925584791768672,0.10872634354155548,0.13414726090455853,0.6993914159051572,-0.09577018815652878,55.30949499199228
0.0342246111264435,0.10663681907454567,0.05687692185117782,0.11021664857405453,0.5365747154902434,0.11388644277396985,0,Healthy,2901.583028020771,4.604081628737216,1697.3434602221885,24.457986719663197,0.8490517619209528,69.91395644931362,0.8083182442715313,0.7397484787886675,0.6580507626542776,0.6591894759465426,0.6684237869309435,0.6498286036724334,98.35596021440392
0.052744472169412394,0.09543359855715,0.06966127471375591,0.1608121900589415,0.43382872866183975,0.13283421298027706,0,Healthy,3300.5974590874066,39.26412490364864,583.0150217036439,1.9655288834411424,0.3223517474354619,6.551384039004384,0.7232863498256132,0.6251961295183902,0.5443513872994268,0.4591284007144006,0.639371265075818,0.5311702746920705,82.04268424033675
0.033724124635630806,0.09385526607447997,0.03452167167260089,0.19240161542101578,0.5002478348504535,0.12445798326007676,0,Healthy,770.8564665632927,25.224175496992718,452.694318254494,4.403732511678937,0.23658262435965616,21.445641549358125,0.8708913817786297,0.8005210611873592,0.6751157949783058,0.44444735336801383,0.6840438322958424,0.6015468956436366,89.1385187115906
0.033633847168977646,0.10138531057381688,0.047346398916857456,0.17779120517160124,0.5118135385294507,0.13439655961862748,0,Healthy,1726.9501563629192,18.202765462503987,2485.675965114973,15.86172131953347,0.8928006424077998,101.91469150419483,0.8306516618971398,0.7522280370380764,0.6577861172891526,0.4843677941098564,0.6693232087154201,0.5840468512515724,96.50042499114026
0.05066688832057923,0.0858048475330066,0.16177024389720568,0.17896877528036587,0.30025327780918354,0.17491095740132237,1,Stressed,536.7418949662926,3.578881611636198,1700.0136886090522,17.964809470445882,0.45294698387646126,41.756623333112266,0.29973155999331713,0.18309403567737123,0.21592460477501557,0.25308622425873983,0.5554822205368019,0.2637873570481558,63.37306921383698
0.0850024362427389,0.08617598553696332,0.16120355361566766,0.17711359551215403,0.2311634527151289,0.24123790095240813,2,Diseased,1319.1620233408175,18.23583045674837,857.0897739731138,2.094688070612846,0.7077397235580157,101.45137019945037,0.17830219204888384,0.11205298232620385,0.11759718448658024,0.13238524211391264,0.4568844748951242,-0.021326035469214598,61.06637398700441
0.10867586970376375,0.062250723505156806,0.14058513192441285,0.2142379790853111,0.19202887767565377,0.25204334650373317,2,Diseased,414.82259070973737,38.9786223775549,1290.074702988285,21.119865546128107,0.8271642014106343,116.97004755679387,0.1546649952190729,0.10537685908224345,0.09267874046118836,-0.05466628767126235,0.5103757771527172,-0.1351457357809856,55.753217651996934
0.09090447255786117,0.08231907871021309,0.11031916953535689,0.2480471413368628,0.36134365090063686,0.22278601237289658,1,Stressed,1073.0035424575094,31.65326696147457,2390.194001055249,1.9987243521855378,0.2776866548678225,187.02039100102417,0.5322117096512333,0.4678142647156211,0.387517881978633,0.18591765603908586,0.6289114394306916,0.23720356089983663,76.17558560854735
0.049568664103590926,0.03138481629899327,0.14856479343390538,0.09240196351782894,0.08961513794095906,0.4019344024598737,3,Burned,3467.738101394695,3.710498287993496,1265.1951504509814,4.205372630629498,0.11909742793479017,132.83808524801987,-0.24750050383196287,-0.09158002344426376,-0.11978716608680583,-0.015310788939208423,0.48124246984478886,-0.6353769711806974,29.785804225018147
0.10920969201566055,0.056803214284660695,0.21231847166596296,0.15357846237865674,0.1618085490335719,0.3302163084194657,2,Diseased,347.1907821606261,7.195823987677913,2280.977970405157,5.737843829356372,0.6248275633432858,11.052940913519379,-0.1350074132252585,-0.07810909252217478,-0.08667491255584955,0.026095197633887287,0.4803279034567603,-0.3422748940671538,41.57044212605217
0.045411316108045316,0.07118626111157228,0.04537478616057175,0.14485364229468656,0.5577875518749209,0.09311385752948739,0,Healthy,3034.595487741613,17.653882081837708,2211.380235552616,24.6096995771611,0.5901922557632251,79.24245106554467,0.8495436881683412,0.860069625219879,0.6967416445460433,0.587688150267598,0.7736431517179341,0.7138925811079379,99.1171927427043
0.06997514177804763,0.06302258218485461,0.14878197435475485,0.09479846921090002,0.13794339541150105,0.40507452074282024,3,Burned,455.593506588546,4.56187872086634,1057.1438953998554,20.622936390480913,0.2702000726585758,159.72410930240002,-0.037801254120195485,-0.01799445948373903,-0.020665239527052084,0.1853767237657559,0.3728034485971151,-0.4919379498631924,41.63172786752229
0.04544000238355006,0.0711617996584062,0.13931113796676198,0.19050637493575578,0.26343356242408345,0.257176691925854,2,Diseased,1945.6898726872885,42.0318536396972,1831.2198089696255,13.573990250346348,0.5847067213853422,55.809678918035985,0.3081913213381904,0.1764606162490388,0.20624173649865368,0.16065382197023986,0.5746396358353559,0.01201833872031336,63.53761848367141
0.05146933777685699,0.0763340488714548,0.13572160214100656,0.20538520389083587,0.3468064576135215,0.27247429259447614,2,Diseased,1691.9953150102408,29.353142008389415,1753.0967083217033,23.691225434721332,0.7903572544783429,185.369748942547,0.43745611644913873,0.2972831773638454,0.32225774810472096,0.2561089944319627,0.639202341077801,0.1200298310480039,71.31135024084256
0.09969837573467702,0.06711583499227104,0.10562642388553181,0.16657609085380554,0.2621899886044623,0.2395188399633386,2,Diseased,3274.1303780681283,4.267035058677528,1996.6661153636521,23.45248865675732,0.3500109823441274,108.15708816990936,0.42565680906536896,0.3408859572964871,0.2706163895868236,0.22299780719940293,0.5923798903941627,0.04518785976711458,65.5730074279781
0.04883437898324726,0.09177406556430301,0.1849022892311186,0.16721743289306804,0.16703430363443045,0.3133180483049074,2,Diseased,856.8645455407956,35.46258580712073,1105.044161388468,8.644158358205319,0.2423177189255722,23.027299905330132,-0.05077046675794131,-0.02338508690720153,-0.03146006205729612,-0.0005478782400992535,0.29079521421652543,-0.30453424665152506,39.04419680714267
0.04762926482336936,0.10715552690839687,0.030263173235913987,0.15017690613393891,0.4207372688696117,0.1170867785360513,0,Healthy,792.9506507527959,16.57826678573743,414.920296695892,22.350305062059697,0.7250012136095562,52.125755335154665,0.8657953529996331,0.7840235505459375,0.6158894479532323,0.47390723482197256,0.5940254129795498,0.5645907544528578,95.78903111197074
0.043549177334166425,0.07107861243082332,0.17420613980928235,0.1807578849329517,0.26350700362230417,0.31386944976764264,2,Diseased,2670.7564922738466,11.019179004894937,676.2863304475243,2.218497020058013,0.7858720166817947,181.7283438222892,0.204016861528881,0.1126327335569149,0.14284890345126797,0.18626076234798566,0.5751245008980929,-0.08722635808471609,58.99733756704056
0.05132346506402673,0.058866460021601924,0.13510018569831359,0.11217579543058515,0.05659163435723197,0.4036143902906952,3,Burned,2594.874261231168,25.649322387286098,1656.4181128822702,12.613009748442828,0.9542894378689203,198.3346514790879,-0.40955606359609903,-0.13241299221572472,-0.17025331498012,-0.32935358350660754,-0.019702607076467676,-0.7540595511724376,25.16973390846478
0.05661852826157851,0.11101322790469449,0.10969287022623406,0.2224865161677844,0.40064068525976865,0.16921753997206054,1,Stressed,2507.2998426262357,0.6017459904243588,2005.2204111741778,-0.8615394363965372,0.14758582291747113,173.28809905063392,0.5701130294192155,0.4451032964154019,0.4319580556945756,0.28590336904697516,0.5660612461716196,0.4061065208499808,79.93378505847092
0.06027611738601907,0.09960381743343644,0.21044513840291115,0.19628029039680986,0.24679942226519633,0.30955783616493787,2,Diseased,286.2194833688564,20.942894704691476,1963.3069959783113,9.937806995694029,0.8892641018881947,67.53195350712464,0.07950730570549093,0.0441750446890198,0.056967077656410875,0.11401815358389555,0.42492558877498565,-0.1128023618291644,58.81724988745813
0.04448099363936204,0.09999155354315563,0.06060327204779695,0.16775412513567825,0.5015376274267452,0.11883922944188409,0,Healthy,1057.8669661921986,37.97122468928263,1584.0994872530675,13.212801941851673,0.7650988111899024,154.91970743946922,0.7843840360081763,0.719751898312747,0.6227060149633331,0.4987115051486021,0.6675421241588291,0.6168805099334904,84.24077660738178
0.04084475332544658,0.07429069280424284,0.11408030148643308,0.16975856387377916,0.3715359628234992,0.2011768378328527,1,Stressed,2971.6540869191876,41.762591819350575,486.46792057276343,-2.2028574729375405,0.7018999079308879,48.33439050126986,0.5301627539211166,0.36786061973442974,0.391819313531507,0.37276821632242896,0.6667283339831703,0.2974599516909847,80.90523637420418
0.061048793714922375,0.07802769963367749,0.07982068044823494,0.17248752343369084,0.35833675848166796,0.20158553929606848,1,Stressed,2182.8318008073497,15.41496169873979,338.03497980878745,11.191446660611248,0.31305362919037816,79.9818460523849,0.6356529569761816,0.5047794478122863,0.4453134359554233,0.3501144123931902,0.6423737020996301,0.27995173081730923,81.51658675873092
0.05067913169169336,0.059493718869430084,0.22057781729269635,0.09624010123833558,0.1170005172091326,0.5082035154124562,3,Burned,2187.2432384161993,28.909646467426995,2020.71186610856,17.808469003604657,0.02219295118815412,140.947785077136,-0.30682448021485154,-0.12567779312768174,-0.18549423005647725,0.09735675664598478,0.32582817637071626,-0.6257205192771014,31.7962775258598
0.02314402682615192,0.10059540289896343,0.047296034441966416,0.17244256039669814,0.4457382354428928,0.13247284199223303,0,Healthy,1176.5247978358784,10.20705472659751,1508.628155217698,16.493088216065825,0.5075504941194423,193.93576114098954,0.8081429978742587,0.6401976831135796,0.6018556595757074,0.4420966689106665,0.6317436855508557,0.5417837884089476,92.9911095665574
0.04385632199521848,0.09317079712572401,0.09112196727162489,0.2181657561567293,0.31015211733593967,0.26983416009279776,1,Stressed,1058.571192237928,25.20958819431191,2021.9666260093172,-3.097613923813005,0.2857693764857162,90.64366397237438,0.5458367559922364,0.3583698734728024,0.3645341933848973,0.17411176879172738,0.5379840992173506,0.0695153628922576,71.54472025551281
0.048723662282797495,0.09585682398080823,0.08987661466615332,0.192128656078695,0.3933590907056006,0.21891275863940496,1,Stressed,3323.6311304602405,11.431247676893506,658.1346152546555,-1.6631109932129622,0.2898210189266912,101.68810210150063,0.6280216184062012,0.48411842233337915,0.46298533194255886,0.34369708383337305,0.6081205694918733,0.28491646219510125,83.35482687513097
0.05548128379642196,0.06706532512897827,0.2526734370325049,0.09530068013004307,0.1366441660062271,0.3771838333116515,3,Burned,2601.5924202156,25.71104288823538,1196.330975696516,7.297468608429936,0.9271385771926535,47.93286314545561,-0.2980324217048315,-0.1296952507976558,-0.19570500346296033,0.17824704787544104,0.34155913440222024,-0.4681326493367842,41.62586454313767
0.05895605243314346,0.05925231078435272,0.16572752642062147,0.10021150411058151,0.10234686443070512,0.4680587564662895,3,Burned,618.6581887460638,7.727495278195392,2322.172431571541,24.494000302063696,0.15296889205320918,83.62843483612619,-0.23642937105757858,-0.09576770458491463,-0.12377836428280739,0.01054195010594622,0.26667556268307746,-0.641143551581849,35.1018562379373
0.04538034439928251,0.11441101461391696,0.05739631204986562,0.143129285623486,0.5252748022104138,0.10743124797635734,0,Healthy,3294.4329090744204,42.35546505423345,677.5155807437645,25.441461860857686,0.9342323795905538,17.288628500650653,0.8029889772803408,0.7648572207917991,0.648227997879162,0.5717282671146817,0.642289965429119,0.660407068190103,92.12365097371449
0.02965691948325601,0.07070776704927628,0.07359771934329612,0.15068355431449149,0.5388608268228063,0.07000138551835207,0,Healthy,2121.821500999581,39.911286438328126,435.35918838759756,5.83645043977741,0.50380671001074,172.42424964723355,0.7596646381952544,0.6616293323284398,0.62734441418154,0.5629474729945607,0.7680071722850271,0.770058354912587,92.39354530392269
0.030025333071101407,0.048597931433488416,0.1403873055946677,0.11590710827586154,0.11650789212820398,0.45949782223307495,3,Burned,1300.0958109583908,15.161321225197794,1737.6282443198465,20.161222983450976,0.8382792760609368,9.550244896769076,-0.0929539078526676,-0.03443533480373887,-0.04732375081017863,0.0025849614932269066,0.41131169765325554,-0.5954627108701143,39.47294595214542
0.04235276111588264,0.07039249195211555,0.04646756308172392,0.15601229613529072,0.5643585121254044,0.09836600564634158,0,Healthy,1510.5601731186748,34.949830001622416,1607.9799493678638,15.20867073230751,0.2835875714419104,138.28729399570358,0.8478533605323452,0.8487131646083214,0.6993321762161079,0.5668555772095937,0.7782043812740762,0.7031466121313664,94.49928910573617
0.03317673518208973,0.05858597329174622,0.11289223503821937,0.13292986150967667,0.15282707158382822,0.5076273046483002,3,Burned,2593.8348841636403,4.2976858829487545,2394.467112887013,29.41977905658014,0.6339206640847351,58.27823178356257,0.15028955009097494,0.06313389008558107,0.07823004267761016,0.06962983946689552,0.44576763884116277,-0.5372062635371325,51.24723957946621
0.06595549950023237,0.09744514551511096,0.11295227954439124,0.19491972478935904,0.19340475906279092,0.1822128795701218,1,Stressed,1441.6997505640759,33.31624089174408,2294.2305263207268,-1.6874630698607902,0.5565883957234168,97.84133924646653,0.26261017947577125,0.14612290843422673,0.14965916089658726,-0.0039012880993927824,0.3299282851327017,0.02979593619576386,58.20109820147981
0.05210291291086147,0.06067555484080824,0.17267673844433695,0.11170972464492164,0.1584527966230344,0.44201208769578415,3,Burned,2109.857837091403,12.710660832571687,1948.7468584852563,14.17582597840892,0.9241660894178338,59.903895819452714,-0.04295582207383081,-0.019714497178686518,-0.025670983372663436,0.17301833736430114,0.4462098887110965,-0.4722329211176051,45.51314237771777
0.06833373132975187,0.1036685706685342,0.09651650875557603,0.23816716585316294,0.3691422854432572,0.22055146890951544,1,Stressed,2544.648338939736,6.103879590413804,342.1459233321548,15.738817710493883,0.17929842684242103,83.01378026524635,0.5854625194013764,0.4747135406296211,0.42348152707083847,0.2156645465567133,0.561479724351247,0.251979629964088,78.67541770009801
0.050667484496186126,0.09297867931022274,0.10276446850948606,0.17753933379890133,0.4785160990472299,0.26414523411455626,1,Stressed,844.737491109683,30.518604805662616,1356.8513304944322,5.768399983289063,0.20456988974247958,111.62168785171394,0.6464204121822417,0.54771199141803,0.5212591972013408,0.458767271166316,0.6746123107178104,0.288652246284985,80.08025478435457
0.07840453418949173,0.08562346331286959,0.11526191619454684,0.17956997986464265,0.3018426175644538,0.30150119312775775,2,Diseased,3315.996904600413,21.141306801872517,2271.4242603814855,-3.3566363377985224,0.9489643994535446,129.97421522927795,0.44732358868214983,0.33190433488236926,0.30516810101903247,0.25398719479489273,0.5580337462873414,0.0005658870199488141,71.97979028241741
0.0257626556460094,0.1041070576798528,0.04578847017342845,0.16107752640557663,0.4732485272845813,0.11877904028578185,0,Healthy,1375.3701457368525,23.856282077869977,1254.03239385185,-3.176341250926089,0.09796462078610502,188.3557979043277,0.8235637362442494,0.6873411504124597,0.6292117763869827,0.4921301815393908,0.6393658826974182,0.5987381338780123,90.8138978213146
0.06795206586777808,0.06604885586807384,0.18645427018697774,0.20921989013278458,0.28640399064470357,0.2829435644407791,2,Diseased,1583.936698353817,23.42384028620644,2416.720583148588,10.876631897022335,0.6346824690439964,69.77917584625133,0.211373526959633,0.1318257633267657,0.1541073198241102,0.15573119445642508,0.6252045648228168,0.006077880043984899,54.04925586917998
0.056988727591888166,0.06268120232335428,0.1517533879591532,0.1661419443219891,0.0708506479534046,0.25902493332248067,2,Diseased,2505.097413963808,2.6751591947708793,1735.4735574167614,19.23658263053717,0.060564113215253124,119.04721502988161,-0.36343786867884875,-0.13015613784943547,-0.1679399813702509,-0.4020855311671403,0.061179748511840375,-0.5704401609141795,31.659557567278295
0.04285123438102491,0.06114933911581012,0.17050903730515668,0.11606628447248535,0.09814098360896552,0.4974678580318535,3,Burned,2208.9907949796216,2.312111209170466,540.8056805941471,19.506152503109462,0.07699080812060333,180.8358187056076,-0.2693766810669925,-0.10052174272928864,-0.14122432339616306,-0.08368203463518106,0.2322278060469002,-0.6704515443697626,28.047825288057858
0.06312025262219914,0.06161919367285068,0.16046111620919565,0.09600291875797752,0.084028664521023,0.43966679171435413,3,Burned,1652.3954618992914,27.05253767766436,1420.3985654107037,1.3339447402638456,0.5971487429017218,61.59520255031679,-0.3126202180462895,-0.12144522778335419,-0.15399630587251972,-0.06651196058903752,0.15386061688416064,-0.6790933856079785,33.72303608803233
0.056515750765509826,0.04705007401905123,0.1701525054200034,0.14014814383610671,0.2827145322657074,0.24740122773335918,2,Diseased,2344.1487329926117,28.073908905993747,1830.3576984193246,25.02902493520252,0.5513679621540587,173.6847463194688,0.24855424438790683,0.14970254231239177,0.17719475206812527,0.337145823254962,0.7146444664128397,0.06661432564515184,57.01477293132723
0.074811077175696,0.09734075908407613,0.1217490924029693,0.20273881316526365,0.2745813306334076,0.15111091728547116,1,Stressed,3179.333414987747,2.1228550431801567,443.8117389271655,8.200684908941072,0.5730261987535927,191.7232437960206,0.3856182253266701,0.2646000667598271,0.25576321956297293,0.1505122230779436,0.47655294397392745,0.2900461801949552,65.73271391663081
0.07736261637031701,0.08611186111027375,0.11726301477408278,0.22863883380956918,0.3379315272649317,0.17472553872293822,1,Stressed,2840.935934929881,17.029769934951798,1058.2289705556882,28.752876569034626,0.4736520965499429,170.26127259724817,0.4847784568211078,0.37752347586358603,0.3465291631214765,0.19290223957191563,0.5938535232939551,0.31835313738233684,66.30805082094474
0.08154452634844936,0.09094047454855071,0.09676557993917506,0.22427352465156802,0.34960445049376365,0.1928930732266012,1,Stressed,2920.054732850753,27.57830758021923,1877.5783387187698,-0.8644127951027114,0.7423593405816048,116.12279776161141,0.5664333347940593,0.47936483305524175,0.4007505411502486,0.21839298437359678,0.5871454995172474,0.2888702114320407,76.57253534620635
0.04684825610114776,0.07039369044918553,0.18664125761928685,0.08584404273662566,0.07240059666778911,0.476063551595088,3,Burned,1052.7477482721329,29.550629508888434,645.556997075475,24.275914452241864,0.9921885363648986,145.8125302986925,-0.44101234858661187,-0.15514356480718056,-0.22575960495696248,-0.08495355842635836,0.01405452640002534,-0.7359878468737139,29.418312331594763
0.06794120110688583,0.09161301270080452,0.08660009806243556,0.19521161997437983,0.32687085929717113,0.18748735318574147,1,Stressed,1584.031052682204,37.27240916744482,1066.3477761951497,26.79183536359067,0.2757812463903556,98.80784436745353,0.5811067286515565,0.4493016003926328,0.394545809040718,0.2521809139902245,0.5621670432638183,0.27098527838944014,76.59245272323571
0.044463221475430637,0.09989324717307227,0.051186641697239965,0.14733847115977466,0.5463613242844395,0.12127768451006662,0,Healthy,2027.6031674583953,18.93295276185964,1817.8027094279146,23.793643415030598,0.32343966731494844,121.46488186769832,0.8286777003531869,0.8144282805333308,0.6767467483291114,0.5752096944428989,0.6908547961152371,0.6366968194008598,96.30998944320926
0.08045143068128548,0.09322647203728554,0.12270549463306378,0.19133282357442027,0.40181871212794895,0.19001729905010378,1,Stressed,345.8297032328937,24.671600151613596,2006.1899841010504,23.309439941988938,0.3230495423432147,195.0224430607631,0.5321264654250588,0.4546807331417973,0.40864805281609995,0.3548602209310367,0.6233617530840277,0.3578717845802175,77.99559730793312
0.03193401095692627,0.102552654147879,0.0598724735298341,0.1475982950986251,0.5680450793738526,0.15367496245249967,0,Healthy,2740.314195245171,26.035216902396776,1440.7259464159251,7.645850539173075,0.7632689463058524,53.96850845033127,0.8092982835104499,0.7527257061761174,0.6758108339085394,0.5875087975348944,0.6941455287060456,0.5741424474389571,89.55950521832321
0.027173653497394784,0.09306809387241333,0.044332869746898505,0.17759664659508775,0.4178376515072266,0.131654928813162,0,Healthy,1267.4293005697934,14.042037748514355,2405.086560940021,19.967008735234057,0.34801550112372814,159.5466888954256,0.8081536067364624,0.6309063941517737,0.5822846932447976,0.40347188874252415,0.6356741027383533,0.5208127056403111,85.37104299716232
0.047138201364823995,0.10996530511359898,0.0436903840286787,0.1741904140488577,0.5306172460049225,0.12163060558462978,0,Healthy,1132.567057535347,2.422143109872522,2335.7278893577923,15.277129810395515,0.6767370675826506,103.71546420218664,0.8478502252690823,0.8458154939852232,0.679870705323776,0.5057079357959707,0.656670921788478,0.6270417497783389,98.155909466578
0.030654692642868825,0.049139654469658525,0.19185519428446457,0.11307972464470231,0.12930892451286138,0.3598235347651656,3,Burned,1055.6636308752832,0.1901666792297091,1341.5615185971274,9.856769600092644,0.44588755701192884,39.490284419215165,-0.1947486165588364,-0.07625622724026933,-0.1142517084797802,0.06695527721703082,0.4492569568653519,-0.47127235407731194,43.5221098202082
0.05575325871174583,0.08581466355733645,0.10880557147238822,0.2393092610433954,0.18979123542975498,0.3315962210704668,2,Diseased,1135.1515758862124,37.62564372533362,652.6037022449093,29.758909361878793,0.6078046670230125,130.48939923736657,0.27122078794265103,0.14213245346176098,0.15211492628693463,-0.11539959721939606,0.3772653941076731,-0.2719762072390582,54.130099841155975
0.05240980742682115,0.07290824905497284,0.18670204556663242,0.1618609879037266,0.16469627551307808,0.3105921708690636,2,Diseased,1315.4489461208464,9.010432013507387,2000.4494405447085,5.165915135079198,0.8290153728048992,159.52324677433995,-0.06262343360009467,-0.029079927710656282,-0.0387699316235107,0.008682359390392845,0.38630587006670436,-0.3069628420318339,47.65648831187941
0.03178802358038914,0.10158809711374141,0.11547782361819732,0.14783553612437206,0.373622550717765,0.1608730320322027,1,Stressed,2195.921041651325,28.3614598871611,834.9070658649168,9.460040776572445,0.5140586875542057,115.90738476805703,0.5277949790410479,0.35302725036085125,0.3914841170639234,0.4329916746153168,0.5724502367968309,0.39803792878996586,77.6461489638242
0.11563265754552124,0.032556089438729716,0.16966291878329576,0.16294673748846758,0.23869159537758616,0.25226783091198307,2,Diseased,2125.7655622702086,25.96713653897638,2154.206881998031,26.60013630683411,0.47517320084670556,168.29939619337355,0.16904104769289824,0.12420374797288079,0.1139896506676029,0.1885897082151329,0.7599530240374862,-0.027652458698012694,61.00817189051235
0.04241644521676751,0.1139895826448668,0.060571892702413664,0.15954821146872175,0.5479255626890053,0.11935217446437124,0,Healthy,1043.8487868861887,17.983488453323353,1591.7175505412163,5.115289768369594,0.266974583605303,76.34437974696253,0.800913229232761,0.7647241325965602,0.6594787338749168,0.5489635940116999,0.6555764383809278,0.6422713630912147,94.42790154106137
0.03731986083156003,0.061757004561648496,0.189692497738137,0.10342481649201143,0.05884673326627096,0.29170331542253347,3,Burned,881.2001126915848,37.50719889152852,1167.0046140750424,0.3438399744988221,0.5159045818197838,183.1848183025513,-0.5264591778066363,-0.17062956441795818,-0.26220221460192394,-0.2747128535163118,-0.024130852878054703,-0.6642605710215482,17.853964090936792
0.0759502214237111,0.069285702544612,0.14902724913034457,0.17802590036783447,0.2746582665418007,0.2815932707289254,2,Diseased,2926.9820272354773,31.428071806202055,1524.0433888815971,5.849991238431977,0.2624122729096039,131.4224194973338,0.2965194933486386,0.1963972634969856,0.20401589164240275,0.2134653056213537,0.5971105077713565,-0.012467388578335905,65.08556956313824
0.022503239803694248,0.0728992969861824,0.17051625384094538,0.07154742702500502,0.09242277886026394,0.4726528112139512,3,Burned,505.98701433200955,1.0233658547627822,1472.17929060744,21.575908698562685,0.8435702057179587,161.61606836165478,-0.2970022031662408,-0.10028719006487676,-0.15353810188594305,0.12731185186622881,0.11809360965972353,-0.6728834731206745,31.431510681554727
0.03386023198607103,0.10725973440927292,0.05378639323838036,0.18438218140045856,0.4870636806806281,0.14208366764339386,0,Healthy,1892.3153759630607,34.95123330105081,2334.4122609798187,25.094890339579308,0.38886402686158383,58.23209934737005,0.8011042252276517,0.6962155265220861,0.6244087800966575,0.45079061748050536,0.6390526273028926,0.5483294310512918,85.76581517382559
0.05523140177057306,0.09832718522917246,0.06787486363409237,0.16831265022004413,0.35761501862736594,0.24211868160650038,1,Stressed,1917.850884824611,22.814946810079302,771.5987094754382,-0.9944254332173612,0.12910763183495388,91.99502082106875,0.680956610868753,0.5363060839816671,0.46960019350176696,0.3599399233411425,0.5686857358634007,0.19257936489150781,79.77768237776702
0.08773518108809478,0.061979319414900966,0.16612781719152803,0.18201543328961942,0.15155592338279056,0.2679953962805995,2,Diseased,2094.6514624783513,15.615868008728109,2341.9485956136878,16.75994383761893,0.23996752792636,182.37539528932834,-0.04586918211080657,-0.02444441726551065,-0.026731411377263953,-0.09131332287504818,0.41949328176156764,-0.2775333187270063,39.33565230350743
0.046994921155148604,0.09066325504350274,0.09373692122183439,0.20955077679724202,0.389863628058464,0.15732174204570143,1,Stressed,3122.645382493548,32.70980954302551,368.9502912116821,14.855041695816002,0.5345814674672562,14.924632347866902,0.6123373953027056,0.4627490968012812,0.4515959817875243,0.30081500676727596,0.6226506306099118,0.4249782513715818,75.0963563166755
0.06178838791691088,0.0778631102258844,0.10331030924033525,0.19586353433173292,0.3508375354535871,0.19399361571132503,1,Stressed,2258.9160023127333,30.872953334082123,1992.2472193727685,18.407922492967778,0.9162875158297524,83.77643414482021,0.5450366519513241,0.410551059148416,0.38913344246734466,0.2834711816971529,0.6367483268600334,0.28787619160202144,77.69970752023896
0.05451178849021064,0.09608757312393126,0.029552717369951794,0.14227108475547165,0.4394613211237446,0.10819779095685123,0,Healthy,3412.991428618477,13.976470704102708,2323.2698875654432,18.48697298943786,0.30056149857477965,157.16213832049797,0.8739793724095708,0.8483634697864729,0.6345242430555835,0.5108710263620203,0.6411622641300615,0.6048717474263913,92.97431100260006
0.05142826171204894,0.09101506887094064,0.11557659434242064,0.2022478123569868,0.5089932244411757,0.23137491775282093,1,Stressed,3075.465175050801,44.236749217404665,1166.9148201703651,28.58136145932849,0.2643862040993116,150.04386458471038,0.6299001520213807,0.5413769288723848,0.5247561601278669,0.4312819310205499,0.6966206188530166,0.374973323562966,77.96513571848
0.035593475784302574,0.06838465918578396,0.03774608200530892,0.1824594689725876,0.5471477878054831,0.11719432424518803,0,Healthy,908.6428563077981,29.1918819020289,460.747811389588,7.128522294935875,0.40655983481013536,171.06645200002643,0.8709301351639396,0.8452425160052628,0.7043108758559157,0.49984194982507635,0.7778032225301348,0.6471868172879475,97.18744617646429
0.057507632370754014,0.08957973322656383,0.11820202989879543,0.23117760828902184,0.357567346682837,0.19909445428562444,1,Stressed,995.9049237434938,27.260087060425214,2070.2685692861623,5.491842260752257,0.9677544782921464,149.18111526235495,0.5031120612947872,0.3658963190103895,0.36796396783250035,0.21467655082172366,0.5993276474427504,0.28468432587733433,78.79732357962314
0.06021845063762153,0.11151355184341322,0.13086261747394376,0.1683994907253515,0.2922745850234531,0.23487157177177,2,Diseased,1337.754648520063,3.144616356679743,2154.302682521817,15.342885003763882,0.8452196744613539,189.68296908795622,0.3814648364223044,0.24820209145267405,0.26227731700821966,0.26889963670682343,0.44766304950412256,0.10889392139691313,70.02435411506144
0.06628086645627904,0.045944427762133803,0.1355139978604575,0.17947698309152973,0.295800330851896,0.2871060550648521,2,Diseased,1491.9975697644334,12.569345115513185,1039.7662535745976,10.029646073353161,0.14966795107469155,102.16061329325893,0.371623010424271,0.24861728776843628,0.25816149230514207,0.2447483645868464,0.731118442874987,0.014915389242504792,68.09216010589658
0.05572892037259291,0.05117298400531893,0.13841388465936508,0.1788071330571548,0.25281857177796985,0.2633802934304322,2,Diseased,2024.8838970153952,20.113830104689868,1440.9052285089936,11.581399530940239,0.6137532871002641,126.73651818639173,0.292421250619622,0.1717442556840162,0.1925502460249223,0.17147133772853745,0.6633262579278306,-0.02046056696306885,58.15797438547769
0.08823262320306074,0.09289772369719797,0.10567812002350947,0.16438030672813178,0.3597641049244852,0.17061817499291693,1,Stressed,967.2916885579182,28.378156693935434,2080.831949622329,-2.5753052273427524,0.7918642033440346,170.3026229192442,0.5459022964028298,0.4768565481096049,0.3947713944501235,0.3727671041128553,0.5895491036749921,0.3566218810983008,82.18536730910766
0.047658744627170874,0.042653885030628044,0.14695134511277214,0.09343860753148804,0.10308069312863398,0.4758709875623538,3,Burned,933.7390976754267,23.074363382867,722.494549950263,0.18847619337575416,0.7680103413702376,141.8297352219877,-0.17546011518403837,-0.06739592098043973,-0.0877375548558251,0.04906431619751516,0.4146360096202431,-0.6439057013354409,39.42207177685665
0.04032107673970935,0.11153854312055693,0.06501235863827211,0.160850308870711,0.44002455862211215,0.09821483759723396,0,Healthy,1458.5868593146627,34.336482006212606,1683.746664060794,27.738122780750167,0.4888454917546158,24.90106018036549,0.7425441185422333,0.6136913275518295,0.5596991361393264,0.46461295056346497,0.5955547216776342,0.6350514605123172,85.400107283812
0.05745420305369432,0.12309787960710603,0.11170495062717713,0.19291459093302052,0.26447659752133623,0.15953973030878127,1,Stressed,2417.6762736020814,11.815547061055586,1247.387450934802,-2.609799191545739,0.7318313856740422,76.56430825598437,0.40611147352908283,0.25397604134949997,0.2615410792547135,0.15645689473287255,0.36477818486379693,0.24748307517951823,66.47121658617891
0.04268913447678601,0.1183259299932639,0.05401928283078813,0.21542052244429177,0.49108242827445486,0.14837812097390607,0,Healthy,2470.8145232174215,31.597064787711794,683.7146549593798,15.655095743821729,0.5835866105929837,112.75520567471506,0.8018010740407895,0.7308603415660864,0.6273023045758442,0.39017799097363154,0.6116694776292201,0.5359272004255784,88.30398951990661
0.0662068847578532,0.08214340832188147,0.10128273604756308,0.20566132890233654,0.32282748363482877,0.19310002411916655,1,Stressed,3421.185242132956,36.746867110102315,2129.168455952111,21.410126015626158,0.2014449828522027,152.16992105300594,0.522375392249266,0.3862430807897837,0.3596076644396771,0.22170034584648696,0.5943243678743997,0.2514451256261909,69.32369219349715
0.04811615872735617,0.061796466807800536,0.19997499293420146,0.09834205953036894,0.08490992461843737,0.478530139989113,3,Burned,867.9709319419864,34.4272489012329,1014.2978308398388,-4.584776504571037,0.05605364063650864,110.99567591962179,-0.4039001617398774,-0.1495214720711158,-0.21990179249820124,-0.07329871074158277,0.15754907479110913,-0.6986017379840112,20.578133921452554
0.05651596005113647,0.09633433528688039,0.08652296623638879,0.17887520187276454,0.40736888408999045,0.17728911302448602,1,Stressed,1496.4352011280364,34.6880963064615,2355.737454441036,2.7961851776684687,0.3694996800503372,156.62210206983943,0.6496278712541985,0.5338047707940298,0.48422660048987726,0.38975860702184784,0.6174956416060496,0.39352881217011126,83.96815382845053
0.04575537290218103,0.054146214980269565,0.1803754127826459,0.08979084265943044,0.10839460795057372,0.4185040491147193,3,Burned,3383.435743198899,39.982817576797444,1551.6545136035643,8.197521079728537,0.06193900194753987,168.33384791026705,-0.24926688080928905,-0.09740394318724434,-0.13688553449189889,0.09387048491792435,0.33375239927179023,-0.5885561314690457,35.878144667235524
0.061135699319352504,0.10602693100866448,0.09477471217917492,0.24294431341782252,0.28322715748200633,0.20615693275108934,1,Stressed,2477.028850796322,3.7880344116220277,1431.9219590464245,12.738610647403398,0.3950134039208921,56.700012707560305,0.49854896349126393,0.33812646581986866,0.3219567913263831,0.07655839498426321,0.4552302137869174,0.15748412074321197,72.28866578540391
0.016965833301615968,0.10219939286211399,0.10368180345774304,0.1852445798106242,0.1979425821863771,0.2418985333481726,2,Diseased,2154.5191319126634,31.373620711834636,1231.2730772825898,6.955835316448114,0.8288790015707599,125.13914376661212,0.3125104603271223,0.13920923074411515,0.17638081982190754,0.03313785873774568,0.3189929902968916,-0.09993597371863482,62.20280966388476
0.06009025020654107,0.09147002871149074,0.10037982373280217,0.22725760404839443,0.24212214128490223,0.15795646556827464,1,Stressed,1980.8319696244448,43.590519050240744,1181.475957683872,17.714974035216752,0.8442941484035814,113.63652360875268,0.4138437962139435,0.2542510128792014,0.2523596177014092,0.03166846688126292,0.45160564787532026,0.21037284216445687,66.46234101304088
0.06672486098959739,0.12506767678758246,0.09930641499962821,0.2087039998126627,0.35161577355937873,0.22439107210662868,1,Stressed,449.1842544496466,25.814279244354218,2099.5258046416284,2.923913103774943,0.034073921340017854,49.32686426769922,0.5595407796867062,0.4359126676712977,0.3979968481260995,0.2550539495262215,0.47525898340777306,0.22087358891874054,76.25966809109741
0.06078879039029739,0.056292896155268946,0.2066507257450395,0.12963471189084255,0.17693539954878273,0.5393833351326224,3,Burned,3148.133569092504,9.779234039297668,1790.5018688694772,-4.108097224984335,0.06953546750949413,100.52622740118213,-0.07746715395095082,-0.037884345186349484,-0.05044555082291229,0.15428994657346407,0.51727213396902,-0.5059869482335612,48.60992310456369
0.06198519836516694,0.05095192496785578,0.20370226648416692,0.10959678073804434,0.09635204228960373,0.4224073310557787,3,Burned,2264.1672108698554,44.943921259839584,2002.1182884715295,-4.945013221361105,0.6698670875912447,111.9708154908999,-0.3577693020159497,-0.14478013656711256,-0.2012680045757962,-0.064310820574849,0.30820700273691276,-0.628528946625515,30.55338878296899
0.07747961303320765,0.08432941062402785,0.06228854191113059,0.2538269533798576,0.4185372253737489,0.20346648569493395,1,Stressed,2086.5024461625126,7.860478176966551,1226.385151144659,7.092920418237197,0.49999869494219984,164.3812756651436,0.7409101181602171,0.7353391243204811,0.5448195159319508,0.24497180954747533,0.6646052535192375,0.3457708248260888,85.0949374072217
0.04829611576643889,0.058304492842995555,0.13734713792858652,0.12746349835777296,0.08693783117717832,0.47525274118034216,3,Burned,1980.3511329620806,15.100096381868669,875.161894346018,7.65819797179865,0.14935839273039087,94.89292805524465,-0.22475560758635094,-0.08136833878581552,-0.10439807853045457,-0.18901778910755465,0.19714182182039056,-0.690717564806552,31.60244560399363
0.08471090996404994,0.0948613383348007,0.09205033330141138,0.15503314161169574,0.35211906143480626,0.20569509183057433,1,Stressed,1493.3168841596687,7.742798478772551,491.10348076200034,28.201144108529036,0.8055296177320932,20.77861658281014,0.5855169792431875,0.5123137101035063,0.41317065586241847,0.3886129543617691,0.5755458572168908,0.26249596953057386,74.18096897159579
0.04243981446304268,0.10713526314927926,0.17154396235508418,0.10927537623038051,0.1912373197486425,0.22083469783432955,2,Diseased,1040.3934814909462,20.90307909375307,2008.6431779648983,-3.4326750617917297,0.2164961627064219,100.02271185528039,0.05428437965849568,0.02588230937704616,0.034238150920391154,0.27274035968377075,0.28186924201894087,-0.07182573944485353,48.64565785374734
0.028653063325231442,0.07841255614426904,0.1369733337762719,0.1052685052330432,0.13045995473145558,0.4856781735002447,3,Burned,2692.562551603798,18.849420432493122,1213.608147138949,13.552277104731338,0.07814925469571077,168.40043415340438,-0.02435515353234192,-0.00937229707505981,-0.012730837437237054,0.10686638530427095,0.24918260367123068,-0.5765236668975819,43.37176153483778
0.0646443012286375,0.07801791382660526,0.10112411306178304,0.19976821156682956,0.3331937698686828,0.24323230334720053,1,Stressed,1881.572808613485,22.105840342975775,1420.2919026127026,15.22346599923462,0.7495071381000086,116.3948132038714,0.5343313286981112,0.398716012897311,0.37257606628781154,0.25034723009510806,0.6205462051649858,0.15606765401660333,73.19701288916252
0.03378762640039211,0.06510034122548718,0.17978984035456416,0.23642628921023548,0.3115559278948136,0.21744785999177318,2,Diseased,312.00045655442705,41.75925300249433,1332.5551174334998,19.474625416420185,0.608125974631964,67.1787194019325,0.2681738469591019,0.15415653625916745,0.19937456298992234,0.1371023273537221,0.6543249119460733,0.17789677177935173,63.58929131585045
0.06884320329053403,0.0847271289728506,0.09437260016188599,0.21099010906802185,0.25707560311295097,0.18686613504884403,1,Stressed,1517.0118492481388,21.524597362540128,1248.5032840123285,17.35571100492312,0.3944427387313236,184.58933485693038,0.4629501497104758,0.31121766967184705,0.286634584019991,0.09845945101510903,0.504233737530509,0.15815018153804952,66.84531495076553
0.03380334065871386,0.1096683761797597,0.042378040689627514,0.12615036146435044,0.49799379710983355,0.12784997874003226,0,Healthy,3264.3920061353474,23.158184679613985,1804.5790695492694,-4.715117719662,0.6927262037835346,35.35202000208204,0.8431522816660331,0.7599995154967198,0.6569032371222369,0.5957652964938129,0.639048194225063,0.5914316427495779,100.0
0.04471136293399929,0.08680536358948741,0.04829590342765018,0.13621309495565317,0.5357769025851999,0.10584953407992108,0,Healthy,1433.8520530848475,39.900694766331064,1639.2150546689388,17.11501856931541,0.9113806886912028,68.74114223619394,0.8346236732695751,0.8178019758185346,0.6745132687910302,0.5945978409586032,0.7211441060518364,0.670058677817667,98.5342066035257
0.042737032362216494,0.09373400865594987,0.09506352408976829,0.17256334859618236,0.37261270613510966,0.1782254991580033,1,Stressed,1563.6689261543931,36.79910973066745,2438.518357017472,6.2835778894906245,0.034182442766647725,90.2412646727681,0.5934643631070169,0.42766560573051193,0.4302304384070263,0.3669444982650296,0.5980071964783449,0.35289346595836446,78.15587793021437
0.05617281580492259,0.04735569638822786,0.15733377843778415,0.10162775672850156,0.10718750932436566,0.5531244095849467,3,Burned,2259.0717060816173,10.78749140514499,605.5885968283096,22.050413647173066,0.6276794376753354,148.9056881455459,-0.1895736545134775,-0.07691645425446252,-0.09838758434893104,0.026625219672417523,0.3871526333929014,-0.6753427898798816,35.71562237903087
0.03466547652835276,0.11010691590501637,0.05013236672801671,0.15837595656401093,0.46866842202437337,0.11771089979363383,0,Healthy,2845.5268525924116,0.5816679852982592,1561.742489111977,1.5927885147494685,0.2181672970155598,167.97062446452338,0.8067374921219287,0.6931830761550144,0.6162186795626147,0.4948492819765111,0.6195175855401175,0.5985161877084458,87.76353433068509
0.05868184886376569,0.10269456093461594,0.10975982741609175,0.20902143625453187,0.3830637554441522,0.18356709114959383,1,Stressed,2405.92168842555,28.3274816490923,439.12835948509075,20.067197819201276,0.47413775994138385,16.419292867813894,0.5545674598122672,0.42663505376607436,0.4129191681082448,0.293948098500512,0.5771783606873668,0.3520751861164354,70.27121515952491
0.025004324440967854,0.06735828354382178,0.13246639625590395,0.17558135059396326,0.15932663881024572,0.26514295489221446,2,Diseased,3005.1806127057234,38.0182420726884,2077.4205211580397,16.892336679117133,0.4239811288833696,159.44698499040095,0.09205237413473148,0.03801137095812243,0.05088496808928983,-0.048534856774499785,0.40571005011826367,-0.24929067984840356,56.89856456491111
0.03588361677783791,0.11290794561942169,0.05735733360280164,0.15794468105957984,0.4657708155586072,0.1301930152641256,0,Healthy,576.1029372343044,24.878255067468004,1655.8849331524048,17.830180986461624,0.38997966783452975,145.50304097387934,0.7807140082279368,0.6626699473265878,0.5987717349465126,0.4935361254172984,0.6097733103650147,0.5630841626753961,90.21423187082395
0.04609282051403795,0.09232470793106626,0.15870507539862047,0.19741867858340956,0.3138682276491507,0.2765962011830034,2,Diseased,3251.1554259515415,9.502961400578032,1242.4333951835833,1.1581690480643996,0.19035610024746197,179.4571994383042,0.32833667912780595,0.20199300579804996,0.23930815831912847,0.22775773321915735,0.5454144936013738,0.0631232365828254,66.22104759700636
0.07410434197325383,0.09478642251035362,0.07842085625902732,0.16680252518636368,0.26091337504494494,0.19422420291430229,1,Stressed,3182.9423769575737,33.36097908038881,2064.918440216681,18.42109004663618,0.8026499364449822,180.58638321098073,0.5377957676320752,0.3880653127626318,0.3261379849743786,0.22003121138908802,0.46704257074630134,0.14652530112853251,70.82998328457008
0.055553602285085754,0.04830389997521172,0.14831203775127996,0.08126804364779502,0.1431800731363413,0.43097822281261,3,Burned,1913.1903357324397,30.129267717507147,1301.0057386814722,20.79424430246702,0.37952058492770024,156.61748393878744,-0.017605843339131608,-0.007937335570174073,-0.009725866776507037,0.2758411503611717,0.4954783769348346,-0.5012522621276108,48.12446107503469
0.09649911358763262,0.033458004061093796,0.14336148813426908,0.13865695975397926,0.2400880504521738,0.24498796759350738,2,Diseased,2261.6493846977637,25.42646418338488,801.1294096895838,12.129359143323196,0.8871962609364799,42.08952343141897,0.2522536867613477,0.17567309123082864,0.16423104602748062,0.26780838106593463,0.7553756869386729,-0.010101338466621044,65.02401168987815
0.06911127664591292,0.042776126309888876,0.15820684905202576,0.1658699921625225,0.24424993002142859,0.30602957710628914,2,Diseased,902.2830656646257,38.85012783094427,1339.5016744427412,6.912798904564083,0.35466827294649084,66.20494379792989,0.21379458194131418,0.12841051425673666,0.14301473823097272,0.19111467575233662,0.7019355638556403,-0.11226957421081281,56.316017330174226
0.05362642639803341,0.12338224371698629,0.03641736605141211,0.18900277968350038,0.5049457739381555,0.11498562174555449,0,Healthy,1678.2265453385835,35.290905882256475,455.8299526021462,0.8294197250861561,0.8397133446791534,187.5823412754571,0.8654604730591142,0.8865237008135526,0.6748775504848197,0.4552830149338111,0.6072680406206399,0.6290375816055354,100.0
0.07298952957625729,0.10888672274002104,0.06743915572097578,0.2207167195482276,0.4067266224348609,0.19727105315626015,1,Stressed,868.9210910353808,30.057844114025116,2275.2944412066527,5.14861837887592,0.5444663315246878,121.64379347150228,0.7155460709923187,0.6710908769974522,0.5224277081566061,0.29645688698227984,0.5776419417876031,0.34678207263925287,89.87533178097888
0.053093915701569454,0.046980654298364954,0.202657553279283,0.10023859066393134,0.10494062859459155,0.41080842562625086,3,Burned,272.5230405053644,29.914140106044826,1908.1084244158144,21.733992685838235,0.38562523485979217,110.05834320591111,-0.31767717517910066,-0.12705812180118561,-0.1814954373373936,0.02291673454302583,0.3815131716728155,-0.5930554571024632,32.78333312545904
0.029594139474875672,0.08685835113658064,0.04159050861329542,0.1366325063340093,0.5503195238809875,0.10931058756574798,0,Healthy,3436.9801248192734,29.79911854342237,1972.694729673061,9.329025359118951,0.704032214597996,183.5633408085797,0.8594701538158237,0.8060189284549709,0.6988611636526219,0.6022065491173236,0.7273654400789952,0.6685700394457359,100.0
0.05981479749308116,0.07727418286628102,0.19053929027963754,0.10026107851350881,0.092547303760869,0.3601112769350806,3,Burned,1055.1835018436768,23.63241352124538,2223.885268840573,19.594963469764014,0.7866546246034223,175.4687219494346,-0.3461555054888679,-0.1370768768312472,-0.18770335109774086,-0.040007463687901326,0.0899363225382517,-0.5910944333627683,34.95223245154149
0.06317414599192575,0.08857552034110992,0.09303660418326651,0.23173504304386722,0.38828477629460545,0.17507906790194683,1,Stressed,2157.257419362856,20.876474008973116,2041.459695393184,20.903196374947036,0.4826907902744818,146.86174989669428,0.6134116994430824,0.5012027392380203,0.4513019510879548,0.25249149437328194,0.6285053542576575,0.378451167579298,80.87444650736893
0.0958112752464235,0.07438533198298576,0.13431056896972426,0.15983052401038755,0.1475147376752005,0.2773781383286815,2,Diseased,1190.826265674948,31.932020677442384,1250.0756985575676,18.595957844350135,0.4254204283835368,177.039199311111,0.046852315692107765,0.026733554368928568,0.025333348302418325,-0.04007150091375409,0.32956006958115075,-0.3056379735486899,47.45993226391639
0.07821965153801752,0.11099781132258252,0.1279143710978091,0.22409171293525634,0.2411970021922848,0.30307541242394603,2,Diseased,1423.051346694435,27.4722516661604,561.0000833559892,18.573844828903198,0.5774189703723221,27.197820553119374,0.3069063600388722,0.19915572261366143,0.19551457949895007,0.036762741784339796,0.36967945630298604,-0.11369014381959919,58.171008224155656
0.07329590939351928,0.08501747205241492,0.1152822881100358,0.20817000203384986,0.4066157971273673,0.13930744240900825,1,Stressed,1512.6131433215069,22.04912530352444,1121.402515958096,16.378287151411804,0.5851633785057182,152.72107348698208,0.5582191459901927,0.47032053110655414,0.42763585289243067,0.3227885096506487,0.6541427089953955,0.48964456990130056,78.82333666220678
0.06736150063490728,0.1305597766091908,0.13375106078973278,0.14441606554805164,0.3791762545916671,0.18317212997362886,1,Stressed,1305.6542133717005,5.6997609259968725,2354.986371635389,13.144769254979973,0.4254792158546874,193.29983942838925,0.47847946806000685,0.36598476646393463,0.36343949015718935,0.4483644536599123,0.4877357257234058,0.3485457174098496,70.63203186098244
0.08565117651430319,0.07128539823666522,0.17630187215059356,0.1624255917949235,0.28681513096068256,0.2726835683924917,2,Diseased,2303.419205821788,31.58679548939245,2387.9990807090353,1.923584040459442,0.7576628784426377,14.550474494873857,0.23862923555247423,0.16230539356691046,0.1721181185239647,0.2768883809862115,0.6018693331406568,0.02525754274666352,62.713387550813856
0.0158721966907051,0.09660318123183793,0.05272955754863389,0.16809837037387768,0.6143725000326574,0.10691452628031337,0,Healthy,3371.0896926124,29.06993567600844,1989.3159041523502,24.498118542264756,0.3997214477538079,48.49390209917367,0.8419145581730388,0.77501841444169,0.7218429622629008,0.5703396009151378,0.7282517885807719,0.7035451189395214,96.73114629369383
0.0519820600939085,0.0820187358347031,0.14840323537188768,0.20274239960820273,0.16981539472888113,0.24851529459171579,2,Diseased,1614.494345020569,15.40117916880766,749.7472827570525,28.749246037065838,0.45299834288249274,159.82383582875667,0.0672875710555892,0.03204704269240232,0.03925385888487533,-0.08838092906927757,0.34862889796314467,-0.18812843520843603,45.33555038701957
0.05610936995011895,0.11120908076715183,0.0490016541950455,0.17324926009363992,0.42462594001106124,0.1267792379848223,0,Healthy,3411.978189379075,16.034542479678453,727.7896886211533,11.326942296005821,0.6053182242795124,106.4091970639772,0.7930793781448532,0.7235702160908976,0.5786980836307,0.4204500799981315,0.5849129699279317,0.5401594118270474,92.93890188212859
0.08047901908385342,0.10267578545128024,0.2005527237713369,0.16048738641980415,0.2799181520351107,0.2845647028455446,2,Diseased,2403.7308832377844,11.102507286086352,2235.497323937585,27.663356455962955,0.9868489019306647,21.89057913554596,0.16518259609125474,0.10555924227899577,0.12141935484167118,0.27118360800473185,0.4632649516499083,-0.008231517906954085,59.619814763946835
0.08457428468148692,0.12213769466556293,0.1511577491198535,0.16642143181038166,0.25534073522074135,0.22949301951926712,2,Diseased,2203.54944356933,43.286186536425845,612.2150306244745,29.929808820314918,0.260686111014103,57.251815685424134,0.256293658036518,0.17045867575704948,0.17239353416136555,0.2108280643757159,0.3528758903297865,0.053312532214696395,54.847142882057234
0.06549327952607004,0.10086115107157237,0.055718591826367105,0.16409295664441295,0.5157671008893289,0.11283891441578629,0,Healthy,982.4427109364459,38.70906132909252,1585.1024501314762,12.016856940503722,0.23195279991152484,68.1916219849163,0.8050044067188636,0.8463750027064817,0.6440335711857315,0.5172743054620753,0.6728623636197599,0.6409868347634239,89.84858709418398
0.0383517190353896,0.05537660294478713,0.2129755198135593,0.07265772231931535,0.04648825335716335,0.5431420203997483,3,Burned,407.6383294679567,25.247206323549754,1132.153701013949,20.35243808124888,0.1768872665129827,67.60723075996,-0.6416589800004967,-0.20435874357374773,-0.32882529123637744,-0.21964205351585142,-0.08725628286083158,-0.842313871462107,11.414569383168832
0.07800459387388982,0.09591356474163046,0.1156425647818948,0.17099619436501898,0.3826841354405659,0.21079476998860672,1,Stressed,3011.384741963035,18.074391595133143,964.4242175145883,17.53266183876829,0.6894442143081335,176.1461861464222,0.535876494638346,0.4476041922779583,0.4012337362973568,0.38232880212051124,0.5991891824759573,0.28963011319055515,76.72043745059004
0.07008755386185139,0.059743609396523255,0.19189460452232754,0.08920945060459211,0.051407959185647806,0.4752846544229124,3,Burned,2094.1375110160875,33.15713686633905,1790.240456489357,3.304268560026152,0.4490946374184077,134.09710918481807,-0.5774153688374019,-0.20941663973359623,-0.2835049621230157,-0.2688250963168936,-0.07499353870816283,-0.8047895038535628,17.422429770815512
0.035947307345506684,0.08324008596923088,0.037704926026404025,0.1307800731615136,0.4456732486882854,0.11092484530474507,0,Healthy,1567.5657460021102,23.747767925669873,2411.051968634263,-3.3518694685988426,0.38860634007427475,148.30886928195733,0.8439940724728441,0.7273210113395221,0.6222961760844529,0.5462596157026298,0.6852411011745948,0.601418511816799,86.8865815604447
0.020631619593798146,0.10621924427540055,0.053571286762713215,0.17815517610508397,0.5509405621603372,0.09327876489889188,0,Healthy,2879.492162891995,43.913296526180126,2010.7942241286569,10.86743589110599,0.20409037414886866,7.646167333267562,0.8227618169206754,0.7239174671155244,0.6754603013713883,0.5112982580712346,0.6767323667125422,0.710413008325095,94.67365559387208
0.06434038735435667,0.07920777681032179,0.07063472480262306,0.21694130009639484,0.3760360449350869,0.20408774918760478,1,Stressed,1224.915262505152,2.4805176264969555,1369.5577048234188,22.552174908869528,0.8911383774033383,88.3648405772842,0.6837280027849569,0.5796008712927784,0.48390843998123634,0.26829817949834794,0.652020406266073,0.29639931084626964,87.46328727833995
0.03689516023804056,0.10867992450722751,0.060915836193774726,0.17458649862630826,0.4530727726345384,0.12155281153054338,0,Healthy,2785.936944682808,1.5428580324063805,1269.565318044876,6.379713194139393,0.4431730352223858,66.97502247277774,0.7629681321246439,0.635852862061371,0.5801203225938226,0.4436902031446182,0.6130684262824543,0.5769321180092685,86.31629869542537
0.05466452526643448,0.07958604356627896,0.09535265521246458,0.20063595930537098,0.39342361607505977,0.23598663409477483,1,Stressed,1282.28065683913,25.5874958088018,2296.861214309251,22.455355241761453,0.607693311486329,171.12545343683388,0.6098310664286386,0.47904259648759373,0.45218160038355487,0.324525790870337,0.6634908177389889,0.250134120689109,80.79969494575299
0.058467054155326145,0.06846303053703374,0.1268480489912377,0.1726334950439794,0.2113746631700616,0.30157754082546595,2,Diseased,3238.90791513374,9.147565021000803,1571.8356166422586,17.918058868703444,0.11252957829252841,191.00458251437107,0.24991406147607356,0.1377588249043712,0.15126042031086537,0.1008863126694961,0.5106947017497425,-0.17585044999180144,53.52435129436421
0.03713777050159331,0.10131944344496503,0.05486818547149284,0.16199169039580755,0.46626758909088384,0.11637553122416183,0,Healthy,1084.2906857074486,27.19368735975866,1392.6058507456296,19.343947313615555,0.10797221668490109,87.55146566946603,0.7894284288400253,0.6780071600345734,0.6043261971213298,0.48431579729394814,0.6429818130016043,0.6005255012232428,92.6929111697501
0.08119080741232333,0.07966326552533148,0.18067352191089847,0.218515353804879,0.30128038518947825,0.24251403173947467,2,Diseased,653.9285879960848,35.16403628462298,1802.2389129691308,5.000931093208649,0.06735454166399579,194.74681984140324,0.25024563345018097,0.169735856563177,0.18423501527656388,0.15922606436224956,0.5817582559276622,0.10806722272216562,57.910619734458805
0.03810076158977743,0.10329377390769917,0.05139111739761592,0.15408695374417908,0.4705364570468002,0.1135670330271607,0,Healthy,2503.719137553059,6.214939253319278,821.7383976849582,11.451658399506641,0.36734608083829356,7.800044788534782,0.8030718286241912,0.7017909572618968,0.6152275553023525,0.506624460065701,0.6399848891341728,0.6111407036157787,90.11487603954927
0.028866119580781516,0.09611941147471405,0.049041163974340295,0.1545221602008874,0.4961900530640098,0.12397541354977437,0,Healthy,737.3959351137436,19.827370088528756,440.2180726647353,1.3596330008825994,0.4728866021919116,68.51528382067812,0.8201087298659404,0.710237623996098,0.6416985220916052,0.5250675807945188,0.6754419079668799,0.6001860044622199,96.48307115668008
0.08132375517149666,0.11644110442685685,0.1657700041036505,0.12330442022909643,0.11786459386128664,0.316729301061338,2,Diseased,3332.8980659536523,30.990018755220987,2181.245169067757,3.6303184827904253,0.24457814944923684,156.11157969634024,-0.1688983251588463,-0.07970650582509958,-0.09169849650994612,-0.02255607405771607,0.006075351065195667,-0.4575874280506933,38.982679038465484
0.040405722468581325,0.0559721705889376,0.18625948745620105,0.09353434802967275,0.04492903928718693,0.47718366635365816,3,Burned,2363.3318708832576,37.523860680283704,1635.975741538805,-1.8552484917654688,0.3496775058773096,75.21942794263144,-0.6113211760403436,-0.19001717711953284,-0.28993298116751176,-0.35103362826825213,-0.10944497316591632,-0.8278952305076857,14.920284730064889
0.04579561142476477,0.1221741840357409,0.04165148847228498,0.14842528415521244,0.5161598798429353,0.13496004525471794,0,Healthy,961.8401822389358,22.335484051636076,662.7296226951514,-0.562930779632719,0.006260034023769734,184.5876544236937,0.8506610116197821,0.8338742665980274,0.6728634250367038,0.5533295205420092,0.6172092512831715,0.5854525626389337,96.84170946475716
0.06503761885399535,0.07585980128202989,0.1051326876216306,0.11917992146922537,0.25906211154380404,0.25866459631891364,1,Stressed,889.1024831419148,9.276911410770971,955.7054383016438,2.3679717753542784,0.3510884652613948,47.60065403713545,0.42265683103751045,0.2744669552492127,0.2671783415434281,0.3698218975349605,0.5470000551652242,0.0007678089833405229,70.01208217272291
0.057492229272008546,0.05055577121596908,0.2159918934103251,0.10826959088111443,0.11138017498852719,0.6370022544794351,3,Burned,3248.7876290973913,26.360966501353484,2477.853727696968,15.308197398154295,0.11917133483084752,160.1550118289816,-0.3195499107115198,-0.13234351771338215,-0.18965781143638183,0.014161562856585099,0.3756077723451839,-0.7023442183712669,35.21009122154051
0.03312652305586648,0.05764849353385564,0.19409182019205146,0.10922700223971413,0.05913251560397622,0.469502684471178,3,Burned,2205.93111240464,20.453268092624977,1695.7319914200416,10.442389184167393,0.12838447837388955,44.33193921849225,-0.5329633853483623,-0.17081427921517126,-0.2687631620140609,-0.2975447085017191,0.01270773350906492,-0.7762823229441355,23.317579028715016
0.05900894757739835,0.04955601449617143,0.1681718215924106,0.14053009334176703,0.27080084492462253,0.26646177015032346,2,Diseased,3149.328822018975,34.73664421520186,1699.4467101276693,4.342882939794672,0.004506097560003308,43.43545894620335,0.2337936478108557,0.139649208658875,0.16394889739427398,0.3167054463854455,0.6906199040727996,0.008076263956931274,65.86038092817567
0.016041084362208365,0.10404854033785181,0.10355182233847185,0.23728491151604722,0.27494702831892426,0.22278001314375406,1,Stressed,563.7431759912232,25.00092288913266,458.76005905918845,25.138935641419117,0.6963805660651069,91.9211248847385,0.4528288557666052,0.2412725885544333,0.29265013363624803,0.07352551283653985,0.45092475375772284,0.10481048804131937,62.17608932851533
0.06574328604577574,0.08453434060660137,0.11078609105885749,0.20409969518761498,0.3131996049905114,0.24147561927224678,1,Stressed,3253.7942454112813,12.574028023669385,2431.78181533665,13.380169196969515,0.931283774049384,189.26341472441482,0.4774064574433669,0.3407998627302791,0.3285984500730559,0.21090287123199344,0.5749201474151682,0.1293080730629626,70.33586212706236
0.047544631354580105,0.10055162141107643,0.17976501697169797,0.1215808450293055,0.3471661094843975,0.3225013406523967,2,Diseased,1916.1627295804915,33.947681387453464,2264.1223570291854,27.308831577252775,0.6215455608521572,119.16371757095791,0.31769064481283993,0.20225618518423358,0.24451653071460328,0.48125168061434437,0.5508258117716553,0.036831368253972624,68.34638760520059
0.04631743336203456,0.05963368935277484,0.13368009265385514,0.1473749364071565,0.3363965883460397,0.2350950724564674,2,Diseased,2405.792323893457,23.298615583288186,1505.121372979085,17.22377367971487,0.09620205192790965,128.83141450034813,0.4312413263056898,0.2829502856928338,0.313454334445306,0.39072503932112423,0.6988427592279157,0.17725807927755344,69.02885544908409
0.01,0.09191043713484728,0.08165902107078479,0.17542776007999866,0.3435089914163723,0.2230032287678936,1,Stressed,1430.4890560862261,7.989594852524737,980.6556161919217,-4.447434121494918,0.9896494493925041,6.897871131380159,0.6158740932909581,0.3722710561851086,0.42454445675983543,0.3238954026916612,0.5778303217666952,0.21271520053376874,69.18241540364521
0.04524507375286086,0.08648961724430985,0.04928001407560212,0.16281570268505283,0.5241850696804257,0.13403130943880937,0,Healthy,395.1630626192265,25.33825454138975,1835.7215024494017,26.97164918554933,0.9755851708765133,16.03996490319421,0.8281324543998572,0.8019188775409174,0.6636057264933635,0.5260101244005969,0.7167407699062746,0.5927439162730122,98.78156727450761
0.025055943801806937,0.09119018855854333,0.06259705852880407,0.15062269705889955,0.49971162269086083,0.13105457001799525,0,Healthy,3361.309056428036,42.67440269306428,2133.423667838112,25.01121674882892,0.46823453565748874,18.052135003899576,0.7773569411028339,0.6476253325523134,0.6172140467854883,0.5367837889878668,0.6913524708191604,0.5844591087627237,86.7756198353104
0.040697353127299496,0.0845824360573656,0.18204302890313157,0.08837363036069591,0.1376673209775815,0.3718607156939981,3,Burned,3482.1744860579906,31.748231742198126,2029.4671016111577,17.234492797331473,0.10786921840629593,164.83022405894027,-0.13879971841421423,-0.057639911413201295,-0.08120375823725304,0.21807415047716078,0.23885237599312628,-0.4596280739524587,39.49134970986154
0.03414804888891873,0.08904736988342597,0.10129886175101485,0.22984866792699993,0.369406846165409,0.2512969776778215,1,Stressed,1403.0046009094617,13.446151265609052,2449.5042185053335,13.717074450578629,0.7207393096472045,51.186163742875436,0.5695872690928263,0.38944511527318737,0.4142985553694004,0.23288592700046315,0.6115321014668078,0.190283774721163,74.10291347757848
0.06677652901411477,0.10097238611911402,0.10840645659552259,0.17967379961279303,0.3662340826614425,0.25552560902873805,1,Stressed,3314.764168181533,31.989292888178614,1701.0818770672736,10.852412566150477,0.9614682044834372,69.12344600455474,0.5432060671376288,0.4252198752826698,0.3968041750301885,0.3417431506099775,0.5677611689689773,0.17805668867209706,76.11839714072428
0.06716294005900193,0.0772988386067397,0.1165134190660732,0.17934643647187357,0.40585529057280156,0.2285349551233678,1,Stressed,753.4967601731619,12.717283995098052,1006.6959494295037,11.876119601839108,0.7786996041386927,123.94079183265121,0.5539035180107202,0.4517539723877056,0.42451690757263816,0.3870611444949214,0.6800240861518719,0.27951301877240425,80.46354607078986
0.06516368646725336,0.07392070920974254,0.22441359101792055,0.1093773920508377,0.10090739694567862,0.4382457855004214,3,Burned,710.4586838732993,24.420997689356785,1395.440748750774,21.922722429482242,0.624202854570981,118.87109194239724,-0.37964408951573825,-0.15764108090741713,-0.22446937805468722,-0.0402786846485247,0.15436125681263457,-0.6256818901957388,23.541716158312987
0.04699196731694888,0.10016478270291289,0.04880971493399875,0.13302950049294718,0.43350544887797093,0.11518659442728557,0,Healthy,441.2690720302659,23.696809370439876,2095.8977694913565,12.959956082554001,0.6108319023710771,85.05325202584588,0.7976023870523004,0.6999945698135435,0.5874322379411939,0.5303749458262436,0.6246191752937313,0.5801411785229437,91.43109693887308
0.06052684981945891,0.1131843104155134,0.0411019601065159,0.12902816710344817,0.5363893075155095,0.10866003328117516,0,Healthy,1491.1890450276974,11.132589551031165,883.7536918738302,1.1608644545854228,0.9779181142056288,5.838540176793506,0.857653382140197,0.9316569307543253,0.6895007287233968,0.6121888135315999,0.6515119747825345,0.6630954262740617,95.39099198015528
0.04256356829790104,0.07386641570785477,0.08388563666774417,0.2107505795304211,0.4074247649290175,0.22119140439273757,1,Stressed,372.59742559927724,15.654653994591811,809.0981608767811,-2.963785148945255,0.07311933681976945,92.67250213490905,0.6585228414145943,0.5082260804057929,0.4895627915480024,0.31815274416848516,0.6930489394160303,0.29625925431511524,78.53839447676569
0.049318469371815915,0.09336445960772391,0.09309686265514204,0.2534311537772689,0.30638074458531034,0.19384303484187898,1,Stressed,1502.3687257225592,42.39816546537205,1894.6360767182357,-0.5834803299720637,0.14955601959062614,149.08211006540452,0.533906964308814,0.35664449730549935,0.3556795819742209,0.09458460961096067,0.5328801381840241,0.22497472555693376,71.73532507299844
0.07173011083842924,0.08204944734206314,0.1468186672753678,0.15565199846423677,0.27338840323231134,0.25288921197084724,2,Diseased,656.6884145439051,11.276934138694513,1277.7403383339038,3.800438809308515,0.8308114447396812,50.8716664884638,0.301208003929935,0.19576781960265904,0.20631726049170623,0.274417983850312,0.5383190062562595,0.03895128783700583,67.81618403370241
0.08055811482921198,0.09901438927049845,0.0459236463985332,0.24870761533918662,0.36192880550252354,0.1987598815710827,1,Stressed,2610.7417253907593,36.046216963394365,2096.45486941739,7.870694250389732,0.145113080319759,143.12981200339453,0.7748026274772172,0.7645644964274241,0.522119792089792,0.18541505950974985,0.5703835385999229,0.29101518326134596,84.11590353504158
0.05273954802640986,0.0949879846964646,0.08757076064844452,0.2107913449671232,0.3076084226139081,0.18986488005949215,1,Stressed,2950.0967428101467,30.0316761005463,616.1038895497757,26.234560426132305,0.3832964869290296,7.954799864369255,0.5568047754462224,0.3826778188328301,0.3687043839182093,0.18676141818299943,0.5281230253808457,0.23668313365729549,78.85071504807873
0.0473910017699915,0.051470621822077275,0.18345542649458368,0.09635842141302967,0.09267439242694994,0.39151305546908083,3,Burned,2469.7909117277504,23.968310963659402,1038.5322189286949,3.3680531269883787,0.28149925605475035,182.0615218413337,-0.3287621421495557,-0.12347972813293788,-0.17544944934105539,-0.019488832210422538,0.2858494132526447,-0.6171962081394937,34.20192672355323
0.0417196033243706,0.07753940244858196,0.04507752911234614,0.13495927492695414,0.4973520668168486,0.09912168717355124,0,Healthy,861.6307030393144,6.1881691259323555,889.8197944982226,6.185949530088717,0.24344471644039323,190.2576454928792,0.8337939757726636,0.7771466253762115,0.6507986752276046,0.573123969529377,0.7302468022394133,0.6676410660196394,97.98349964740002
0.07654019737578631,0.07514761905199452,0.14571375421280516,0.13156556237728834,0.23189915343214926,0.2952373978739429,2,Diseased,2730.599036596254,9.205683871787002,1835.3099257458018,2.805508883437085,0.025721951108426677,5.479989267789067,0.22823742301204533,0.14063001751965495,0.1473065131902681,0.27604767101241406,0.5105135221153133,-0.12015528629784232,60.57023502325036
0.05414948339084172,0.060839767985975415,0.11773133657710953,0.15797556760155992,0.21185184660714215,0.3268198837370702,2,Diseased,1023.3506502098074,8.053993061568177,1970.524269318629,14.100963654714668,0.5662512635348111,94.27459069226991,0.2855743617284971,0.15561031498070274,0.17018276913632271,0.14567951287241104,0.5537833398678504,-0.2134287517226414,59.04279907060907
0.09364380468604477,0.07785819406354008,0.08951170214057914,0.2138715697655096,0.34058764808232167,0.21863754832685167,1,Stressed,2706.3123699961407,26.405741653818858,1303.2059309504239,16.59803437030704,0.4012395208334609,85.69527834654046,0.5837626584973793,0.5340544524378332,0.40491794212433097,0.22853993937240175,0.6278696578576656,0.2180697478543942,75.16848680604964
0.05839922605132798,0.06647574103061686,0.17086978185246235,0.04260759950290087,0.07468434774386987,0.4262478963250337,3,Burned,2072.41199715809,43.802243852331515,1351.6646280776583,13.624463616400622,0.5515902126370112,169.16725440430378,-0.3917076464958491,-0.14469119938128358,-0.1935180069431386,0.2734778154778565,0.05815104115481556,-0.7018185507631656,28.433291132624166
0.05997120220235481,0.1001622726313709,0.07960830983665114,0.22374496796254476,0.36608956845242474,0.17838955887921956,1,Stressed,1410.151303760992,39.47576682487476,590.4701421360849,28.314982792592907,0.30450820649750365,110.4407103080374,0.6427700604898633,0.5137920020777508,0.454396581873624,0.24132971077237564,0.5703511851007341,0.34473315266600635,77.01022957920955
0.052369553887192465,0.05168477227333623,0.1548653022366705,0.09030595936096916,0.11866776244810619,0.4258446238347236,3,Burned,475.5248474529904,1.1363347318309764,1844.0218063887153,29.838230617894347,0.9414608550542626,124.21626663752993,-0.13233331958220723,-0.0546761581287622,-0.0701926154934911,0.1357194650332857,0.39320216956136117,-0.5641319894342021,33.22633952258931
0.066120542653219,0.07884208609356548,0.10331224300465304,0.16229048973891955,0.17956439617641543,0.1942668137066027,1,Stressed,2930.781382363185,12.317698100805593,2483.098793918344,24.308859643194715,0.5913471922415274,44.48867060185237,0.26955972998306277,0.1462412280849348,0.14609993780921865,0.05052993724499414,0.3897824284446233,-0.039329025368154275,56.854666528378175
0.07053170682652198,0.060337961446834495,0.1434102462460439,0.11955856557199754,0.2318244523656615,0.3466643563325969,2,Diseased,3300.8546386341436,7.076585652165996,2011.4280498299806,23.18536507116058,0.9612070465322669,20.027610259430773,0.23562374186208082,0.1413905062862222,0.15152656524532704,0.31949718076190553,0.5869560112524382,-0.1985170676684008,61.56411763690911
0.08141074072276971,0.0855282872850751,0.1834094864469206,0.14946033828696956,0.2826284348750744,0.28165464654723493,2,Diseased,2397.528674002104,43.90550288540558,790.8471110127819,7.8118471862362995,0.35000595425865866,140.00456395061192,0.21289886886825404,0.13994171972445046,0.15406064070234105,0.30819614342583734,0.5353702115767912,0.0017257088554345327,55.23191566278514
0.048950418439998276,0.042236323611537785,0.20109076377136234,0.12157977280284757,0.07586506541372767,0.41477853653597707,3,Burned,3382.987170088348,10.602460556901677,1670.8700271073183,15.292422715669943,0.0022895373463220903,126.03181843403853,-0.45215041764815855,-0.163455994676058,-0.2417621929882996,-0.23153152792812248,0.28474465230505597,-0.6907528455847725,20.37885419226182
0.08425311597747911,0.08217692032820424,0.09888109135909465,0.21932445011455948,0.4705622019819842,0.129344903444651,1,Stressed,3282.5676828418705,9.059093326745726,948.9049834613564,7.30153466321098,0.7812655649624406,167.30410312673922,0.6527095997830431,0.6489071010057895,0.5213195166051018,0.36417250205116464,0.7026556633153743,0.5687835495911231,87.57379380429909
0.06196540674290129,0.07584069712916996,0.054815722448447776,0.17797779595569416,0.37832043386987374,0.2516926968431753,1,Stressed,842.207722652387,27.939388211201667,366.3884164158225,22.452454616080875,0.8273788545606422,169.7132722512008,0.7468891692218448,0.6509284139138336,0.5200281423521663,0.36013530795459414,0.6660185327069642,0.2009922156280441,86.5037771001335
0.03662674837931494,0.08034554875351842,0.0520085029727593,0.15444264485098902,0.558086739500735,0.10813686985323835,0,Healthy,2613.0007503741044,25.02839626086539,695.6102824428337,1.0140898682142598,0.058703397200336016,128.05187842472264,0.8295069244944868,0.7930087297750362,0.6838308272200173,0.5664946567109569,0.7483036056502232,0.6753736381844372,94.84617333040991
0.04496484028963798,0.10951737522978046,0.10431015938603513,0.20955434200389744,0.32021483622932967,0.19338576252241046,1,Stressed,1352.705904144392,10.16331677015557,525.705858980451,2.583510000312507,0.625369228462319,109.98046967530618,0.5085794098991475,0.33549753843252234,0.35029557156150926,0.20888435319253545,0.4902994248002823,0.2469410501968948,64.66006632502591
0.0636385032493269,0.07019510917664629,0.21711151625527406,0.0663638848674464,0.07043865987790358,0.3664030496786762,3,Burned,1808.8072898665657,30.1664189041759,731.0516178500272,-3.64570751953919,0.6610178670401202,183.23161245731094,-0.5100774176144668,-0.19341621868421047,-0.27935906617746814,0.029785810784324438,0.0017318079830794242,-0.6775094423243136,30.67845708867705
0.03857996785592479,0.06943407238397924,0.04626486002819153,0.14946088327129584,0.4646130610260032,0.12039300190273139,0,Healthy,717.985922791191,4.365324508261011,2050.3297271878073,16.312888566829734,0.1457338670475653,161.24650649120187,0.8188809411566315,0.7198738498591674,0.6207696124519263,0.5132153473523304,0.7399702320636684,0.5884042492071782,91.31446422964211
0.047633411753481,0.07160092846643551,0.1784823779569971,0.1022538240083108,0.13565049761816048,0.5455500980203378,3,Burned,3416.772112590253,0.8716079713901476,944.2306948669498,19.098839057613496,0.5525245528525812,177.07287401867774,-0.1363495587557289,-0.05790301055815072,-0.07891564343684015,0.140378585717746,0.30904282431886837,-0.6017311156351263,48.66245640158206
0.08236381429330603,0.09991078656325364,0.15593345259484617,0.216012611997306,0.20156537167243505,0.35350982523147023,2,Diseased,2596.253364152148,3.708665581785607,1965.4878920792462,-4.882319981901742,0.24319888067994366,199.1889751634286,0.12764214789990763,0.07508028361919651,0.07982270748492726,-0.03459770520449688,0.33718945581698406,-0.2737366967019657,50.01686077101462
0.04615256766968561,0.10049042837879907,0.05485303283063141,0.154306875865775,0.4198862636324503,0.10427427756695035,0,Healthy,1080.7974217821948,16.41907016890977,2387.497620654096,12.87750173979877,0.016451703204516166,83.68362861446994,0.7689130135892925,0.6505160446400522,0.5617397827010342,0.46252622135732424,0.6137781226930228,0.6021284611047258,89.87686882996634
0.05835408822458565,0.09950132311541024,0.08143351738421946,0.1931759711717799,0.4463684877615114,0.21366741312009732,1,Stressed,1425.8565775545105,43.87573475436678,1563.4008531491043,8.190608847142087,0.8669110903761178,144.8022591466964,0.691423980782889,0.6093160567984864,0.5325952347819851,0.395895092349147,0.6354393508856573,0.35255820297807083,84.50097133805889
0.10103760240244977,0.07740527593622994,0.1163484668038753,0.19210764210843306,0.29544542908302285,0.2684134180069828,2,Diseased,1594.1936585349886,24.626114946421374,1367.8996724221201,22.73332736365687,0.4916951712264641,139.17322397015778,0.43491892356546363,0.362323185118347,0.29463395366457407,0.2119518693678614,0.5847921014058779,0.047941095073948725,70.3749403779224
0.05946583895714863,0.0990749006351831,0.10971377918381031,0.21503624981342645,0.33262844147569026,0.24373360084134207,1,Stressed,2666.8612896746727,33.962674635696025,1950.2797862985803,-3.6388238900474814,0.7816991009107112,38.95782909989599,0.5039416244737251,0.36072263759417006,0.35483074254648317,0.21471566705955347,0.5410046961611829,0.15423437451682,78.80906404576123
0.022693283944927818,0.08322541274190184,0.055228437607490306,0.16001626267092223,0.49829869986584624,0.12192114278234885,0,Healthy,3254.800980339629,14.46730885042017,513.598307764798,-3.300200891367251,0.7228930322291087,129.12697694014344,0.800449019132704,0.667487723151442,0.6308384126421899,0.5138610715344624,0.7137679607556388,0.6068453879321218,93.91644773266361
0.09553961664396088,0.08140226317466433,0.11110401470837661,0.1856240301651758,0.37798963108019945,0.32395070489451894,2,Diseased,1260.7524388490865,32.37025794674981,1242.0665924667474,16.707318455405797,0.993705261014529,88.47740879638624,0.5456738463342312,0.5023950144280426,0.4047426876260407,0.3413075493537402,0.6456086081590869,0.07698506930904754,80.66138151611757
0.049974171344869124,0.09142348132582094,0.1916194014687068,0.14991664331162657,0.2462870058923563,0.2423127601216278,2,Diseased,1759.2502913253845,43.478153915506084,1397.4141088505335,15.70735991029174,0.4379534039011932,92.87394007217367,0.1248385551257517,0.0676178529942648,0.08743026502174622,0.24323440821911763,0.45856888027524373,0.008133949227628688,57.27831654165789
0.041643907029773025,0.09423174834973125,0.058889831804046486,0.13745358148166242,0.5647976344142133,0.10069086644176271,0,Healthy,2157.584990354514,16.099240062692395,2128.312882876431,24.088150804930358,0.4275506067571776,40.126908021541105,0.81115594252068,0.7876222015653609,0.6753316380006111,0.6085344349344205,0.7140286779789082,0.6973926076882968,90.2663228977791
0.03952887521697652,0.10870817131713675,0.07436297504542669,0.20354310395019382,0.3566259692914029,0.20900880312323541,1,Stressed,1498.0351749210415,44.957674563076125,2091.2788525088586,15.729341120507641,0.2817555670511702,150.2241724965139,0.6549193231188474,0.46845915706028357,0.45477928540039503,0.27327974699236585,0.5327737017583004,0.2609761117200122,79.7975408752991
0.0360953605053719,0.10992067284837563,0.06423559472265034,0.17931320336690695,0.5080471068308026,0.08678016221985956,0,Healthy,1863.7983671067611,28.728447796424973,2166.1837916699587,28.227979000702547,0.6251472134032147,141.09849298725987,0.775510954897506,0.6837355537291507,0.6208411839427878,0.4782555725203049,0.6442511092513684,0.7082172580976456,89.3717018556363
0.10367172419076046,0.06056762453974081,0.14774202474362175,0.13391745122865828,0.16933631180300168,0.2968080202745302,2,Diseased,548.8351757663365,33.68661356091257,1835.320441308944,6.0034624782047725,0.4861125005552842,108.7965771054219,0.06810394747723555,0.042234066020964516,0.03964299228583413,0.11679610848780979,0.4731049161770704,-0.2734597354617825,52.5520846997794
0.05938046990888571,0.09479385016825846,0.13381474485745956,0.14582531773397156,0.16931531522101523,0.1863322783657422,2,Diseased,753.325479476548,11.347525748166747,1467.2227758066429,8.927249224168008,0.7287611221416688,35.56024228903519,0.11711332483235737,0.058127131160040604,0.06630414864198808,0.07453814038958748,0.2821615907244369,-0.047847821757010155,49.83853378519599
0.09089745624908856,0.09638686194119495,0.1431502058775749,0.17870370519311954,0.29659393310269455,0.23513635953387507,2,Diseased,1523.6341488264782,28.939084612975872,2121.3345069554407,29.21861332760208,0.35651169844142727,113.58863314463973,0.34893864439343436,0.26029218470383253,0.24492367532954112,0.24803452811574384,0.5094576340417944,0.11558034827822268,68.93059997677312
0.0321926189243653,0.07046052251047899,0.21923746871339517,0.13170522428370574,0.11063863482325068,0.4679308826663036,3,Burned,3219.2987388428232,22.995281315807436,2221.221313561593,-1.2366514819877654,0.1308447416093259,24.526017318668973,-0.3292109656738764,-0.12427663940270724,-0.19629225155186183,-0.08692850179410769,0.22185696877739605,-0.6175441859051306,29.22730681653989
0.04196759908048295,0.05530134750780427,0.12089954904085272,0.08478774093979038,0.09295211715255183,0.4364716779179857,3,Burned,1352.8815509572908,43.038119046484624,1357.0661038493902,22.856669861869786,0.8624354521194542,71.17754509774001,-0.1306860548664842,-0.04646776507116632,-0.05872529158437332,0.04593441134163419,0.25396213971378584,-0.6488555245823622,45.765793310587014
0.05616251892988765,0.13218973872358084,0.10060013077061881,0.10780909187536102,0.32564420948011863,0.24333031106280295,1,Stressed,1024.316268396545,40.710377150528196,2468.4561973552977,-4.59509498688459,0.8280469419646846,77.60977934457901,0.5279696459955846,0.3730772247565506,0.36444607513435245,0.5025572810219201,0.4225428614241542,0.14467062056147026,76.3642115973794
0.058478250129560455,0.0903768591882573,0.05995858724372361,0.14464578345905052,0.49001651004135716,0.1363881224172959,0,Healthy,2651.44532880261,17.850266951628477,2224.599874954193,12.027963729117328,0.3510001871157442,177.2679515454257,0.7819588870496135,0.7618758184495878,0.6143830265314105,0.5441803060894804,0.6885668671540701,0.5645366647285074,95.21411262266903
0.07135973252102179,0.1320725259750082,0.1130673061420667,0.20604530339180005,0.2464152292623734,0.2986670719232306,2,Diseased,3332.1295480528106,42.609138819220505,1423.0332639270973,0.3690818079036067,0.6903517175119992,86.0346047116551,0.3709440828908175,0.23989979143903137,0.23272361463296182,0.08922308591542545,0.30210409368358637,-0.09586046288532951,58.4013924725053
0.055511917287016946,0.05833224265998013,0.17833639875576254,0.10004298160855372,0.1192429895420115,0.4954582697709446,3,Burned,1715.1079363097065,39.81656487375044,452.432709763634,15.960159630482277,0.4924029062756118,121.70162438203042,-0.19858031016857888,-0.08332770533566485,-0.1111364135154517,0.08755693288151761,0.343013733934517,-0.6120294507434875,37.26581357520273
0.05395509106362509,0.06749765553658123,0.1787971526368669,0.07391967485544158,0.10026795619332096,0.4782640364909635,3,Burned,228.39635337170424,26.567273266611263,793.8825119181718,22.935948939773983,0.7609720971311001,175.58190264127686,-0.2814009746998558,-0.11101807098960154,-0.15119890727772953,0.1512637818575393,0.19533382536202187,-0.6533710815370778,32.1728310357505
0.03825827266195042,0.10346923034115048,0.040657609358520405,0.14133146030436983,0.4564826491171283,0.1105117080926831,0,Healthy,2470.892793869539,3.6953058955293128,2008.0768746278268,-3.843519417725945,0.3901323686645124,88.02309055734777,0.836434033061991,0.7354573892580308,0.625526397195285,0.5271725417220469,0.6304352667110347,0.6101840882952223,95.8676805547089
0.056678876111195195,0.09550993138372417,0.04096465553423728,0.15964772474664904,0.5878883233340411,0.10325932693552217,0,Healthy,1569.700645333278,7.235560829679198,544.5393653971064,0.732045430711084,0.5356392353912296,177.32218641379276,0.8697162571876781,0.9706971640882991,0.7267425517667946,0.5728694876430525,0.7204852826977295,0.7011945843953267,100.0
0.028962593022179926,0.11008171472644655,0.04924228523540176,0.11326979595249853,0.448519870255761,0.09812305717405123,0,Healthy,2423.0302708335103,3.45934101032101,1333.560145902379,6.991363340666586,0.05781610406474724,31.609955942694747,0.8021453069386568,0.6538013775646296,0.6002596593104066,0.5967537113996071,0.6058667905165832,0.6409976039006265,93.79939520718494
0.04587259166802792,0.10712692101022014,0.045488246427605857,0.1341893110055416,0.463730287118588,0.128460719494608,0,Healthy,1116.4645022363716,4.859690159207746,1630.6748226304005,3.9529638049485882,0.17490998158808135,76.14441564619217,0.8213409468130283,0.7508211873484352,0.621632514630621,0.5511459594826214,0.6246804888922397,0.5661510529852726,90.45959981277055
0.06175701243086065,0.07247791618880836,0.18557737873779048,0.2070710225140596,0.3026098537638432,0.2275024459119791,2,Diseased,207.94687459597597,43.9628568476885,2232.363022415134,8.412696143218929,0.781765607775103,23.47181356796059,0.23972866317919211,0.14981909237332025,0.17764721602220934,0.1874483305573503,0.6135415491384045,0.14168206714119552,59.855221654539555
0.03384606280450135,0.07083836396663745,0.14017367656034926,0.19891837087449998,0.21798194505043902,0.2970779844315674,2,Diseased,1336.8375218604924,9.547528464726852,2163.650498365656,28.315390493610813,0.38156548217287745,114.38127770985052,0.21724708931743078,0.1077570259954108,0.13600377185203733,0.045726935170041935,0.5094640902848034,-0.15356666927091034,54.01493281649245
0.04886711859003845,0.06436160844134767,0.09433673342226989,0.20536675135115542,0.43259959187216696,0.162747865635459,1,Stressed,2525.814730622707,31.088456205329834,1981.4114263314123,-1.4577855395915829,0.035105424229590176,191.67000177952147,0.6419425569900878,0.5181352480570869,0.4940854366881163,0.356183111182774,0.7409793275384842,0.45326761423277795,78.87645191590865
0.0738653663578115,0.07892435128684337,0.10606203769900661,0.2192645885689779,0.34475076468470595,0.27192129768793105,1,Stressed,1497.2738339303246,28.643771595724633,1196.927333744638,9.814873803302023,0.16763628571194666,133.10560788764673,0.5294630508028634,0.4181263558896452,0.3765547601119832,0.222487159555061,0.6274298326772985,0.1181008031003651,75.12592604530734
0.03432941749764562,0.06391496037348107,0.1581901688277796,0.13254462283327145,0.11149039451355051,0.46654144396452285,3,Burned,923.2746608556457,28.40151891838517,612.9483595530535,10.9981980062654,0.4115980320856145,127.08474538300598,-0.17316699432821941,-0.06474710224178687,-0.09101134145460456,-0.08627543573816034,0.27123135127999093,-0.6142413266428183,36.270250618816085
0.060519178112778835,0.08075737373738213,0.10249394555302695,0.21337785045015362,0.35747420503697547,0.23261330595466298,1,Stressed,1731.222651642535,9.30167998182134,1773.2284810272652,4.811971814020696,0.7179131070167719,59.24093328741197,0.5543432814064448,0.4197775149535671,0.39841986945781005,0.25242328669487973,0.6314397190615871,0.21159725403527344,78.3250977759217
0.04275657480591799,0.05606362528702955,0.2515158311394562,0.09833334746006772,0.07549456292873635,0.4910998843660096,3,Burned,2682.7501268846718,26.07059674730743,698.8349694746398,4.74772951906494,0.36348504180723096,186.56581793150875,-0.5382742139727565,-0.19437705133855634,-0.31926067800025953,-0.13138731959887368,0.14769841716620746,-0.7335146260018438,17.326656206809083
0.04418278650797754,0.04380928179881835,0.17801422101933717,0.10093253685588037,0.16211195826731867,0.4580360846255194,3,Burned,594.1291864146099,28.149225731322822,1534.8918634989548,20.016325661226222,0.745185754378869,96.94928303126044,-0.04675400852069111,-0.02093696241674516,-0.028392632478558333,0.2325820164264006,0.5745044594984943,-0.47718302908118065,44.72687474960235
0.05575806376278645,0.07723770566425961,0.09489671649957092,0.19692242161374263,0.4101891076512723,0.20627607477459925,1,Stressed,2482.781711033938,25.668239249029998,2457.4920014193576,16.624534492784395,0.8580605872950834,57.06540034393473,0.6242352682129265,0.5048284143827847,0.47054547050413753,0.3512808969101722,0.6830797692302608,0.33077785312459973,79.67370382591687
0.04319400263791229,0.08962099455738086,0.038616732730390575,0.16962145597383665,0.5285017098042012,0.14749815422935936,0,Healthy,2402.235278553026,8.37731102740554,1510.681506776004,23.449120690660358,0.3411366142057126,197.60149618443648,0.8638142082741166,0.8527170886906786,0.6886090891459828,0.5140643747149678,0.710021982771028,0.5636148322062063,95.62728153303583
0.046345304058857756,0.06113875194142012,0.167768076851867,0.12708600931011246,0.08261140096971326,0.4902132874194955,3,Burned,1423.4350029607353,32.5377268683619,1720.2251079729845,9.177562786731828,0.8003755708544253,87.5091670899741,-0.3401104324601709,-0.12223702996827471,-0.17022721955534387,-0.21208943954127393,0.14937478047637112,-0.7115647904078937,30.581681439802967
0.06656870979567305,0.09537931743147492,0.18418503819346055,0.15787329407796166,0.2998374128523899,0.31625832483249455,2,Diseased,3402.109431552332,3.2959422862429966,1790.6660382155824,16.234885944288557,0.12688066593018954,77.44230156986112,0.23894009879011346,0.151720427017857,0.17629532745016357,0.31016122962231296,0.5173315666590002,-0.026653181817614943,52.95533668721795
0.05840727104066135,0.07383625128594432,0.06927455371911512,0.2492648507579122,0.3792569728730538,0.24275237997876337,1,Stressed,3152.52748828516,26.604000531882985,2126.8543868861107,26.27558492389046,0.41528352507165955,11.81744712327271,0.6911050703571661,0.5711435883752516,0.49020365775231817,0.2068219672881976,0.6740791928928522,0.21945745682739873,84.1694755805445
0.03881233529388783,0.09638208337824276,0.15129129286118287,0.18073649497211963,0.24050204959301646,0.2599471922912689,2,Diseased,1243.3328866468305,19.6316699580591,1256.9574918355074,24.796496510073492,0.09756239628159258,39.7675197632131,0.22769849506893391,0.12009046922556502,0.15005285106632693,0.14188054244606257,0.42780276015267676,-0.03885537369680904,61.01105433442905
0.08934598471685545,0.06929825693246576,0.185738299364211,0.17035972409888261,0.20604975668056305,0.2412418817730321,2,Diseased,302.60060819968214,11.262896690988315,1394.5217823154949,27.200818737498558,0.052527988794775715,162.79231423909468,0.051842970924057805,0.030767762197189866,0.03416415529045488,0.09481703691311212,0.49664965069909645,-0.07867825212953893,43.36257799191914
0.036240864113984486,0.07079009639236113,0.18077886340300514,0.11322956789290962,0.14668048980849932,0.4951867380526665,3,Burned,1217.405862258753,36.33250450617624,687.1384306340979,4.414125788487873,0.0645273774854469,99.1255453974193,-0.10413009192985527,-0.0435028735279251,-0.06181277615041628,0.12870190913119584,0.34896852605326106,-0.5429569039938259,37.29984754120709
0.06334683027609249,0.08550520403916952,0.07045584073077937,0.20934119387364986,0.34728259674329637,0.16494095342031884,1,Stressed,875.5824103854427,7.915165500248275,1652.2957530225044,29.48974145862421,0.10475202708163645,191.20057175041276,0.6626796209120696,0.5344490788547446,0.45246021364982114,0.24781801050683805,0.6048631365815089,0.3559805864156925,80.55621122989534
0.04371628891880522,0.048024117109658426,0.11991558784422511,0.0824874253500652,0.0943339345208657,0.4597631241019682,3,Burned,2005.9313163570562,41.98417919540779,950.6676139136563,23.57364704149958,0.8357259234163987,21.357731628598355,-0.11940120961275714,-0.04303906928177614,-0.05372419336135441,0.06699704441520701,0.32530519789880047,-0.6595039213785211,37.68242330587845
0.04271389514740473,0.06638759381675977,0.15720396223965255,0.08705444151825369,0.12421291346964888,0.43677633039023306,3,Burned,3231.85658990111,39.80542627445342,1416.774447555139,22.818273211445614,0.54367712363369,125.1089712676942,-0.1172319446533952,-0.04720877389207431,-0.06332928563488355,0.17588363424480133,0.3033849040713623,-0.5571647135305965,40.0622745228892
0.03130952752135217,0.09747022369899322,0.04558308205827006,0.11525156141875778,0.4071989655056605,0.1119385227798771,0,Healthy,3072.1137831238207,16.226439622293732,1986.4258257217753,18.365251033553076,0.9473881877770107,145.39690877094648,0.7986532977763415,0.6252539646984645,0.5693052475798639,0.5588039124345622,0.6137262632528241,0.5687519081185372,91.69686094245723
0.04177396114636941,0.11565615096580742,0.045254870663809614,0.17235148393866312,0.5637295332690669,0.11568873250674835,0,Healthy,1209.2362136939282,13.731881888636698,338.65379030037053,29.414379068022292,0.5380003013125135,126.13070966059769,0.8513759149547045,0.8516595157013779,0.7012830695697754,0.5317051178659882,0.6595272554390195,0.6594476727178246,88.76437949873888
0.10033585314278497,0.07193674646139903,0.15641736247607713,0.17396430709515748,0.22594009127185694,0.2610325353658105,2,Diseased,1614.371860733602,6.186900753850596,1540.614158485621,10.454712981626814,0.6287113323103868,108.32612422454183,0.18182652461993545,0.12309915577133938,0.11818803317048937,0.1299705206775275,0.5170034058785444,-0.07206245578037301,55.537683938830035
0.052125188368316006,0.10590065305381147,0.04328152260238795,0.1802227313271827,0.5312096557108678,0.14143263679778145,0,Healthy,320.5892569625693,41.23475171702801,681.5790380835174,20.953875666684375,0.18448396114049304,117.76817246604863,0.8493222229240264,0.8713252020552146,0.6811523515717701,0.4933524616604053,0.6675594322215755,0.5794714627066951,89.20202494902578
0.0692522129953467,0.07175094427065892,0.08832226121815562,0.2131301990057932,0.40551954861787315,0.19134155363691518,1,Stressed,1995.7395752421933,28.23893364704724,914.643347524478,19.45839507959825,0.5405810206337084,139.46217031840192,0.6423054400395599,0.5599991261401874,0.4787441236655513,0.31098266384372075,0.6993279541207408,0.35884059219715014,79.89809229359628
0.04500431656995928,0.09502563551306119,0.09983440232140826,0.23133475682151708,0.4769241614713976,0.24332751189207139,1,Stressed,409.1143341674052,1.430261196453142,376.3692161913954,20.623111725647295,0.3853025488033268,173.33639100931816,0.6538086753877275,0.5422948504214169,0.5253124075275073,0.34675087717116937,0.6677133575266919,0.32432641946557395,79.87360812876807
0.0577153325976192,0.06331541695133693,0.20949719908336212,0.10989862609046598,0.12202670497078409,0.5418238680872345,3,Burned,3297.400348556029,22.99497365527247,672.8180724089849,21.301268495923985,0.9314353421403702,70.58720563551373,-0.26384369393724005,-0.11236379860371398,-0.15778949823483168,0.05229303026923288,0.3167724867010653,-0.6323669419444666,36.176598878733955
0.05809121310990244,0.06750148263232333,0.16113163935201674,0.0875175788987412,0.13440555265450138,0.421325907613594,3,Burned,3060.8816550124984,3.860952652322411,2470.584665231734,1.6764561892424688,0.933921215781792,94.6325456861252,-0.09043222483011094,-0.04011693990070397,-0.05039252714412289,0.21128023615559297,0.33136075032515877,-0.5162931565143806,46.569663676672526
0.03676208295713399,0.07904556913373303,0.04684210513844995,0.14261089324352502,0.5449615535905555,0.08379108591283374,0,Healthy,906.8191672437599,25.81878082287788,2496.7500746384862,7.216801439584081,0.198498612502241,129.00236939034832,0.8416971282416987,0.8032637347583594,0.6843530518155955,0.5851756514501023,0.7466516967886693,0.7334688260033102,94.59329720241469
0.048541895419111844,0.06871975499719007,0.15513374511599184,0.05765513375758947,0.07478128878507566,0.47347881602564074,3,Burned,2507.91664354475,22.903277324436562,1883.6654237572245,8.728889853906672,0.6201308639383659,66.27211070365726,-0.3494875975383841,-0.12237511296021604,-0.16512700416777643,0.12931604014604445,0.04224034338509287,-0.7272050555386708,32.266474536066525
0.023080373508302367,0.10983427091757074,0.061784508503183316,0.1558362553485262,0.5279058505974827,0.15933737285825333,0,Healthy,2074.467262029999,3.7280720476224904,1646.0850804966258,21.179993489298674,0.638175802970978,39.862658859605595,0.7904510002515029,0.6753384684777263,0.6416336538960989,0.5441665601279659,0.6555516252156128,0.5362999005256385,97.2385452788388
0.0540617802140662,0.0908226167643608,0.17133081657172688,0.24111383690879437,0.17817673867460582,0.24136750723263262,2,Diseased,2844.480451303404,36.71372669025478,2009.415296818383,20.06867915017565,0.5625350794580178,193.40290757173594,0.01958733596525709,0.009504537928684803,0.012088042030962629,-0.15010377146106912,0.3247372787206995,-0.15061764681149234,43.25502138639628
0.04607960204129269,0.05305534758074647,0.21928576909543201,0.09893518402721845,0.13226906203836586,0.474834504644344,3,Burned,1769.6519522800158,11.804272972482496,2272.4193988073557,24.167817183250175,0.12432970799514931,42.97213331526627,-0.24751958123070922,-0.10347371899386087,-0.15327851393788375,0.14417501900004728,0.42743268599153433,-0.564261941064157,27.11177382594702
0.05139924312039114,0.04383040599835054,0.22020763202855487,0.07039574677750382,0.1553931955273432,0.41342652886418185,3,Burned,832.8475031970675,24.366796387501456,1442.471131043898,22.598170526161763,0.6540153188408618,50.38295360343889,-0.1725620127020238,-0.07748679144239509,-0.11103421854094661,0.37644644648105197,0.5599877879666111,-0.45362936223171074,41.3543687461434
0.039824371735225544,0.08373084066345643,0.05199238041249239,0.17238174169702053,0.4919438241271815,0.1688820060465274,0,Healthy,2311.4832204053446,28.75674944837405,377.62479871894266,15.861185778629377,0.7990852849242002,125.64378959410553,0.808829108918615,0.7307118047479151,0.6321527660222326,0.48103233423414893,0.709103598507585,0.4888758859607125,87.82516005082064
0.04183424892544425,0.0546648047431712,0.19550971416483426,0.13232563507127454,0.09223921062274429,0.4015306568813104,3,Burned,464.9250790866185,43.30370401088249,1860.670805276116,-0.10180297293951224,0.3452260338531301,20.086820434693045,-0.35889100204081076,-0.1322935601438738,-0.19664356049545947,-0.1785071146802689,0.2557751959892248,-0.6263878384440863,24.19488144608096
0.030975769052074872,0.1211876960494151,0.07471809076055469,0.1406642162391296,0.44684256449222887,0.06587324941159833,0,Healthy,2129.1403708557928,22.221526179593067,2466.1255045593293,17.24093407313278,0.5145517019441572,11.639292493965282,0.7134826272823266,0.5594736618761177,0.5464058372484308,0.5211486115283072,0.5733054827030367,0.7430418514878738,86.79914946308712
0.07603941485038543,0.06344831518530678,0.16797732615220842,0.1271399928898916,0.3693615735148967,0.2759514576793633,2,Diseased,901.92585803271,41.279209752956554,867.7165031383149,26.04707492731177,0.1163279463492779,17.482652742042976,0.374780690062908,0.2786276381350025,0.29120316246594125,0.4878566194672591,0.7068074442111787,0.14475163195627086,65.70491995576037
0.04437618551068092,0.09077547482142921,0.08783504105601767,0.21087778999089798,0.36587052243997104,0.14398819457315107,1,Stressed,2460.2902425077486,15.968580360646449,1319.62424401442,17.511102718640593,0.9306887114870277,29.03641092822482,0.6128103722455408,0.4455527200139724,0.4372976667706181,0.2687354716452617,0.6024251679508669,0.4351839364732682,79.59175364838278
0.07657018823103795,0.09721542997145483,0.11250423861158931,0.1730594673975739,0.3558380043936283,0.21681373324876416,1,Stressed,2932.542433702758,38.58467407424977,1094.8036823128186,26.34692500022096,0.10953785317232001,88.6933881161665,0.5195639817262614,0.41764371102943415,0.3769335145092463,0.3455840560576001,0.5708434129324667,0.24277280514243973,73.91042995930569
0.03657659061336117,0.11536148259761538,0.0517050818601965,0.16735551041052363,0.492996227938752,0.11804993542166485,0,Healthy,561.4316066308392,10.612180212813755,1159.0284873056994,29.96685563479148,0.20837710666824705,166.70582547557578,0.8101525185241663,0.7215816638887783,0.6336133654403941,0.4931322107380705,0.6207445596452519,0.6136136823426769,96.90564201828175
0.03853167917832559,0.06889127317527008,0.16634647997883997,0.10353575275526306,0.10104118201426368,0.42876887874780895,3,Burned,1520.8862220903547,31.8365893095938,1887.0799865257852,7.572078155823652,0.29847847580003495,71.68451915362783,-0.2442345134231193,-0.09019408628440925,-0.12765118664526154,-0.012193801915507731,0.18919227001818212,-0.6185758157864866,35.97461519971702
0.05381494691692904,0.09761592677457379,0.09441558161576633,0.12684987758661134,0.35853135418095405,0.21596528479535462,1,Stressed,2620.6212396607893,3.987539718974843,1132.48965746331,20.315139302174785,0.8257902391820219,88.36862585624685,0.5831053173360421,0.43399756610794055,0.4157352731914753,0.4773185625193321,0.5719981957139768,0.24815822623097428,78.66200258293101
0.0554921695598405,0.07178932023969971,0.16558227665629927,0.17295969552233217,0.24421709118649076,0.2840836249955233,2,Diseased,740.220103012233,44.372266050764665,2370.3850760091987,13.898552141017689,0.7006559205023549,122.04896310299407,0.19188612472798314,0.10792475044419282,0.12964640850267645,0.1708086265255403,0.5456464149323149,-0.07546181906117128,52.692681745438165
0.038747368611046884,0.09904510280140014,0.0806997455044098,0.18568637293945756,0.4155214750415759,0.2590767745046649,1,Stressed,2069.5281111178533,42.92713799380656,2037.2485982798328,10.924013024785795,0.00701443800310253,63.918162996633434,0.6747428544497506,0.5201955629588706,0.5041376141226153,0.3822889189671387,0.6150348268176926,0.2319079516187032,75.31578383280507
0.06665719064074657,0.08439886594764176,0.09443807414024182,0.2228283657764335,0.32004011324835385,0.15251133740833292,1,Stressed,2417.068640189886,19.899613733281996,360.82345519292926,3.395347754236141,0.18356154715941053,89.34488635975619,0.5443037547680656,0.4067130427367867,0.3700504392871469,0.1790705289351979,0.5826373163704001,0.35451964450011975,69.12839387026624
0.04059778791074283,0.054579960964740284,0.17281586804651028,0.0818964988651285,0.08429660072559539,0.42046698880946354,3,Burned,1370.8189038899613,23.57708480956141,2100.8075404741944,3.607010859857585,0.7501511791919018,80.33077893855035,-0.34428226799281436,-0.12181270649921619,-0.17537539626438964,0.014441644821361815,0.2139787827360593,-0.6659957025298909,32.11814863111766
0.03918412230314879,0.10434828213877602,0.04709934226062749,0.13657702409738656,0.45123818441236824,0.10562105936260872,0,Healthy,2945.5415048685836,26.899868804310994,2000.286329365049,1.474030036598986,0.40383449100081237,71.66729062175388,0.8109741137499997,0.7016526743171799,0.60721774045262,0.5353062500027121,0.6243670731997368,0.6206543623129247,86.77820094414662
0.057430305397264216,0.0817918553473687,0.15869836192956777,0.2163524672158847,0.28867084532093173,0.2677595950761277,2,Diseased,1885.1720106541554,12.376690186035152,1436.2862024387139,17.101922727462952,0.026213532467259992,80.73666804899732,0.29052621052062083,0.17950674137550154,0.2057895924176896,0.1431980957667059,0.5584340448202231,0.03758106737307805,60.033455576851395
0.08548989407730744,0.09991877369644517,0.14417873209711038,0.13602325514899385,0.21778785202775203,0.3469743696074729,2,Diseased,2269.082971803683,30.351214584232316,1392.9982728421098,-0.02814161749139288,0.9639168783200247,7.167953530352349,0.20335887655215434,0.12764415661117154,0.12809508007449324,0.23109674317529363,0.37099973710851175,-0.22874496618810963,62.39983194392431
0.0669505470904903,0.121817151039505,0.10451719672633106,0.18940711005746583,0.33608412201441695,0.248288931710949,1,Stressed,664.8802291257698,31.43528759720322,2138.1591876272973,10.098526443596777,0.15123291294056207,177.820830283709,0.5255701927860981,0.39623151875631707,0.3692854531655322,0.2791236089466301,0.4679326721818339,0.15023825660918633,73.51661742134438
0.0370392711411494,0.09351646674723146,0.10649769437649169,0.22403535116845189,0.2731278525436679,0.18321587770553294,1,Stressed,276.4285759578079,23.628442154637405,1234.5276361586768,13.316663374526794,0.5104666400468276,195.5826255024947,0.43893293043550485,0.2548922634957294,0.28414958533708323,0.09874524104199474,0.4898790774803745,0.19702686135025255,70.51588206328341
0.02294347783984483,0.10235849265154291,0.050041328826548666,0.1404479541333364,0.5243077655038192,0.11470456458190532,0,Healthy,367.4702837224548,6.648331161834797,650.8171552452566,10.338206701613943,0.24831609764484341,173.18675732614696,0.8257459323980605,0.7175072208432056,0.6621680533343163,0.5774449083425055,0.6733237359245691,0.6409941956159484,91.35612644725214
0.04365186836028544,0.05305956676142358,0.15587550115275123,0.08602735170675094,0.089606912434447,0.3625121663016681,3,Burned,3182.9364890541124,41.363367475122004,988.3774322678718,24.922532971587078,0.7374693202253596,6.119743440577123,-0.26995247867415995,-0.09759900459610407,-0.13334034436269881,0.020380764205614813,0.2561733023572663,-0.6036136510628632,35.755672306220475
0.038365262002077294,0.04178649658075362,0.15015680642914064,0.0622120482425216,0.1513426839679747,0.41091029504884347,3,Burned,3112.7198680192287,5.177028705552687,883.4452873864766,10.51092759278511,0.7767260990472881,151.4226816054513,0.003933265352918007,0.0016801472412302852,0.0022193604704304265,0.41736668922855835,0.5672689202287058,-0.461656258217072,51.67669173731245
0.02384341660679322,0.0968645161595887,0.0525649197844354,0.13401327071350053,0.540338991527405,0.11163229860768152,0,Healthy,2865.0517492340805,28.312747591973014,1798.3298652331905,-2.100876746249409,0.3972204035248931,116.75453365440914,0.8226865335343644,0.7271948676913104,0.6694651682978894,0.6025422283573898,0.6959699108027512,0.6575545470036743,97.06876422925288
0.04482066835525525,0.11017785927100043,0.05435253957171064,0.15685294398389607,0.5738404315599104,0.13623518196958717,0,Healthy,858.7199010750406,4.63898684743898,693.5213700898596,29.726983941042654,0.6584496214590319,23.364107646511314,0.8269558998452977,0.8304893059176887,0.6906902019552543,0.5706736858794449,0.677851121418354,0.6162797807579496,97.06551900762973
0.034772813038303194,0.09443832745806909,0.07076711325859024,0.17315938105131098,0.5185883820276431,0.11774860186064018,0,Healthy,1934.0135514333608,6.574531910981517,1718.4993601521755,24.574425687107446,0.9090735845464855,186.90753130152154,0.7598491313855781,0.6654520426908418,0.6166324031906174,0.49935686737209894,0.6918948898759374,0.6299174557143148,87.97715441701025
0.01435255658179433,0.10353354805959841,0.04154679535022432,0.1463177413576567,0.5462287678297593,0.10178185571600086,0,Healthy,2827.1864318096323,0.9242241312973049,1325.1272839802762,18.101521989209992,0.8148091184926063,156.3623401984142,0.8586303948445907,0.7475151451427292,0.6959367146903612,0.5774500562667316,0.6813186947461516,0.6858636094933359,91.79500850703242
0.05162059559062875,0.07752647554550939,0.14866750535074702,0.07801076226438994,0.06987296421609387,0.46597337907807374,3,Burned,2426.4082981440533,16.35138377355418,2147.25404470592,21.47132672830126,0.4148977176449147,33.332775857378266,-0.3605489531771332,-0.12509265779619436,-0.16448873106387757,-0.05502835025655446,-0.051923608546666424,-0.7392052076624466,24.11251578332596
0.057297156737837085,0.0682571364142531,0.16145836779644376,0.12032646405081399,0.07173643534447685,0.5259566150489159,3,Burned,581.2199391305941,28.781215398991705,1366.9972350784294,-0.5133255085804569,0.4414760538966379,192.98807879023173,-0.3847509781349535,-0.13925421099255586,-0.18355680682111347,-0.2529901731642128,0.024853274603832208,-0.7599555855734347,28.257780870875436
0.04784844036608135,0.11307901549779177,0.05859046058177736,0.12457501680175193,0.4851427631384929,0.11655629677409751,0,Healthy,3155.2859593809985,23.46948988797924,2345.5686560526424,21.807017793611116,0.8868782740270206,29.608756798074815,0.7844881940325908,0.7215893305309549,0.6130191443214628,0.591368256406096,0.6219495088750666,0.6125760945881807,95.61942922062926
0.06922923476313175,0.06790802767640919,0.1978858672893215,0.1606875772420125,0.18688433068121063,0.251223847212521,2,Diseased,730.2518961672755,30.354261806181857,2281.032081348293,2.2712129599233295,0.03437280042634294,93.66257630931028,-0.028592485541275154,-0.014827026336641872,-0.01865151512054069,0.07537074225019776,0.4669539506686066,-0.14685759889727668,50.07056506205569
0.0427236975527424,0.09157290184711617,0.05207750597614124,0.1283458635542637,0.47608614309959024,0.13029568473924819,0,Healthy,766.925788264007,30.37584873919288,707.6326740288503,12.114164535089152,0.022811572313826356,36.00026786853873,0.8027978257069972,0.7220248321283834,0.6185911650066662,0.5753174384613553,0.6773665246801592,0.5702520042367178,87.60127121664937
0.06344222573195409,0.062062728710628075,0.1375675826398626,0.2044618452776082,0.2908066068680013,0.18658971620264436,1,Stressed,3173.328476263337,6.30781847974074,1809.565975174144,1.2293976263499253,0.2057953415650221,34.28720503629137,0.35772234743405834,0.23353976484298938,0.247592551003741,0.17433930926336202,0.6482395850574177,0.21830266268495785,66.52433037877904
0.10479296083862025,0.04315231075938656,0.12732657537260247,0.16412884507297082,0.2359671693449239,0.3356573271702125,2,Diseased,1799.235899011903,2.5801831539772,772.1744480657055,21.382473751626712,0.8276216446853436,193.72211898304897,0.2990433844831527,0.22372824388331292,0.18876644255558603,0.1795527070694383,0.6907968286753462,-0.1743979774993234,63.90249785004357
0.06035535042594159,0.04166805064963578,0.150107691058579,0.17330130833838045,0.31607155200275194,0.23835043054751548,2,Diseased,1430.5430256563407,28.141116319560144,2111.269473707007,3.607685817935643,0.15321318761720082,116.56394237150634,0.3560086808975572,0.23520254272856142,0.25766004665022224,0.29174123110839617,0.7670481312332371,0.14018405203900666,62.07261187967021
0.034129016992017584,0.06769895981274764,0.14895837027945763,0.14463572290984783,0.1483270280924313,0.483263480110418,3,Burned,2027.0672495835865,29.395093723885918,1698.590939980452,3.8622946472092465,0.28527928494835264,55.539108950135486,-0.0021236904646074694,-0.0008836834195377227,-0.0011877970806882603,0.012599912596245518,0.37323317129206846,-0.5303063335577409,42.76241131224488
0.03286125175963516,0.09075710890013959,0.03428902257429382,0.1578919884274108,0.5236835945408401,0.09632557344469436,0,Healthy,3438.6111983459678,25.0516680813767,947.0589274196325,-1.1772177730895326,0.6290686901401757,156.39787731897403,0.8770942304048958,0.8250308772597056,0.6938665889225618,0.5366853066442896,0.7045862622224909,0.6892769272943189,98.5179507252287
0.026831697889417586,0.08208451778913312,0.05770698782094764,0.18688232826788537,0.48067635636415457,0.08707532622060038,0,Healthy,594.7805022954415,11.059310984583183,848.0719824437142,20.22122599373551,0.18424281006138077,175.67265786398895,0.7856286143605125,0.6504496934692557,0.6110017560063012,0.4401021669835477,0.7082792173353166,0.6932626274553937,89.42230551041035
0.0710337463864256,0.07496436381350674,0.08662181319993162,0.23864198210786555,0.3241099998651015,0.16333986839120623,1,Stressed,2697.9312010138156,36.484434764201424,1245.070841099946,5.3545620773307245,0.30311634124357345,183.93276767361687,0.5782074174164178,0.4528456985589657,0.3911494810831016,0.15187510479988056,0.6243087817316039,0.32981879500923816,73.03909783892166
0.06561579677559394,0.06389245516458276,0.098530426768192,0.19114349878638018,0.34720315029697885,0.16736443887599226,1,Stressed,1303.2753454056208,3.4058706973315687,2061.590537214488,13.139800462068859,0.4669127271231922,186.93206933854006,0.5578954127422044,0.4298526506307169,0.3944124332632759,0.28988691371526454,0.6891600992005382,0.34949482188546055,76.97845050053175
0.050251287112160335,0.06967725386779473,0.13308884644370553,0.11452793026397917,0.11873645277665087,0.2940279300977857,3,Burned,586.2625937971584,28.45403051946117,2051.5555398867937,6.6285245078463735,0.22810928376793815,181.58845680228256,-0.056993451974661456,-0.023293518681521425,-0.028635096792507753,0.018041855672068483,0.2603801877197479,-0.4246768382815877,44.32551957654783
0.047800642047336646,0.06576708361543401,0.18658208009261718,0.09815914922757943,0.16361110747127572,0.4884782228854397,3,Burned,1592.3800726646975,5.418519114571747,373.427696220858,22.114544058778165,0.9924136839779331,129.59181720568125,-0.06559514228471099,-0.0298386510842671,-0.04052779889411283,0.25003587714181963,0.42656199844750997,-0.49819418185313435,47.3268773571959
0.06947972225642093,0.0902600194372696,0.10852247893638853,0.21402844479703065,0.438454166288506,0.2121056704236177,1,Stressed,2010.884496493394,29.450147239495333,965.0318740359802,2.9269279772900445,0.16344601732126784,71.78099671237614,0.6031915333140917,0.5258743266283264,0.4726920400358596,0.3439566269490792,0.6585678040538782,0.3479287831993245,81.19514039181746
0.053415086855368034,0.057556711448204706,0.18703786742680312,0.09136081248692167,0.0864868408652244,0.416510892846257,3,Burned,879.6734045028848,18.79766045205734,1230.2721196333787,27.929207501623708,0.8499371049202531,185.485697100582,-0.3676122113915344,-0.13902850545914427,-0.19498606350343772,-0.027405317167685204,0.20084291829765832,-0.6561143784579951,31.454271137502005
0.03893596352863876,0.08817292163919999,0.0995315408159837,0.21517655193606078,0.3767996402462612,0.16663004255655933,1,Stressed,1537.3892150187883,32.31463749469521,1588.280429577335,6.246899121139769,0.47009983149871915,28.886822960075275,0.582091000196637,0.41211828461800687,0.425984699610914,0.2730229487509404,0.6207392350836556,0.3867466214547838,77.19623092952051
0.08998672664948978,0.05481173866587734,0.15037214688018988,0.1321212852118135,0.21875609251610298,0.28291110279766196,2,Diseased,2297.730884058559,2.3486491114620605,628.9594193923378,-1.365193254823727,0.12912367972018846,37.91596393490942,0.18525795776333742,0.11822226653414782,0.11802161364001243,0.24690906377663008,0.5992822589887972,-0.12788360411447183,58.27290506656477
0.06496560232494293,0.08297361453150813,0.08998763708022695,0.2450480561789358,0.3043960744905103,0.22220853000958748,1,Stressed,2102.2784650767335,24.97873448161656,1037.6226451636344,3.4106831485226348,0.1184861571625806,89.59637039666029,0.543654379436213,0.39498123703642357,0.3595913569967502,0.10801465320799404,0.571605008130531,0.1560706879846522,70.05447734907918
0.04835807896314337,0.08403290880810742,0.06267623560803905,0.15787449998628794,0.5134592894413829,0.1598548560167064,0,Healthy,2586.429960381007,6.519505449603583,2248.313445249509,-2.412067482648868,0.5002960560508554,60.31466373157041,0.7824253607177256,0.7381023475236292,0.6283358914627442,0.5296691299592543,0.7187146120137571,0.5251700570354141,88.02664623812608
0.04987061231896412,0.058362358958777984,0.2310237827528495,0.08087008372847276,0.10378843411712708,0.47718480448126577,3,Burned,2960.1349586934243,30.707173422471318,1348.404529510029,11.40585558473487,0.3535201714692102,125.06789877365492,-0.3800200184598811,-0.15033231194220317,-0.2286179056925927,0.12411206054787377,0.28014708713520536,-0.6427083712803701,32.00669177890379
0.0434935062256043,0.07257407032837747,0.0414282359622257,0.14226206898697494,0.4469403905332289,0.10715146640583127,0,Healthy,1550.1630948389331,5.3980034090257085,1937.1150972955668,3.7587927253214133,0.23460229911299368,181.53387497810152,0.8303402886003663,0.7403593652604153,0.6154264809669545,0.5171029269350448,0.7206080700388786,0.6132357184819826,89.30381198461644
0.06382602282684073,0.11094743183523295,0.049910661321080296,0.16532367933700567,0.45591861587618493,0.11725294026160954,0,Healthy,1595.7920090253506,3.311249532836662,1366.5127142919478,26.01161155557067,0.9589391371657489,100.75110864262729,0.8026580603996701,0.7950418155757896,0.6054824010241973,0.46776424287373064,0.6085585463234262,0.590862658970696,89.6687386589536
0.044201885987249376,0.12713371813124158,0.03274645737992297,0.14521002728826507,0.5317704650509145,0.11204409188348854,0,Healthy,1839.0840437020054,32.090525918262564,1322.96166808102,13.099501707705123,0.4633797406331909,113.00476571661379,0.8839841269635079,0.8931973156685428,0.7031696619397083,0.5710067519329761,0.6141055878935799,0.6519367450258252,95.64820027233816
0.0554607036079433,0.1201638916860077,0.06901485647311513,0.14880088080997167,0.31360097573179424,0.18011101859090742,1,Stressed,2068.966148658302,2.8589370555727047,1668.236155183709,3.167895705525021,0.9288109813723276,87.51107715131303,0.6392472351620281,0.4661500754569318,0.41567255123304647,0.3564001507051382,0.44594916305191784,0.2703802135093209,82.82343175913988
0.04387703141262015,0.12137993415205459,0.03741193540315664,0.14243429565271587,0.5443345037703048,0.13096175408164284,0,Healthy,557.4648249850425,10.103886806918224,870.6019268171585,10.79446154667295,0.16399972606481883,142.97598619530802,0.8713805973158542,0.8802399321961593,0.7029224391091967,0.5852045151194909,0.6353393274522686,0.6121353979988083,94.74085382611453
0.03833072069891435,0.07560873267060225,0.06048029577617253,0.1308308178860947,0.45071719155166595,0.15545579846182087,0,Healthy,1231.6966688427544,37.113083870655245,849.56461847375,1.859799524914851,0.18346606723001224,24.634312070011696,0.7633779465184446,0.6392637230150903,0.578873410199376,0.5500601205294048,0.7126923347133695,0.48709096756746967,95.24123090087154
0.07194826825915565,0.05373664563600125,0.16006101883358803,0.19785858181014118,0.19776808163623508,0.3273242163419228,2,Diseased,767.2429247441801,36.435973851370186,2476.5784807615396,1.2555281573721455,0.5960276909424516,14.475027755679502,0.1053772923984255,0.058243042592888566,0.06593457078297679,-0.0002287514467054042,0.5726788193429926,-0.2467302086456708,55.45569004987046
0.0354640072006837,0.05572435635407875,0.15994984894935893,0.14119531798679483,0.08017969168684587,0.4491518844473623,3,Burned,1473.3141157356342,38.43565910013492,2211.782420502289,5.522976454670539,0.2698756426168226,130.06100251446674,-0.3321963375651525,-0.11242208391296307,-0.16166796176549858,-0.27562109939007784,0.17994558577053613,-0.6970530427915295,28.475013933203563
0.04816775867200791,0.11087282007334301,0.04533583493992566,0.1781689768849271,0.533530715525321,0.13159867683458568,0,Healthy,3412.0684394943205,14.674495031492118,1923.060772189218,-1.2094487330868637,0.18493785561126042,109.30131630505961,0.8433634172839821,0.8450444688685684,0.6787607918464929,0.49931415938059676,0.6558900836886616,0.6042914916475858,88.81421041040944
0.05275814761913033,0.09823474311115366,0.0897833088189397,0.18624775176340527,0.4187374341615327,0.1636089858245406,1,Stressed,2123.012157047233,23.76216129375942,601.7179859221732,1.6026637918811728,0.09468538541331106,84.43481565877865,0.6468843668907749,0.5265789574282004,0.4892623047722684,0.3842898701722496,0.6199611873536324,0.43810425410025,82.8577137277742
0.08591556019488467,0.07690778482760183,0.13926318385263747,0.19998861847539431,0.2593278546621486,0.32525428609013274,2,Diseased,1616.9590157378027,34.80063086727684,366.49436460648667,27.831640554839765,0.07627067030716383,70.12856516643853,0.30122269744112734,0.20693095117313867,0.2004215449418682,0.12919030421336972,0.5425363732589799,-0.11277530684634382,59.17959302838211
0.03737610701142835,0.08634740754415,0.1888830176886981,0.09622502596271251,0.10429903505943089,0.43843874243479036,3,Burned,2067.5917542382394,6.164348175498621,685.9075092336045,18.338092214411166,0.7531683854134263,15.10245158840948,-0.28850326597890413,-0.1080378643127134,-0.15995819863136473,0.04026453809541291,0.09416187539879618,-0.6156558748526739,34.13174700344588
0.06105684685340107,0.056222396928047896,0.1578686576397397,0.19525125975053842,0.27994135604306464,0.2631896840919906,2,Diseased,2407.9526329096916,32.59758956470732,2363.008121916544,27.2385932210043,0.28216314636981654,137.70845167072957,0.27882572759861535,0.1724944016935755,0.19525174926784578,0.17822266528460573,0.6655058746895378,0.030842780848026528,62.02916761420651
0.05029423575584973,0.06555912031299442,0.18938137737824404,0.1423125966012501,0.046777099081470895,0.44386585632227155,3,Burned,1635.3464288583232,4.386885722759458,2095.8374945477735,3.9896429513724314,0.9784191533076348,87.18616948503987,-0.6038498994237892,-0.1974189422798084,-0.29057114925600386,-0.5052390196221519,-0.16719469162144496,-0.8093232457007562,15.50276746177141
0.06900882324896836,0.06594490080357591,0.14577893536992584,0.15388878977126755,0.34857089013119097,0.30220278880285384,2,Diseased,1677.4423540345279,41.096277388209046,1450.7672274748682,24.995466753032332,0.1831211274791248,91.82726770632526,0.41021952511766735,0.2972306534082701,0.30591641018233573,0.3874581469365565,0.6818219925278372,0.07125073142444836,70.01316340067966
0.0730583341412959,0.10089147542169502,0.07852595174564399,0.22545548316165512,0.4063305174314596,0.1841657256092032,1,Stressed,2514.6237269596386,28.678958213023165,2431.31730101043,7.679548239889437,0.3544466500238479,179.2217460253189,0.6760857692201292,0.6163831340555226,0.49926751656197543,0.28629161019250915,0.6021801899200968,0.37623404158494744,80.47256537248643
0.04625085201248154,0.12133159524885336,0.03891197025061961,0.09921584165008672,0.47336321634823625,0.08963269704920017,0,Healthy,400.8465245788142,22.198739071039014,622.4806263850621,0.046824339286997585,0.37490861948233345,148.82183709207837,0.8480817517265425,0.7986508283189173,0.6437744116777677,0.6534422852832009,0.5919533991467762,0.6815866747016367,91.95227759734955
0.0602878091974551,0.05536199558648565,0.172384873166234,0.12787039019220123,0.12054863669965024,0.44865454150381323,3,Burned,1982.2658753515357,21.81281646002239,1530.130968013281,23.164748500146892,0.5001527927368299,47.791413995191846,-0.17695563310855067,-0.07610891124123449,-0.09805910930972736,-0.02947339939868816,0.37056678473797017,-0.5764301950587116,40.44580385070455
0.027858126289569973,0.0646549677416628,0.20233000766249026,0.06518407137307453,0.10970422250477015,0.5306642983254146,3,Burned,2006.1817803184147,8.161292153020968,703.0886780771616,-2.912245384803745,0.8706358689794534,133.1474668217476,-0.2968449395427557,-0.10949977331396286,-0.17109953110839513,0.2545633421134434,0.25837039112037896,-0.6573715845700671,35.48172564932028
0.05251725008565195,0.09314785028892004,0.0522946036445843,0.16595718400558537,0.5008252588100155,0.0923175314598294,0,Healthy,2697.282461723657,15.566281760459416,974.1429305694729,9.16984936272382,0.8347702099641873,30.789787108213247,0.81091039664688,0.7892700576483569,0.6388598300590431,0.5022148879149315,0.6863566639843013,0.688717332764284,93.4978889583231
0.0676900224140213,0.06451828230035901,0.11045118706405252,0.18259532372361884,0.2712250287023497,0.2968471633465691,2,Diseased,3442.7276827109717,32.72056493927171,2368.2970417190963,23.67601339790752,0.009956330863795326,42.84245423116791,0.4212309564617625,0.2818107859057874,0.2735253094159541,0.1952968890707036,0.615668975289379,-0.04510365856981846,66.45787853479494
0.03478677081362715,0.10152171145975075,0.04477587568568977,0.14072510124404924,0.5708472207895323,0.11202070449346166,0,Healthy,2825.990796396467,24.342462938447483,2210.212736407104,16.601472390627823,0.40925506695826264,144.25910194282474,0.8545347625365912,0.833128685717553,0.7073240174712085,0.604467178081882,0.6980178289611978,0.6719110571591326,100.0
0.05327885770308426,0.07118984278304014,0.15023880715642116,0.15301679281292738,0.2886395607118741,0.25840243285629044,2,Diseased,1862.5024217465445,23.81877918451183,523.9573283872894,13.13229933898926,0.827936731040582,29.548631558730023,0.3153510415065063,0.19324521599727032,0.2211161053730235,0.30707758134980595,0.6043133489750341,0.055273868657904464,70.79658856253715
0.0534572657980158,0.04989131082143682,0.20325687560552141,0.08668095208481418,0.09827336012602243,0.4488203887748948,3,Burned,759.1954927036892,8.786065254551072,848.9963722340647,7.377187252625326,0.0001978078267101946,59.63782051734069,-0.34816910398092243,-0.13691941397720953,-0.19646828557982024,0.06267714051036678,0.3265423918520932,-0.6407439729400367,32.950209295672096
0.035645925270560375,0.06988160423792995,0.045291783422244644,0.14179318537096774,0.5403743617011474,0.11463533600933466,0,Healthy,2141.261206389463,31.06630403791578,1607.9164330805113,-2.3730459364192926,0.5336395722182439,180.12175225679016,0.845332403021642,0.8012182568146463,0.6840259907834658,0.5842863270145867,0.7709760756364756,0.6499736121162829,91.95252064164991
0.08218911766011344,0.07603389768086845,0.06546786637752444,0.24637689439335947,0.35140749551121014,0.2101012157526892,1,Stressed,2953.1863261518633,17.64152554776076,434.9761321498137,29.68401951125646,0.2594756213332019,148.97151826490142,0.6859115419512092,0.6338458986938775,0.4677947045485456,0.17569980269578425,0.6442370715000614,0.25165464828481166,82.57665291967012
0.0352089682908802,0.10400104251964963,0.05739326025674903,0.18384630312235625,0.5397935994011096,0.08556097460906797,0,Healthy,3276.9664100295972,8.223900229734037,1510.1862241731621,1.1170804353766952,0.4127685492421006,186.24460593999888,0.8077879197523854,0.7444054919186123,0.6595052572422644,0.49188455489899585,0.6769123595253149,0.7263601105779197,98.81111117973815
0.08324163069163507,0.10645008663046245,0.1224858666742462,0.17002210017685462,0.29315651421521927,0.304637997485923,2,Diseased,2923.524252330532,42.470313821834814,1585.8811587468233,3.935796624161533,0.42030469987880803,176.95750168243467,0.41061896303632955,0.3039527929490978,0.2795916548411137,0.2658464953990044,0.4672255726441379,-0.019206404297635454,67.43348918835022
0.061896220052876434,0.07504506718589227,0.1898223328559262,0.08661909751652355,0.08828907026201006,0.515132167990872,3,Burned,823.5964009964596,22.80594360895223,940.1277989270109,3.2570516873116215,0.3917544407175144,65.95298728518594,-0.36508125091169785,-0.14397785083848785,-0.19573018892063276,0.009547711071582992,0.08108532895940915,-0.7073716727157415,30.880954430009286
0.04790801721178989,0.08404660405847925,0.03838266641065653,0.13571737815599896,0.5954395179228483,0.13638681840348882,0,Healthy,2551.5003523527935,23.761649138056445,944.8705562752715,26.77794923399961,0.891950122211263,128.31359972380213,0.8788850508745032,0.9496849490919778,0.73696323942527,0.628759895372271,0.7526171466858169,0.6272699825904573,96.89277239995775
0.08691555081900539,0.0750128266300348,0.08408642316658828,0.20720214537926243,0.32787367672305834,0.19167940214206944,1,Stressed,3104.511326703283,44.161735959666274,803.9743912941558,21.729093745323564,0.5364636089695346,78.8456572337458,0.5917739307861005,0.5162684626994328,0.4009834162362156,0.22552229815664762,0.6276230196651287,0.26213735901076307,74.6199899747456
0.048469741237937874,0.053389309041928595,0.17233080884856614,0.09840307271788522,0.07315738037895703,0.5063943519507395,3,Burned,2447.3559898690182,16.488276172672204,2358.4880144312942,11.006542980376782,0.9037467238279847,140.93534466709139,-0.4039845042722126,-0.1421947942662692,-0.19954728037084868,-0.14715332357594263,0.15621167069147482,-0.7475380366043688,28.638509559113118
0.07972211807258857,0.09055208248645431,0.07905816558467091,0.1912188750673554,0.4062466417852321,0.20102630354998396,1,Stressed,2462.98173506311,42.43593080531023,1155.5165095379705,28.439806188315067,0.726742407321351,72.94911922192803,0.6741916924990582,0.6377049176027904,0.49810242033617524,0.3598998721325899,0.6354576562309288,0.3379375558095882,83.35517970927377
0.05498374440296732,0.10299452526867273,0.04094634787318168,0.13639861691943178,0.4648060329475101,0.09827358884237042,0,Healthy,1850.5355446285598,31.2716412510966,1587.5919388505588,-3.1525816724745392,0.35112007097400566,5.2568875166115445,0.8380774718366139,0.8163040415693137,0.6321531357163267,0.5462489530616099,0.6372158252949868,0.6509424660594282,95.1550419116363
0.05835398727554724,0.09259510709478339,0.11167573090585897,0.22271355106023336,0.30033364366376564,0.22088622385508253,1,Stressed,2302.021533014167,28.489303473515992,963.4640633577319,26.278463342757824,0.4935636815489549,23.317951958498167,0.4578971252195489,0.3077148730386652,0.31028942675891535,0.1483997847660629,0.5286926214511327,0.15242592087407517,68.52927674030263
0.08300498011156729,0.09323895178861033,0.10664035593877746,0.24460403781512632,0.18081907708404218,0.35449968688209493,2,Diseased,1171.4563734359697,10.548823587411626,1845.8608097127894,-2.8850432509144293,0.3898585382052917,155.34740361344092,0.25804934555368264,0.15478099319745703,0.1413000792660158,-0.14993298905930916,0.31956780270228824,-0.3244433377728675,52.82618455091289
0.08187109389811134,0.08032258830552008,0.1534218330172346,0.18287086132788768,0.19220007577182735,0.2988680266025053,2,Diseased,493.0732863929592,2.3290052574505546,523.1707963290136,8.68957435770973,0.8285742782003216,21.381022730590896,0.11219844762872132,0.06468655771355854,0.06878649055737024,0.024873199366890534,0.41052542818713933,-0.2172162030943822,55.60442679608978
0.06529080244539515,0.06215532649328315,0.11202183674828588,0.2260610802569505,0.36960151990287615,0.23247264354850847,1,Stressed,2931.4591856598213,19.700272722831244,457.61139480826074,-3.1098292568228603,0.1875978119709637,121.88742323184727,0.5348155861822093,0.41490195047521644,0.39360261568548105,0.24097607806441176,0.7120817859751489,0.22776076835895095,68.91945961727856
0.055502024960264414,0.06501085432622465,0.16927409674336394,0.09879371493772493,0.12183138736098284,0.4900227328550192,3,Burned,3312.3762143920017,0.45769328980762913,1937.42427328015,29.96391471151898,0.9364122822615515,172.2668099100425,-0.16297428369859368,-0.06890891813040835,-0.08995521406931994,0.10441999182788787,0.304109656791556,-0.6017632754461495,44.177504175907245
0.1007393130783529,0.07077947438838324,0.16219708355048915,0.1443742027203848,0.18496622262366097,0.30265425516282685,2,Diseased,3027.513706743916,3.195112984667255,1898.66950829377,27.00363258752106,0.5804244942519161,149.51474118421197,0.06558624719943039,0.04058369455384897,0.040315377162455895,0.12325246324785992,0.4464854936153442,-0.241351697656103,53.712350164554735
0.07150234307676365,0.08729539465725698,0.0819224142083825,0.18921014963998078,0.46363294954466655,0.19069714074231708,1,Stressed,1301.91472747665,26.789704006246783,883.002939509457,15.467963433618092,0.611757953968084,85.62056498981043,0.699673312188964,0.6725466379699119,0.5476188228550591,0.4203503047576308,0.6830970887903804,0.41712250236179277,86.25819721655455
0.04296930919102198,0.07065977629743134,0.13896738303608822,0.15992478190796286,0.06486730042889781,0.3428028707922194,3,Burned,508.64949931616337,32.601232488286236,1081.1027679943145,2.6245600899385932,0.5168014002519713,45.67782198216483,-0.3635302771454804,-0.11751458779536826,-0.1579207801814831,-0.4228684403035731,-0.04274035551454241,-0.6817657586110558,23.334339238266878
0.048806338007231234,0.06384768544204993,0.15582246664146926,0.07845544251050483,0.1153568773614773,0.5169979593696964,3,Burned,1124.4566791836414,7.557674936592463,2405.973102932209,4.687220381911423,0.5544964770449176,184.8948101096564,-0.1492207599238999,-0.060064909870980655,-0.07870851781096308,0.19039776713559342,0.287432352387012,-0.6351514250019886,43.56707220070147
0.061817669239491925,0.09021108124310256,0.09479542738873759,0.2099092193653264,0.3602677841125729,0.16867333953271524,1,Stressed,2981.3567401726705,32.96251857031982,529.5266489896915,10.73401781199921,0.6676754164228271,115.44793794808668,0.5833746701128885,0.4528984178186813,0.4169446860908218,0.26370506210011313,0.5994880507021492,0.36222262250517706,75.80535367041315
0.035411595068506996,0.0765819561671668,0.05154079992148869,0.1473921152216094,0.4507062512503727,0.1498660312425151,0,Healthy,2364.187875189613,42.73766219676383,702.9235464026763,6.297306387232101,0.6550352551008597,84.05691155707588,0.7947591577689602,0.6677847987745247,0.5974057696844222,0.5071308466308335,0.7095252325483902,0.5009225762965417,92.73228589496793
0.09898689602472607,0.07133534686753958,0.1631674510526144,0.1854100602199174,0.17007125465850126,0.30688619912802834,2,Diseased,3390.0910055396926,33.44292363267885,1246.0844029411132,-4.254013309777075,0.21414708886996425,188.70125130953926,0.020717291480236513,0.012269726985504631,0.012428257609216287,-0.04314939910461487,0.40900250066395105,-0.2868493625896185,46.670524027636816
0.0625011062030173,0.086554929399039,0.16417926767549235,0.1394461222181007,0.2977275924922242,0.2215609357057944,2,Diseased,1330.8473608424413,35.31218488087648,920.6175933221552,17.968960284099712,0.582440160873074,46.92846005502262,0.2891239196512513,0.18404771008099474,0.2082555946296234,0.3620562292004218,0.549524491924964,0.14667502011643743,61.79395492476497
0.03575226272206909,0.10814287336716394,0.059694097907482056,0.15827694771624476,0.46389388648857044,0.1564126519441144,0,Healthy,2019.85799696242,31.53206611207673,1727.8188069908556,16.469976643265547,0.3546264406884425,91.24496512845619,0.7719806277210847,0.650291996167175,0.592327856707002,0.49121064032328426,0.6219023529049114,0.49569238841885865,92.96889404221206
0.07746104636868358,0.0916833814670458,0.10168527447648473,0.14402968822454965,0.2674030054998253,0.2984089869282516,2,Diseased,2807.126131406152,10.113184820463804,1819.3237904827058,26.650874612659425,0.6370303058028788,26.18591328688374,0.4489921125213081,0.3195342640563021,0.2860199583885622,0.2998626899574938,0.4893519373528126,-0.05479908749791424,70.9468046136282
0.03379086481691849,0.06094469991819638,0.16133977428294935,0.10457939871328781,0.16223354184428374,0.4225259223518647,3,Burned,972.1734110149807,16.24004739701262,1458.0537845582094,11.689891403690766,0.5478345802679188,29.351650875409945,0.0027621793552381536,0.0011905213318029889,0.0016278469681696103,0.21608450043565486,0.4538472773497891,-0.44512725657912117,48.96547692699864
0.04314077223869799,0.11536769013140036,0.0623816030148985,0.1411628843541426,0.48727494732966925,0.11503492934735644,0,Healthy,3381.496916376897,42.717013324641776,1644.6340630860936,7.064813662943575,0.17967993371249258,82.72626991938284,0.7730160521479346,0.6906549377960384,0.6071890945576888,0.550749875354685,0.6171273453100478,0.6180207667451383,95.72914813228694
0.05752798621483575,0.06184764987798799,0.11597457680231325,0.14876630592153628,0.254769763785487,0.23932961700645894,2,Diseased,2154.912319222989,29.754476053655342,1253.5258304447589,12.903101402121841,0.734733917539036,141.43376941709434,0.37436898704759636,0.22840818312964814,0.2390974806029106,0.26268644414871584,0.6093224803463478,0.031249070666289385,71.1856756222597
0.03754238499987099,0.0882523020742725,0.04334938279638377,0.11852282138928229,0.3822724692854053,0.1287794528083637,0,Healthy,226.06195895485553,35.50611302703325,1972.8519581953653,1.8143246813543872,0.45701344747949024,71.08431911006576,0.7963009344287225,0.6226537058748279,0.5492357630686674,0.5266615871610435,0.6248771135103688,0.4960220293825835,89.87880996849434
0.07046710632229111,0.08072961511228463,0.19933803592034177,0.16667071643412948,0.09443700907586389,0.25640452237208805,2,Diseased,283.0058095724409,43.59125784801048,392.61669526179344,16.893912313867524,0.551441552286137,139.47160465758543,-0.35707942202864285,-0.14884122158212915,-0.19823190370660992,-0.2766433067070163,0.0782534529313156,-0.46165432014627145,27.294572818917153
0.061961462818673166,0.08677276251343306,0.06283514675774929,0.2354158178723591,0.31121952603691977,0.2022828343676755,1,Stressed,3111.312854125264,10.414661423069958,988.3609406429379,21.951150897655655,0.672642864924813,162.01214150421654,0.6640322677513887,0.5075202936173268,0.42626231087452515,0.13867326293926693,0.563947504363807,0.2121444767302858,77.92612158568781
0.0495205365313989,0.0829461612788435,0.05937376966919648,0.13268603638236467,0.4896285881651595,0.09536105555831596,0,Healthy,2329.429041611556,14.475900029694907,1805.7460910687669,0.37115996814922525,0.652871773917137,176.12769335740057,0.7837030288105765,0.729508972416502,0.6152342907255043,0.573572485632324,0.7102695677350913,0.6739735140567353,96.56685533733489
0.026556566915811264,0.06010802084856015,0.14628084712711698,0.11233015484935607,0.14456564465932895,0.49294363686448633,3,Burned,2718.139312910745,29.016074377552485,1025.2192373258415,6.143412617236521,0.7489288200900446,13.7203032904787,-0.005897277282872108,-0.0023520714591238495,-0.0032532276438857967,0.12548079266697057,0.41264526862670914,-0.546467317162456,49.05097471968532
0.017482227093809533,0.06765965436175028,0.04215857706529591,0.1756266771292904,0.4727714634052544,0.13247352652958228,0,Healthy,2787.2528031577967,1.0960863202803295,472.77761697448875,25.373034277823955,0.20675172864311742,155.87767271975284,0.8362551106630081,0.6751084962831422,0.6364175828772349,0.4582751909933662,0.7496085777245595,0.5622482414762783,90.65807580698409
0.05800501101762271,0.039367608626739464,0.12381978099807409,0.20810906986767605,0.3733286115171171,0.36647767124754016,2,Diseased,1587.5172616275622,25.704858480016757,1059.0295426269056,12.693611202183767,0.11039123373735693,33.692713833683534,0.5018799804177564,0.37102573644973574,0.37533354597422897,0.2841569167212784,0.8092174788559771,0.009260451467606432,71.87178752124537
0.031732949530831056,0.09600379698887235,0.068262093469068,0.15149553578271022,0.5391879883698899,0.11003615153131259,0,Healthy,2835.417112269596,36.390977078152446,1865.2884979350592,13.614282633714136,0.6691795746743444,141.16114719337017,0.7752503476872794,0.6881809087717947,0.6378516265037738,0.5613170626151377,0.6977171220083265,0.6610226019840523,89.0995473262732
0.059427658012252756,0.05943558903112893,0.19319771900062993,0.09996855991061608,0.05484616171988041,0.3916480300055752,3,Burned,3293.8570678813758,27.469951822085633,568.366703557299,20.284286896867304,0.23598494666568215,77.47418079200034,-0.5577704690846049,-0.19559689723238538,-0.27742668377551416,-0.29146062338842144,-0.0401588782067132,-0.7543252901922131,15.583337473095467
0.10240140618272103,0.08423427568341194,0.16527102577841724,0.19735194594050517,0.19634367975078665,0.2698695356136476,2,Diseased,768.1646556397513,13.292697775324989,1894.18900126564,15.226248532746428,0.11460486854982666,143.01969305049803,0.08592751521988323,0.05470694479592043,0.05409492214849984,-0.0025610296338391143,0.39956595983538384,-0.15770864459150968,47.74027687880978
0.040150050722755584,0.05423301511072497,0.2158988360696103,0.10220361155562717,0.08389785818970091,0.3788955574018047,3,Burned,2721.650118488668,32.58468375012278,2006.0025759866662,-2.5647081174163295,0.131237492809408,46.69572767905939,-0.4403016310870924,-0.1587950738451518,-0.2475647445974818,-0.09836436223385701,0.21475894724032707,-0.6374284570595645,26.593732267321403
0.07235629697814273,0.07779914381479985,0.09011320099634612,0.25671376979823357,0.37051843513357685,0.21411948758312216,1,Stressed,1215.7136251313646,6.571423110597551,1697.6616377299376,23.13865991520625,0.31280012389951406,130.7731901856941,0.6087407074461865,0.5122397239863277,0.4378450917168306,0.18143944559307362,0.6529284117658907,0.26751419775945623,74.55653270336977
0.059110760309611016,0.0819069722711829,0.10797963801404692,0.22227814877705876,0.3264995640492326,0.1561782408208415,1,Stressed,1260.9269100777178,40.264806117533254,837.3149068279173,27.29926130369637,0.9917870480492451,29.47524697707841,0.502946792315945,0.356814599551567,0.35076209809853154,0.18991553581187146,0.5988948854560096,0.3528675194534013,72.34763409936555
0.07727396300685926,0.09524298483917372,0.13282655945835384,0.19568985984741985,0.37310876535633747,0.2503930358282309,2,Diseased,1562.0910084200746,4.541176396820493,2071.649785829135,-3.135296845321572,0.157260326687085,38.100381793077354,0.47492671367970707,0.3776802579193726,0.35829669798145725,0.31191865544009595,0.5932843732692924,0.19681695758824408,69.4370125192328
0.0454447215499657,0.055505165702302954,0.15275812703012548,0.07910382211386827,0.11264352221666013,0.5685833242098719,3,Burned,3050.274415696682,38.85710101930957,771.7735039126237,-0.756258523985716,0.2985365622984678,124.82007540708913,-0.1511467747688966,-0.059398882461964946,-0.07861481157411107,0.17491610364009053,0.3398084982013611,-0.6692921714579866,39.334611946771254
0.03613557746729807,0.07479590373650935,0.18850324307233912,0.10212972389205364,0.0978915423395695,0.3925810159897132,3,Burned,272.78502212316226,22.40142424813046,2292.806094776971,19.569132077261816,0.9207341518821429,70.67044087182033,-0.31638738616896633,-0.11570045724262078,-0.17283628006205415,-0.02118865368890241,0.13374242187507343,-0.6008276357920624,29.959849341609896
0.032175836660385544,0.09127609098577592,0.03866228974580272,0.15902174567407643,0.517620968950502,0.09825529356823293,0,Healthy,1631.9564824738711,19.289115156951084,1854.6205381125806,16.156587638008393,0.9633080631408026,142.23672425719266,0.8609978156042298,0.7938843710845956,0.6801565830856772,0.5299683425627417,0.700192034113982,0.6809252021793256,100.0
0.06563941743791156,0.07439862746238249,0.1519918184816891,0.14703226303228373,0.16304551116092103,0.32610330315605573,2,Diseased,2444.157243578593,22.52977922589441,420.38383862353135,8.388094964011104,0.22884336115151804,138.60608990352404,0.03508692871699475,0.017460174200937206,0.020343287616881908,0.051642681110813445,0.37333783212815064,-0.33335006421168556,44.47171300594141
0.01679643987613855,0.07673470881477919,0.06328478810791731,0.14477157585653924,0.46996516861153315,0.11421330023494031,0,Healthy,564.3710123323225,9.009283639181454,2058.431661055659,13.873702712912998,0.8804526970506575,126.21862809974029,0.7626449243035311,0.5898361620512648,0.5903901189488812,0.5289965019846288,0.7192803013879457,0.6089780456806028,95.92912223724996
0.04906069595439508,0.08734711209640805,0.11649875779228205,0.2013241668999678,0.2802942078123293,0.17328175108977245,1,Stressed,2814.4368701574745,20.595851080146613,1414.1537887917962,19.616849880037055,0.13891794452301365,147.45540554069197,0.4127982602778306,0.2541305830846148,0.27396866580542323,0.1639680780864202,0.5248242784994225,0.2359306137438997,65.2860264423575
0.035900302969161246,0.058914633673148434,0.14897666581410868,0.11022797992348744,0.05801782845152737,0.5187663983431049,3,Burned,3308.278573061265,38.237391715439635,1295.827571888713,12.656676165832526,0.7615364113005156,159.81737192941443,-0.43942633977303014,-0.13514420478801648,-0.19298347472388355,-0.3103206485381124,-0.007669428391669254,-0.798823096227628,23.445356945173454
0.05378290401246212,0.09136200035415071,0.08573905836617372,0.19837774471886277,0.38505180134360534,0.17842439312111177,1,Stressed,500.08490955402937,36.04298589984595,1225.124623936671,-0.09340863775227692,0.013008160647371536,182.72754008200567,0.6357658192520687,0.5001501668072804,0.46247768543637835,0.3199598900758385,0.6164594597769045,0.3667012139736805,83.29346508892806
0.04826162299905384,0.05214203730617227,0.17085233487182513,0.10655201168542258,0.11155947854420474,0.4571052192861913,3,Burned,704.7288548418978,7.3371840521098175,1634.5861461700172,-1.8697389803348434,0.40661962924096007,20.700586748943234,-0.20995174922359464,-0.08352464916821108,-0.11367323681679478,0.02295828901048458,0.36296204894473577,-0.607644075645794,37.00769268290206
0.06950865566600613,0.09907187373825851,0.12103709721055039,0.2167218967158087,0.4058917200274861,0.19376533433838872,1,Stressed,3414.5208423224694,30.30394401580778,1894.0727017225147,10.36005573159336,0.24733520671738818,116.4520578817977,0.540594114598051,0.44210133111611977,0.41607745628739856,0.3038318070569191,0.6076078434190733,0.3537461630897598,81.61374400483807
0.03036361555631196,0.10679528134468258,0.043435138931812764,0.1368100460765346,0.5294980422681452,0.11068503983189273,0,Healthy,852.9236145929473,38.55767692344414,2271.148554594033,27.30096652470918,0.7040080141591227,151.01148255597818,0.8483762344407323,0.7777594966263571,0.6795337873638587,0.5893489770980901,0.6643205870528089,0.654208159516351,94.01545524870913
0.06004489936799933,0.10621284307426307,0.06968616156973056,0.1965298147256165,0.33445466639637134,0.17716898289119642,1,Stressed,460.5009298205748,36.889541487846415,900.4785884838956,14.522271114797284,0.01605613135518469,47.30358405062607,0.6551391988969171,0.5082963617275345,0.4392598371437031,0.259753069961262,0.5179456466323883,0.3074245700916061,78.09496759500001
0.09387237143712754,0.11633053992280211,0.13416864494316014,0.16376056933693053,0.20125593048660778,0.24209291988630494,2,Diseased,3342.235370106471,19.153459948373165,1687.7078004029322,7.537702415624718,0.464901706051533,56.40612288050446,0.20000706107303087,0.12879357309243158,0.12045483227358438,0.10272237046977356,0.2674087085014636,-0.09211028390903736,57.12473488749417
0.04270422805864354,0.054837024031384914,0.15929011262466672,0.11140401807824184,0.09969949314651103,0.42479279649838975,3,Burned,3145.654942371247,2.1641778155752123,1809.9537452298857,26.804715933236242,0.6967290247449353,57.05804714540706,-0.23008883696250254,-0.08585760401934142,-0.11776963394474405,-0.0554444798638366,0.29030333432743916,-0.6198247401763152,35.637004619391
0.026587691804091776,0.062375231051279,0.1640385288654911,0.18816003320649566,0.11782903704942221,0.26210323423241294,2,Diseased,2363.8940600193328,41.90262403381871,1784.5537075311638,8.602125466262834,0.04670487325018291,116.60492943753106,-0.1639404307717112,-0.060717197499137586,-0.08865214501700536,-0.22984805895116003,0.3077274667538952,-0.37973661173573087,34.12936312471747
0.05377970997994699,0.07100370680697222,0.19805686945819323,0.12825215801272466,0.15742976225811345,0.4473102669401876,3,Burned,2019.7220600489259,17.81483021316279,1384.6014251225338,12.820126832703131,0.8974001821299723,76.40326085080365,-0.11428588991116556,-0.052289207560106604,-0.07123508168153089,0.10213318083410887,0.37834233320290395,-0.47934729948816746,47.66632635714484
0.054525384189795925,0.06675606633164478,0.15963635478473465,0.11873933083828683,0.0924031389214766,0.37193433020812133,3,Burned,3233.467897799142,16.24394867653547,1160.2496060481424,-0.9225234279947578,0.3611974073964489,134.88847432371182,-0.2667566586769198,-0.1024096728638254,-0.13410176366783605,-0.12473184906597377,0.1611409841965078,-0.602000062132884,30.927514981907503
0.053208496463246074,0.06560329178232256,0.2103498124111994,0.10142589226994875,0.13504010155979773,0.4491747372234462,3,Burned,2363.216247867695,34.178172501546584,1977.2333975476017,20.809033093178343,0.16526583224224256,123.99673798374758,-0.2180425820925961,-0.09422782047157408,-0.1336242165585333,0.14215239715409972,0.346070733554481,-0.5377039565459573,37.41273356083051
0.02971794810269421,0.08434880830606523,0.15341935293291747,0.1611504004383476,0.27172749855656186,0.3299620867194467,2,Diseased,2372.7089757397307,11.878749697141014,960.021568889763,19.510603500030047,0.22546449603046081,133.13680745509447,0.27827594730244065,0.15018610712859812,0.19182059175961938,0.25544638758526855,0.5262318255296564,-0.09678510085615047,54.76030163970553
0.06510314965302506,0.08558478414709125,0.07504744401712415,0.20568921497067166,0.3311382162951863,0.221211221752907,1,Stressed,2984.162361866445,37.563656542528136,757.7169572761348,22.798539750076515,0.3389059287804632,54.201935277799144,0.6304771216600467,0.4950912833792324,0.423904472341417,0.23368589546894525,0.5892485559832265,0.19901711666544092,75.7423879874839
0.07005118863303285,0.08315765705826964,0.11419323731275753,0.16826371206407376,0.30192173044390846,0.15184600395624748,1,Stressed,2355.710735064989,3.4223202368692034,1500.8242262722724,6.3816959699717195,0.19837510182229212,154.6374182854844,0.4511457245380146,0.3210796442047574,0.3073770722385478,0.284266596652234,0.568101214462925,0.330732469065312,65.88830689785202
0.03084843884154074,0.09325044427203028,0.070132464547946,0.18355138899750822,0.5361631529911884,0.1134968119399249,0,Healthy,1862.1337272243359,33.33200403222949,888.7438868567893,10.261862667316716,0.5105787539152029,134.48693239989532,0.7686525636590735,0.6751740422083552,0.6318799561920312,0.489932797689518,0.7036910286147238,0.6505962462841903,94.22676083243918
0.054377378056535856,0.09656483510301458,0.13342242457126496,0.23891171589473478,0.34250321997662164,0.15260843908416727,1,Stressed,1486.080943064878,43.460527069868924,373.1129580819859,0.8919599034519425,0.632931736499356,30.47667446313293,0.43931398403806665,0.3012331412761186,0.3213576686364753,0.17817138141613487,0.560137264433021,0.3835392957970042,72.11948063168518
0.05238600790928444,0.05742478801090208,0.172628376790134,0.07656483296233445,0.06198734790610074,0.3850355811662424,3,Burned,1860.3418462110944,44.80959585933781,413.4666354410719,28.757670663377475,0.43343010888332467,44.033706219767936,-0.4715840096031244,-0.1622433261243234,-0.225916129328043,-0.10521295235292259,0.03820850768706441,-0.7226658970354579,26.597055330423423
0.07134372245444709,0.0991626737461628,0.10986863976367392,0.16579445818553967,0.32188158085384044,0.18998333565465614,1,Stressed,1924.1795419877417,41.571196202887485,1829.0231580511243,-1.9872928407241073,0.4270321498951223,63.68820352976069,0.49105460994643424,0.3665467961327594,0.3413140144054308,0.32006312997277553,0.5289679158063418,0.2576817405694916,73.63152479948616
0.037988953454811694,0.08386396062032152,0.05591320728852485,0.1462361628589784,0.4615727105104295,0.13899359805632716,0,Healthy,1390.745207690231,39.18430824328392,2440.9208611825607,17.715465628618254,0.7816995193687025,187.52809402855257,0.7839044144587931,0.6706735068291231,0.5980321085611011,0.5188087181341821,0.6924887213435583,0.537124881102112,95.65282679264988
0.0859167731043955,0.07928350506668089,0.13879275565889415,0.17164900679096703,0.18392459075132606,0.2817107026123184,2,Diseased,1678.790749635142,12.549610100597858,1300.314443977365,19.684008809781517,0.3010167129578851,68.6382234028255,0.13984941992107436,0.08221901113150375,0.08228555300453957,0.0345233270973266,0.3975602702638587,-0.21000579456627863,55.15087923403845
0.06577768204931886,0.06573362470172944,0.16051188871215508,0.08799989450577761,0.06915972106310475,0.42627337234116086,3,Burned,2846.17737844962,43.49917631833938,623.5344762864152,0.5207765777842877,0.622768833907242,8.876421119737252,-0.3977512229784464,-0.1484051266829598,-0.18779441019753573,-0.11987922072527016,0.025398555339880342,-0.7208110415396627,23.574909584804434
0.03932406230955114,0.05356438875049352,0.1424008421296451,0.0956073769616517,0.12164985879428471,0.5055179738381745,3,Burned,1574.49411663043,41.75534672164588,2099.7830631645766,7.786312204067144,0.8929215850434725,32.61701884347573,-0.07858711405377936,-0.030858785146593428,-0.04073875537057067,0.11986933619644959,0.3885840741378657,-0.6120660036277545,43.070809766387725
0.06568263905187591,0.08348699350111671,0.09919315226931975,0.18703664718640964,0.2994483656648372,0.1947304158758043,1,Stressed,284.3472298969169,24.046762816133395,875.1589733421836,-3.4905701633130852,0.2215143650960122,11.273505611908503,0.5023440845043955,0.3570916536540392,0.33426323039378286,0.23106922761895557,0.5639629805783979,0.21190296221043073,68.87852326093724
0.04147780369632782,0.10185590215449258,0.056096325069555836,0.20292779782555442,0.4446084415199803,0.15636068381425688,1,Stressed,1133.9637618537022,18.09349444771558,2490.378215528537,14.481289015532436,0.6199007300244572,83.55365260792723,0.7759305175730646,0.6606886553057021,0.582357742571937,0.37323106457544675,0.6272184764857769,0.47963820562167553,91.54355796760784
0.07120936896234736,0.07799404665113184,0.12374569700798224,0.19324076077589847,0.18561999075409874,0.21753611819493884,2,Diseased,964.748151502604,4.917026410118471,1539.1811648195321,29.822834998826842,0.9479717800547842,160.4449131890923,0.20000373083929038,0.11096347245982911,0.11467182372047766,-0.020114962528776776,0.40827089892339097,-0.07916567786206559,58.517124127512034
0.051129658916602636,0.0916814139153933,0.03983983470591779,0.14113260240945746,0.4753487872308791,0.10429384814728535,0,Healthy,2818.8206390454957,26.578533502130615,811.7916068322213,10.04597348877556,0.5297952549554544,92.83497721485566,0.8453388245150356,0.8180628243512279,0.6434897005703591,0.5421350668753474,0.6766259817795035,0.6401443062242496,96.78941392151319
0.08163457186779366,0.1046937801173396,0.05955105887913042,0.25972960639665915,0.37332464083747535,0.18179753472057306,1,Stressed,1682.6670929569689,31.524567683498894,1391.2104929535567,29.650287713052776,0.9768977236971302,168.6038562846636,0.7248583713874026,0.7014071835883765,0.5045263458306758,0.17943965014487404,0.5619675797511839,0.34501792776371487,81.1432883193857
0.037549393488092976,0.11606956808394424,0.04477761520457493,0.17192284732710678,0.38873184064510086,0.15470045999547752,0,Healthy,1125.0247920159395,18.179846243168804,1037.8387980252269,-0.582110166686312,0.3100460441847964,14.268217665343792,0.7934180278310136,0.6250180857106683,0.5526792786093396,0.3867068163383901,0.5401376906737846,0.43065415152395997,86.2140951597643
0.04945065133797082,0.057403859686542255,0.1875961353088605,0.10504691662682895,0.13251192341822124,0.46525144059345946,3,Burned,2875.3261166773614,18.271330228373934,2014.838366179285,8.73590201437285,0.5642938926661981,96.59595850822897,-0.17208004818398703,-0.072970476468266,-0.10075052421348085,0.1156134860317091,0.39548087341133886,-0.5566408576393244,40.03375160132085
0.07500892600521522,0.07771355663990505,0.15669435493731276,0.16953681956396094,0.16764914696953614,0.3017595845729048,2,Diseased,263.41545503681965,25.79901258214367,532.7949487777228,26.568773951696514,0.31103575120095284,158.47969756523707,0.03377527722943811,0.017723351867837033,0.019933665772809424,-0.005598312877158659,0.3665413909335347,-0.28570076723047827,41.28217565974242
0.06132689820519589,0.06969804487391745,0.2068565520667854,0.09043334477001211,0.07127821821776824,0.3610697700671687,3,Burned,775.0277810130181,1.250284315822281,2185.405977471606,25.684341858011525,0.003719425067400639,136.57083244252036,-0.48745551962365136,-0.18297008985327254,-0.26135253933663904,-0.11845241622682948,0.011208789317498127,-0.6702738372768288,25.203112133468863
0.06264539809338036,0.06874277678919063,0.18819963769610623,0.08128533601631296,0.10072232219451736,0.5010892876148322,3,Burned,2928.95090400614,43.10396533740371,1988.1411673810962,6.325705225442448,0.9973081004456583,171.30097974239106,-0.30277142141424873,-0.12425192572227137,-0.16632313240126284,0.10679212787721329,0.18870872946714462,-0.66526958310833,42.06110031374398
0.035782363506554275,0.050180901540491964,0.24716494999243271,0.07623602621759326,0.05855262479412767,0.44957401428545146,3,Burned,2017.1507012793286,13.045756819351922,2195.0003685832726,18.751370431891605,0.24006006803727653,58.39777116236714,-0.6169495461963254,-0.20743272920744663,-0.35113852935505235,-0.1311935387645692,0.07699301922704263,-0.7695352924307751,23.990621470924633
0.029691862797288464,0.10904405415632834,0.05781181205223742,0.13555279282265228,0.44546700128153577,0.09349880734349292,0,Healthy,2753.044256112285,6.340088779599605,2268.9862412916627,26.015606004522674,0.9731019852367316,102.66590527616948,0.7702592901911282,0.6174234029560792,0.579582435430812,0.5333969793623591,0.6067019543776903,0.6530436286960816,89.95384898609835
0.046876445583441305,0.051444735470914243,0.22289362357411252,0.06697644481888938,0.09456340521083563,0.4174688838954397,3,Burned,2965.980848714856,0.24697782605656804,805.5112104747787,21.84071131536297,0.653032826647127,136.99132277673448,-0.4042443628103342,-0.15421696639429525,-0.23548066554180824,0.17077494301945018,0.29531686785011074,-0.6306349799577451,35.0299112594718
0.03943045458786471,0.09804960907752266,0.06052644417615562,0.13810545312452005,0.46287652197882106,0.1523086054635719,0,Healthy,3308.479512342181,38.5601193623571,1446.2127759029656,16.99666689265211,0.9039336089485727,37.85554145096358,0.7687195070200208,0.6573029686855113,0.5897238241103226,0.5404006724069363,0.6504009818730349,0.5048365079273901,85.44061350071881
0.05248882884364626,0.10937529698488009,0.10258819073791739,0.18731951045443018,0.3786197554014676,0.18796868547742734,1,Stressed,409.3011777010154,38.84433191098511,2169.8288843660303,0.34014650960078896,0.967202747053633,164.08230936202222,0.5736221962705784,0.4311692431669364,0.4219771602998579,0.3380225637418867,0.5517360300736518,0.33648950949900464,76.39649104043066
0.04347207793362903,0.08214210060018944,0.11968203002393524,0.18678178767306075,0.2966413037642718,0.26414136471813965,2,Diseased,2837.474652884958,4.288797203296955,1130.2535386554455,-2.4449057600302786,0.567829206341983,65.7366599042397,0.42505248956291936,0.261976693267779,0.28967821502085034,0.2272533434264362,0.5662845706271964,0.05795460575580433,69.8148760596886
0.03517356985222224,0.11667481360079733,0.09283874660857651,0.1800195255811881,0.3941699784466213,0.18820106158933564,1,Stressed,2538.928289125455,6.850858629996045,432.8966689503914,16.511776293579633,0.9996913443012582,23.194924263560477,0.6187388647226046,0.446442911977942,0.45794614748955553,0.3729612743416651,0.543208355519424,0.3536730008206429,77.29209281471311
0.050491736214413496,0.10928657527697279,0.049292844082755374,0.15020493368033797,0.503708308830301,0.09966978756186612,0,Healthy,883.1844822326452,20.155600406599557,941.5955843847364,12.509648299118783,0.7673299092753699,154.3117516829823,0.8217260563319818,0.7995895011267523,0.6473147619663155,0.5405967439759323,0.6434339622481497,0.6696274143659914,94.07966343936572
0.030240411838850952,0.08258632065419892,0.05044658280963467,0.15000540208176358,0.45273086603200924,0.11997973534926769,0,Healthy,3274.617478922406,8.356687787984201,832.2246852445838,3.3312830906019517,0.5238145560935734,142.47850604773615,0.7994878867357575,0.6579261518102079,0.6015151352486834,0.5022519382732477,0.6914490094268003,0.5810109400281662,96.20997065005372
0.06358121095867261,0.0610870215281341,0.17077416705848952,0.09530098592450863,0.1251076835687238,0.4948005782345359,3,Burned,1533.8662050110938,33.11195115765406,2214.1377611160297,5.246942823565863,0.6549432841908859,177.31755189046564,-0.15434026064646705,-0.06824475136221461,-0.08606770504942253,0.13523377442643028,0.3438371599714114,-0.5963670941031443,40.89067094286124
0.04432434435620546,0.07700375792010841,0.07788329635695765,0.1834754924799862,0.38855181083799023,0.20455644449867874,1,Stressed,3129.1147406008536,2.6117885567575057,1320.4619687001261,8.723051202049351,0.19427135732659928,178.9545753602392,0.6660487236667214,0.5098211837244502,0.4821873330452949,0.35850791314226443,0.6691962616986731,0.3102222260127656,82.36324508816472
0.044684322589825166,0.09020847313998766,0.10131065161660102,0.2497669150283394,0.3293445023601642,0.18015263346729316,1,Stressed,2196.875225394254,24.736919957363973,1803.797322381889,12.343229824287697,0.011032621440349888,59.31252799340761,0.5295045080566272,0.355841187260081,0.36753761151846404,0.13741325687645128,0.5699781374099887,0.29282179520470814,70.34964937054268
0.05508079105199066,0.0772613237466951,0.1704591769857879,0.0706066911585939,0.08695124502591567,0.43996758978137984,3,Burned,1938.2682235851566,17.225620430125684,2416.662129321488,8.659063918094438,0.2567893476071421,130.06574116747487,-0.3244154920499703,-0.1230518582114386,-0.16538179650775234,0.10373677915413633,0.059008398453071265,-0.6699634075235421,33.64796322374345
0.030894251160785514,0.10048555151090546,0.05758353032644066,0.15519222695806428,0.47432740064754453,0.1101960777304396,0,Healthy,726.4289818567321,20.92259176615132,958.2132752474482,8.555208523008831,0.43497086171990695,199.82898425353844,0.7834842982511353,0.6560326390375965,0.6057846473569033,0.5069503072268208,0.6503712924858986,0.6229541329939475,92.90827005288268
0.05195263031479773,0.040844348355310055,0.19409090158456058,0.07998948631685215,0.09252895882168592,0.3800603196056572,3,Burned,3217.2811601481326,19.114070296302078,1974.6390265602706,-0.9493516041026471,0.228052586861754,52.54227694990906,-0.3543436908924834,-0.13596488455431965,-0.1936677674638897,0.07268481795042828,0.3875183699434174,-0.6084170078014304,32.61555751005416
0.047823153065653434,0.06278332939570504,0.15485942458722946,0.09212196254311396,0.06610613805111845,0.5608685826869763,3,Burned,2036.9842942954124,6.892163214059415,350.0810673411871,25.295664638937012,0.514035897986198,97.21095036893053,-0.4016611523523287,-0.13557662301852075,-0.18465504436915378,-0.16441973802437487,0.025780294258577627,-0.7891266112964516,21.16514662481372
0.06953532578299268,0.096959174869274,0.16068702605302096,0.22778185368058704,0.29268781909405284,0.34159405946120985,2,Diseased,220.10493813949756,9.912666838885302,529.055585685362,16.320392862233298,0.6579441422246665,182.48244110489915,0.29115155272166804,0.1901705327381576,0.2076845099202903,0.1247065248209081,0.5023229801176673,-0.0771048980738727,61.713998428937984
0.04558548959274224,0.10220983495729706,0.051317984270108204,0.19183338178790976,0.43873346592087004,0.1131254265692429,0,Healthy,260.3389855319346,2.9163464509691965,656.1031980072119,0.11357646107041486,0.6557938491000377,25.10053009768628,0.7905608147760277,0.6894739701839838,0.586962643703435,0.39155258655694886,0.6221051710894818,0.5900204524787216,86.5298868855153
0.037784638842691995,0.0929524523725191,0.037064951406616246,0.1567249649270474,0.5085556949265635,0.13602714472711097,0,Healthy,2766.187596559557,5.187850888458206,987.3203411195185,9.835604100727751,0.8937644305331285,186.008730023458,0.8641365352415001,0.8142849707625944,0.6763792499663137,0.528845562395392,0.6909353389656486,0.5779374216977802,99.56133674295674
0.060782599779863,0.0901691654492799,0.1023026273501562,0.11562959019481937,0.3636276311485733,0.24433508900024822,1,Stressed,734.3899661486857,44.00526700885117,1186.5718732846326,9.585056921034093,0.9663190964832098,100.19034093954637,0.5608671972319602,0.42936626773972963,0.4058134613659653,0.517463326027648,0.6026011239467085,0.19621686697657237,80.59829948968682
0.11007018820802685,0.10755472472549489,0.2156621227259225,0.17484423603039007,0.35872203346472714,0.25575252209463467,2,Diseased,2175.836837572879,12.590406525476338,1349.4349596109596,16.021730747119296,0.8906950133598884,179.14295377154033,0.24906659890641933,0.19573991267569238,0.19973290081988043,0.34462034896270044,0.538665715030362,0.1675732685149602,67.09081285181702
0.04647484690709475,0.10653187503936128,0.0418702597535982,0.10243892074498398,0.5212857297292454,0.1499965359445762,0,Healthy,2447.5704743821348,13.81614927028039,839.7289618234745,16.310436624726606,0.6201749593469261,126.16742511124161,0.8513013630608626,0.8417023679369017,0.6764042203714955,0.6715251705228465,0.6606279354598055,0.5531044200622987,91.60258662114494
0.05589224241680644,0.08852889647201238,0.11888831737080546,0.1699178596355424,0.33654847578696695,0.21464613919200717,1,Stressed,1121.9064567300395,5.719784869445447,445.673703142299,17.582774794291684,0.20576415459112907,135.92993166950026,0.4779151726584548,0.33369404361448796,0.3417182973747438,0.32900629559584316,0.5834692450511236,0.22116024190114308,74.5948778047085
0.039863532082047036,0.08829349818033323,0.05235119943151666,0.1565259788686312,0.5201182674209911,0.14381049409911284,0,Healthy,2078.735567757661,33.982389202353815,1790.5508020485352,19.426607007033258,0.9434511591699268,155.73222152845867,0.8171039451069124,0.7617120627482019,0.6542382950080983,0.5373463015057833,0.7097574152207416,0.5667893748004014,93.74675310411752
0.08648399239591727,0.07995499510991685,0.1837542512815503,0.21538013429157618,0.2088576027356216,0.3220490389490371,2,Diseased,992.8538617639465,41.58642645842769,352.0549777753818,-1.3826083854844247,0.17486039476730653,18.091537936912765,0.06393936035762114,0.0377436528079383,0.042185219241475995,-0.01537470817168098,0.4463191845649754,-0.21320402721314466,46.30699205540757
0.04701663648089567,0.10764731061664178,0.06215482416497694,0.15075759988979198,0.5006180565952629,0.11190287335316304,0,Healthy,3322.8409103142367,35.53877416799929,2080.8353966891946,5.672277020048423,0.15142738251046517,127.4148261127297,0.7791122131664405,0.7207193462650111,0.6188479724722336,0.5371101112717082,0.6460514780240726,0.6346153378443348,86.13582421065679
0.07339413090285625,0.09630632144343267,0.16795869717235407,0.19678110201922075,0.263129162262808,0.35102792129462856,2,Diseased,3038.5615159522513,27.56771232453773,2344.1406153326434,-4.392826328956467,0.317569327905435,185.16776273051246,0.22076813531114242,0.13829496262228136,0.15332140211673326,0.14426305293388803,0.4641245612647155,-0.14312097011316235,56.73469672538545
0.029649218859593592,0.10827788157296939,0.06615982424162048,0.15086900048702914,0.42294635017493026,0.12368510444809107,0,Healthy,1150.5412119416483,36.59548120247593,1862.8116100511957,10.912452922813403,0.5736055613382882,191.4441261721916,0.7294663966658209,0.5583387311249982,0.541074150917026,0.47415487339695783,0.5923458379207239,0.5474643614472898,84.07784508941398
0.03987915349211733,0.05624260178954402,0.05779529420771451,0.1549189461879234,0.4690023168053575,0.10435844252663276,0,Healthy,1945.087820136121,18.19036048197863,1611.1131380046302,10.030052724060056,0.6814726319858042,193.82268158065378,0.7805787387704228,0.677807617740936,0.6007128583799203,0.5034022467459872,0.7858423614293608,0.6359763237787668,95.90180369581029
0.037893099856368434,0.11785458555265177,0.05287290761036364,0.149426434246504,0.47963466638407576,0.1001689937485061,0,Healthy,1852.0884286078888,38.677380978630936,1745.4407645229921,20.701442556281755,0.013292677345635995,130.93741145724772,0.8014191189024803,0.7053102561567007,0.6199883159056929,0.524922343087727,0.6055005568781845,0.6544726985753615,88.9913048292101
0.04616199074292255,0.04623956668426851,0.2149886491959746,0.07328165381217133,0.08054924759125223,0.44896275342654074,3,Burned,3368.0767512352445,35.93334823371819,1734.8885025587074,0.84909313127514,0.7780222717197501,128.4909353843487,-0.45489731948840084,-0.16603473413063707,-0.2534877353883514,0.04724404030878775,0.2706049299142206,-0.6957604325672395,28.0593357473603
0.027841090758958693,0.054285511519708694,0.057488138859824775,0.14894775813889222,0.47983523435396874,0.09707398188542662,0,Healthy,1500.2949746067181,0.07760899153435585,2349.751299346301,17.102305999392883,0.17501954908724215,112.73068802157226,0.786020316048851,0.6534013340417898,0.6107262725327447,0.5262347660532273,0.7967294252367623,0.6634687660718928,95.16588625667897
0.0549475204853911,0.08026105620584795,0.10273204566025403,0.28193866127478656,0.371923181238833,0.17578659438076036,1,Stressed,2055.35093025117,21.950736071288265,2421.4729166267284,5.7342969275553255,0.2964848515130212,123.47290503457941,0.5671298126556007,0.4269597576608415,0.4142867016777496,0.13762007925393094,0.6450072656913292,0.35810312688898616,71.55641525941806
0.061218921797901255,0.06596466107466435,0.1478598175564713,0.135982740195397,0.1726398881558829,0.2459622710475372,2,Diseased,3264.7317631285423,11.907745923565178,1238.7656121980879,8.36707661833947,0.32208672579565156,124.36299642471633,0.07731698152784486,0.03870297056486888,0.04530179010098316,0.11877660095291545,0.4470795839996737,-0.17516006434267475,46.95915229197151
0.06210854296261213,0.09531910905452466,0.10153118432491186,0.14693588912209427,0.2298976586358809,0.2722714791696723,2,Diseased,737.2764688826419,3.8804812365462964,1657.5741875265198,20.175040183000895,0.3324459988987425,13.269612361729289,0.3873123090045346,0.23368749163917488,0.23158892162662714,0.22015494057211754,0.41381182895019664,-0.08438156887766256,60.817691465126046
0.02741604221599965,0.0647601695234602,0.1169428401024954,0.1549921235079031,0.21886928120312935,0.29554501096577807,2,Diseased,2016.6024908185157,38.07882192364987,2066.175518215179,-2.4958182999248635,0.7603676022094713,22.329900757017068,0.3035222125667344,0.14858896084876627,0.18292347756680857,0.17085785048076874,0.5433466300887051,-0.14905442838459868,65.80040078094194
0.05288219063090324,0.05365669006474454,0.1908480156553075,0.10759504376997395,0.15274332748643016,0.445116887731067,3,Burned,548.7206371940377,0.3577357935505038,302.2839457787025,6.997401112590687,0.04094436220217956,125.78623149402863,-0.11090118485362022,-0.05010570626556705,-0.0677544074396323,0.17342154275742466,0.48007085365876767,-0.48903330228779385,38.79699011469002
0.06929552948223718,0.06771656995153393,0.1245678873666877,0.21772646220474912,0.3670845442979082,0.2028353448010272,1,Stressed,2237.746475001052,32.85735759249121,1459.4350170209743,8.696313054887815,0.19651781839231952,66.27220385750464,0.4932684888335504,0.380173684345703,0.36683718015779304,0.25539546601971447,0.6885170199666484,0.2881969900622265,72.75950054978539
0.04747625875015517,0.05635571581935758,0.187693767325756,0.11480446127211374,0.10218774675151399,0.4256936896961646,3,Burned,1406.7545711771154,44.468645444873374,1736.3279475989348,20.05122591480841,0.02231923115244816,63.777969576930644,-0.29496885269393636,-0.11417375169366323,-0.16237755530640327,-0.05814362669552489,0.2890817905585405,-0.6128382520765772,28.926814489518325
0.06509813041789056,0.09139019169043505,0.10015988059097627,0.16682045151982342,0.3308669869567899,0.20372045955816817,1,Stressed,3393.199041492682,21.690889501780607,1877.8519894226795,1.9728545274745226,0.7782994567117663,42.72092466641911,0.535249930766201,0.3995370188953495,0.37169781871411745,0.32961758617602577,0.5671349161243668,0.2378404615542342,73.28720928258154
0.04957421378955556,0.05579491656563109,0.20060861003312447,0.08901145960449203,0.06993076700048206,0.5207979443674554,3,Burned,1570.850297790137,16.70582384736456,1111.3367006718186,28.159454779166204,0.9837223383651236,161.2086440396473,-0.4830270537147685,-0.17178397252671015,-0.25438902650204753,-0.12004796844171774,0.11243406207512868,-0.763238964110142,23.66372783139607
0.07515280841842321,0.10181319872176264,0.18206982140256783,0.1543549524920165,0.27786699744972526,0.24570616989783306,2,Diseased,649.4192038876324,27.262482951362102,950.417725345503,29.92166834779553,0.6595471592665643,193.04405822552283,0.20828333379217676,0.13256263394452864,0.14969293785981705,0.28576068873121735,0.46368969429089874,0.06142565918831094,59.55955886321053
0.08690966216963708,0.12421281754786478,0.13025609799688048,0.17729130761679557,0.31102130838509146,0.29081179786831324,2,Diseased,2952.1998710637336,36.21140224414525,700.7136464493988,23.661854928701935,0.5901391809188112,127.41281062334397,0.40964074678985996,0.3136682928692394,0.28806365781571475,0.27386144377061244,0.42921378498216595,0.033579924352765106,62.03828396756323
0.050785987061150374,0.054662040603407916,0.23168489650107177,0.09125945384779997,0.09055684150246025,0.4185072895114776,3,Burned,2908.860081695617,10.811339719887547,1527.194207915906,5.489937551223484,0.9080662133885028,189.35687964325228,-0.43795707996551914,-0.16802788611660538,-0.2574572295944865,-0.003864407782273279,0.24717721212804833,-0.6442222533211944,30.12936745331782
0.04321928471506501,0.0600720706037637,0.18512866056562516,0.11074859540278155,0.052077171365003144,0.35730120847130376,3,Burned,2493.0367444911885,11.28156431190913,2322.4675509546673,18.235332892549913,0.25495398636348277,177.35741051952556,-0.5609115193694656,-0.18090384904253223,-0.27072117778973515,-0.3603325296672967,-0.07128802999940743,-0.7455792603716743,10.225979408205099
0.055321293738814385,0.054647444333694215,0.17660878887385847,0.08572009805530642,0.06957520923579363,0.4092793402862413,3,Burned,2671.0789462179523,27.323010633908105,2271.1519315929063,-2.089818890572343,0.06646230513800522,47.49576079444109,-0.4347706435520837,-0.1560876746093725,-0.21516190070037566,-0.10396249610829733,0.12016941573426419,-0.7094098287160945,22.74411911006677
0.0384876134565877,0.07755832224057217,0.13251869754589882,0.19843932144245466,0.30946400144989,0.27100318849976035,2,Diseased,1073.5602183750425,42.29459193844374,1091.9250397469232,25.49477604972787,0.5099699049722157,34.937550729489914,0.4003444033048748,0.2436029560914345,0.28176521004184735,0.21859411588261454,0.5992049011693324,0.0662583742086818,68.24054046557545
0.024365220521313118,0.09075926461665812,0.04333249149793145,0.1622608841954157,0.5037490608994918,0.11124853386031741,0,Healthy,2318.776551395178,13.429798909144356,867.2813078640459,13.05975049410958,0.26034870317382874,46.2594231780796,0.8415867048853205,0.7280442004158113,0.6595712109771746,0.5127373458785813,0.6946745261767903,0.638214724742656,91.45831715598624
0.06474071805966429,0.0784746651067813,0.09769330010385328,0.19874246053475686,0.28353506385391003,0.23644164423493344,1,Stressed,325.46557497779895,16.95395984530559,2035.3464098757095,1.1753708211925007,0.451081614680902,23.7608298537871,0.48748145847781604,0.33566299715998044,0.3163341692836209,0.1758170291440922,0.5664499505892993,0.09056832350507313,72.50067671487142
0.04685749035274662,0.11538022051386633,0.04846769039741786,0.13915838405610997,0.571277068618551,0.12499211262029883,0,Healthy,849.7374748371141,44.69999856571303,1894.9560401372141,6.45957958465959,0.45629985058180933,118.66143756245694,0.8435882065632441,0.8652048307881302,0.7003507308374093,0.6082448121826468,0.6639365061446292,0.640966111403251,100.0
0.0791424464841542,0.04537542615145847,0.22526158869967733,0.08434532176805411,0.1408101921713936,0.5296064760272876,3,Burned,3276.522176925186,7.9299974342932105,1411.747628502483,23.025996057079116,0.3188318240680694,60.11675835332476,-0.23069626951405056,-0.11118981743340337,-0.1462662750682796,0.25078163491349603,0.5125785855740062,-0.5799322965838752,40.486839134109616
0.03649047617782022,0.0952406991212134,0.04175869278660524,0.1310462732872165,0.54060481063423,0.0817636968049699,0,Healthy,2639.4764803727735,3.463567576888683,1155.8665709854865,25.457936859946624,0.4863245815830535,183.0187554765288,0.8565888939665454,0.8218339646030212,0.691328899665617,0.6097787095913131,0.7004281663953705,0.7372498784437389,97.34290336520154
0.029777197183526706,0.07800721026295687,0.03751257389292289,0.21047562905244782,0.4506241110075653,0.11907292594838469,0,Healthy,961.2193852645509,26.538985749627276,572.3553882393849,13.189968542704822,0.3801518805499017,124.61451577931096,0.8463029750280493,0.7110987051828278,0.6271068657503587,0.36325604711439885,0.7048710106702418,0.5819780650623887,92.3023226683649
0.03903821063076668,0.08359394407424994,0.05333549011636205,0.13568285112437534,0.5339201437648317,0.1503205024909905,0,Healthy,567.5641954136507,1.0920144789734847,2027.3048960029205,11.81090251087356,0.11305933678187674,75.12405837490262,0.8183568070495981,0.7696020987032289,0.6630243627886616,0.5947364180457179,0.7292565485815556,0.560620942013159,93.73150613377383
0.056771662153863686,0.03614913018385183,0.14585873810789945,0.2176547525011417,0.19943126366694336,0.2701972971362654,2,Diseased,3331.434168066055,8.11949540736702,1658.4217758797342,21.275716129364078,0.8667257074057799,197.0049232330544,0.15515225964305493,0.08122975475095855,0.09506653008928581,-0.04369239842826644,0.6931057541887323,-0.15068511131741927,54.04599285991748
0.04685070735533156,0.06903854133510354,0.12344884352883613,0.18924525266175246,0.30990807427738,0.2819575357083245,2,Diseased,570.2192979984382,27.999413131071062,1129.1396954236366,23.91663678814942,0.701273714430226,190.8729266989147,0.43026710497616116,0.2743304847844633,0.29965904552742,0.2417349793863871,0.6356291801067341,0.04722446721897885,70.34728916233084
0.03223013360673925,0.06779869612522776,0.20902651247973406,0.12392996956372582,0.09572552726840186,0.49992792968742705,3,Burned,1048.331158555919,29.678058031109984,2321.3335473469588,21.769638433853718,0.041308864999840544,156.82997088529405,-0.3717808799152309,-0.13436012910593892,-0.21118489585728692,-0.12840307398657333,0.1707809941291676,-0.6785865017872867,28.143886493031594
0.06614742685993039,0.09128990221121437,0.12128624372494365,0.20202363698203585,0.3573118528482754,0.1819885271325095,1,Stressed,802.6921768982086,22.969136234142887,1751.2799541060967,8.454981758197269,0.11578642527130634,159.3783167107288,0.49316034869691444,0.371360847047071,0.3617812167292481,0.2776298230907035,0.5930024608837272,0.32509400878054734,73.11348203680137
0.06924202002003357,0.0780893468745172,0.08043118239917131,0.22538375737716818,0.339786525609635,0.22302016093161722,1,Stressed,224.63060735883428,17.268662080322247,2344.325507056242,17.467401656326178,0.09651447071202401,195.5676756472755,0.6171927838726413,0.4975896078728584,0.4227619260119186,0.20242176500090417,0.6262557608718723,0.20747152689477483,80.83868130336687
0.05128018857349303,0.1154035861948093,0.051855133065847436,0.1520028582492015,0.5320151183832869,0.1424382213814825,0,Healthy,1236.6447545235453,25.928891298983174,1343.7074127472165,25.00759678948247,0.06174354700882767,122.08896341479226,0.8223744503200221,0.8230122241897537,0.6645075555566942,0.5555588706152835,0.6434962765325236,0.5776187443322477,92.94263863503534
0.017192621546280772,0.07117743204177043,0.056876524845090135,0.12008679498249264,0.45969662635242176,0.10829631846946668,0,Healthy,3414.7902762759168,28.952358886495745,1300.1592129406458,0.3116221916596853,0.05905677584054769,176.60387061971164,0.7797929349901188,0.6022987762569547,0.5943794065438645,0.5857529087852668,0.7318481301711698,0.6186701875433426,97.0630272488981
0.028380699873338355,0.07350512481233487,0.15628894906532323,0.2551850600846769,0.25548138761456207,0.20125563427347434,1,Stressed,1328.2809091708764,36.15669208312428,2361.926438690975,8.58478397902371,0.1571123329362003,17.64140584849818,0.24089262218377303,0.12522022058520843,0.1631865506107501,0.0005802760792636606,0.5531419994345318,0.11872423200924184,54.276987392311085
0.053240125241899805,0.06752872167148881,0.1703706047884883,0.11768375477425574,0.1567219052830362,0.4346990608404083,3,Burned,1864.2061022436533,35.67378726944313,2411.541142135773,-3.0183390643657355,0.8478694085299281,113.04219129359285,-0.041727336053015165,-0.01917334993375697,-0.02475303398513109,0.14226437267360348,0.3977388194872087,-0.47001571939401626,50.89633052391077
0.050692976103824734,0.10463750268578606,0.11933078163620908,0.1666296133184037,0.24735489177353218,0.2828505886231426,2,Diseased,2661.5880869418784,29.916034448172653,2413.68810153355,9.310704999058997,0.8282332961981758,102.99068619632331,0.3491385563429992,0.20216772759098084,0.22157532872871524,0.19499588876458668,0.40545587711464603,-0.06694705636309842,64.50931514629629
0.04239809911381095,0.06843174310022669,0.18015559345977059,0.1120310000468784,0.09713956484511833,0.5323953084984284,3,Burned,2018.564336861413,40.240466245280956,2101.5742665963744,22.029872937152714,0.7831464752783852,12.356153133065556,-0.2993778403068865,-0.11157544124073014,-0.1602017457454909,-0.07119278229956157,0.1733864421757401,-0.6913925743742851,35.24886320081902
0.025033613100966738,0.11693486651443026,0.05546111830892447,0.15232936830102844,0.542443296131772,0.09206254181434427,0,Healthy,2653.851974460612,37.711136411793845,1317.293518613545,1.8959955198955605,0.6147065065385727,21.955637138205947,0.8144816427448083,0.7214730700936569,0.665334113309904,0.5614986630687876,0.6453177361175005,0.7098134016814848,93.35794376432449
0.030771135581047326,0.09917346851436566,0.052426442713238625,0.13133548898621328,0.49198116820273685,0.12919660612929654,0,Healthy,2383.3983650287005,5.996070369807309,762.6584473919294,13.96605028935343,0.7234935532136345,9.258590183290265,0.8074000227071392,0.6973710347425295,0.6312976610185919,0.578591425836522,0.664475365066951,0.5840269424051454,96.90780656730497
0.055774025775192505,0.04459265503735918,0.18586142747816395,0.11851289242788186,0.09892063911425512,0.49487653372931295,3,Burned,2208.2579758967486,43.050574859556754,1143.569938811222,-3.71949933023605,0.7384812108403062,62.33292587485704,-0.3052888349021302,-0.12103458345105679,-0.16617502671839562,-0.09010685828262567,0.37855712679781434,-0.6668200962471891,37.54306059855167
0.05461178866720329,0.0821140700433635,0.055566166656775544,0.14115054114299977,0.42950232549927775,0.07365143499585,0,Healthy,2343.841393798759,40.12840360430642,2364.254481339135,26.417749675608036,0.8893128703076673,15.4346897556739,0.770893507165307,0.6907802065213071,0.5694063276168946,0.5053015522377462,0.6790013996667289,0.7072408304786292,94.87121056820185
0.04282586982919297,0.09125327391545963,0.04957316903772524,0.17090129331542248,0.5227601362318571,0.14220308231765355,0,Healthy,2837.2423948582286,14.44172307785819,1099.8194491766599,23.700164321515796,0.7323430296357656,87.51613852835631,0.8267681691240527,0.7891683550588771,0.6619028250677453,0.5072486703975883,0.7027645457860977,0.5722978919365445,91.96855250448607
0.054533426216033076,0.09351447540565347,0.10750514956333472,0.21165655043837647,0.37538308844443585,0.244746995493463,1,Stressed,2543.6316028436436,0.9082988373167755,1964.7783390117825,13.354321712547307,0.7364593080209655,163.4855502177189,0.554741060662115,0.41559471274904136,0.4088124048040047,0.2789020099709539,0.6011304573925953,0.21065917333799808,76.55557379278872
0.05046557473327861,0.0629891815258415,0.19085438833814947,0.060454425492652744,0.1192268247562637,0.4340046381819236,3,Burned,2812.857238327132,27.178917604122937,2330.609572400437,19.702544859018243,0.8040811727134838,124.69681264511414,-0.2309961334230054,-0.09495337955135726,-0.13263033669934426,0.32709253698572816,0.3086317239169337,-0.5689803072010513,39.03740963438693
0.07106963253643801,0.0910615357405049,0.14873814818046444,0.11753276269110377,0.2305241862461791,0.2865552307630416,2,Diseased,680.4722063356535,19.728790958987464,2434.8627583391453,-1.3629342295899383,0.5563548559276319,136.38903289784375,0.21564502584446166,0.12859999306408582,0.13952497553909185,0.3246348640753236,0.4336717603859644,-0.10836061461765206,60.8357135293125
0.04767317240461227,0.08474163488347539,0.05412891395222401,0.15944019136756146,0.5108480911807263,0.11572825084233518,0,Healthy,2436.323317944783,33.73049981637594,2384.8831231257836,24.582332373907967,0.21302879004260922,11.143803986378998,0.8083854121411066,0.772491009481898,0.6432803300991703,0.524263818598397,0.7154361979322602,0.6306012652131635,88.32841255391229
0.05761854774042464,0.06675978855806923,0.13930200447182658,0.12707671093586215,0.019822372533417967,0.4400454086939352,3,Burned,2632.1723106742593,23.606989402888015,1521.126714989007,20.034153587511998,0.0845424775690583,168.70764024989413,-0.7508568245700183,-0.20983496016522676,-0.27190535116126247,-0.7301225342474524,-0.542114103087745,-0.9137909724857508,0.0
0.0617550657650878,0.04968797931560415,0.13372546176595318,0.10784124233167484,0.10614817970960724,0.46975906391672606,3,Burned,1189.889227239554,3.4420695862926056,1382.1361642319148,-0.8011411146221823,0.4190435603818988,33.50712397968319,-0.11496586593278109,-0.047700404135070304,-0.055909442108150686,-0.0079118982929072,0.3623048535341554,-0.6313705582236702,35.62156879899004
0.05192421117768182,0.060091732481821286,0.1533782993399264,0.1202156276801147,0.09853040535817145,0.4000867830201711,3,Burned,3086.105181882832,11.010933911464914,2472.80911928957,29.32412497915721,0.09168567168606256,64.01692082633497,-0.217729243894908,-0.08415513385653885,-0.10941732601897788,-0.09913423813635698,0.24232853608264399,-0.604785351654043,35.93044991987485
0.06132052288414178,0.05883733354689634,0.15105784670965972,0.10774323558232726,0.1445811668054544,0.45027030393056106,3,Burned,1205.5482908989115,39.71356902569383,779.9942500766749,-4.211434452774366,0.16930403155433116,105.77480951201036,-0.02190739174821485,-0.010176902640595557,-0.01221033605590037,0.14599432086069114,0.42151440943126145,-0.513891529271936,45.237818360789866
0.028598390808737696,0.11299337801287794,0.04273855597313641,0.16136819049149637,0.48861611854070863,0.156626006411548,0,Healthy,1004.645993942441,1.6960363071772544,712.5665757064778,16.997880190747075,0.023840011762435,186.3487190475659,0.8391335873429274,0.7282917666099376,0.648483352908434,0.5034704968520909,0.6243630402046734,0.5145201996979406,85.0673337778958
0.026557021062113228,0.07842150658568264,0.1606852795808249,0.10097849649360313,0.12894038182490852,0.46851080187679744,3,Burned,3061.419491085687,33.15013512292292,2419.0010550408374,1.0114248859285855,0.30020629103650986,199.63908783282523,-0.109606643643979,-0.041904702822121484,-0.06030369624268122,0.12161630362690856,0.24362660462914432,-0.568365121087077,40.68989379552673
0.02729684903265789,0.09226382290209743,0.10761658505675346,0.1838063509096112,0.39826710561213874,0.23872674357918225,1,Stressed,1015.1654657842081,13.137457857814454,1816.228608013173,20.174017722683786,0.9699978224020184,157.6188333061749,0.5745401960392869,0.39506872370036905,0.4334256341395759,0.36844276029976697,0.623820555818337,0.25045824183532445,82.37446383469579
0.06590452297916023,0.07924496037012572,0.19904131926270013,0.09449381575275892,0.06598924943359599,0.3487820256834876,3,Burned,1571.1581260249404,20.368791136912368,1479.8688215559473,-2.535781111092736,0.3789312726644106,147.2162736268565,-0.5020253530124581,-0.18835729319028227,-0.26087598365513864,-0.177617273884259,-0.0912712648192988,-0.6818041325355095,21.46368883247652
0.02831195690023052,0.0849782719735006,0.12771176363319908,0.18211768726252014,0.2074893107908649,0.25604694618172863,2,Diseased,1414.1453391215025,23.895244436022384,590.5095442508725,-2.161469100490936,0.24089260605108131,107.89805448884618,0.23799907239183926,0.11322900973232622,0.14327845469575506,0.06512106559661339,0.4188875685658229,-0.1047547707712257,51.53416366097645
0.0537506215189234,0.04335643606669799,0.17493212531025784,0.10734288753772411,0.13726415855882743,0.43864078064592615,3,Burned,3163.6040144422986,11.253661078824047,1429.1285478359243,11.32021091970963,0.40344947713823154,134.79733090983657,-0.12065475308693414,-0.05279389906832954,-0.0695668652438507,0.12232382621576035,0.519916997769026,-0.523309658135876,40.39115096833131
0.08228540876714129,0.10017336711909679,0.13147453550552762,0.18077310581084974,0.2164038523383069,0.25779313102600987,2,Diseased,1702.277936350282,29.338219934894823,2377.286537747421,29.790331289066955,0.3013385202066774,33.16271420852898,0.244135069493176,0.15295849329776462,0.15025029010425714,0.08971000179969224,0.36714733216417017,-0.08728287877587694,56.78894971847865
0.08507710139867365,0.08968906878496843,0.13047022434632485,0.18548786260616873,0.354538830771774,0.2752564964470068,2,Diseased,2491.2194798775113,31.204899814404428,1626.3609113670777,4.678068391972792,0.6738768229283607,57.49324351209562,0.4619884916396126,0.37362653828806336,0.34121808777249807,0.31304186831534025,0.5962024363824343,0.12588587059866688,76.41786254003576
0.06497794823926176,0.10435450374902273,0.1630590053458617,0.24318720893109996,0.2684446459896414,0.2782096943505682,2,Diseased,2820.3283853246357,3.8276765851848795,1190.1829693669765,16.43848562647829,0.6344667611590806,197.00535838193147,0.24422884458873725,0.1497411087630339,0.16970245800111122,0.049366426898477395,0.44015695302437774,-0.017863295800810003,55.43934167724855
0.06077843355745182,0.08493927005727989,0.18589183815030563,0.09376504182190896,0.09213056423257016,0.4318166288780587,3,Burned,2272.0818164656816,16.826718413313927,1512.4266032232824,13.150967603098241,0.027342907770496194,196.02492951338,-0.33724358088301554,-0.1338190132139803,-0.1807684568441344,-0.008792448278391913,0.04061275483768236,-0.648321171730285,22.072477720480126
0.020385829800309174,0.09838847353293971,0.14419685773761606,0.21721789638579214,0.2604767108500723,0.2624460264021354,2,Diseased,3314.1918444722187,33.49697855428312,2249.519191439126,24.474186337765314,0.5113231558067851,67.97961695924855,0.2873423402592113,0.14735650670591477,0.19279857817996188,0.090557466848995,0.45166887135936057,-0.003765977981281584,60.46866714731103
0.02880464124729474,0.11098641714644258,0.0536970592563913,0.11457590323216274,0.498127345750835,0.08546069028847067,0,Healthy,2848.2748465448267,32.47369019285093,2308.267054497721,5.1006362696806065,0.03619968767543713,52.00447165145407,0.8053835140451764,0.6925718995518463,0.6337991590897665,0.6259986982202678,0.6355806514814775,0.7071197881160344,92.21597546489951
0.03780124255158479,0.05084774278846676,0.14327089769873214,0.11735752200130226,0.07286640321111865,0.5116840811976193,3,Burned,1520.6818713270484,24.50715047573576,1180.1939644363697,14.423053324902018,0.6773632664142749,49.7560245893966,-0.3257396614737132,-0.10673930034148957,-0.14746716882722827,-0.23388812107425327,0.17798012074483763,-0.7506925102002636,23.80020820907297
0.05007162747995221,0.11043400905473919,0.14553570080265366,0.20355182754749956,0.2342651884877832,0.29295758568344077,2,Diseased,3337.6790827503546,34.99536509406064,1637.7342053555085,28.271823028681332,0.9358083306272584,99.54855478331892,0.23362105737742703,0.12807801528880228,0.15127767161301536,0.07015113418135661,0.35924416628595846,-0.11132371164102856,52.43291970307304
0.06054089890196693,0.09868922956981399,0.11050191947945195,0.22361253326294614,0.4764178237604475,0.20590937913777801,1,Stressed,1931.0969497954027,4.844020186792947,914.2457479022277,6.640503291762014,0.907487878727419,48.63448305926559,0.6234513359979381,0.5427819082182224,0.5049810299108151,0.36113474844306725,0.6567970005503458,0.396449737763893,81.35723331822695
0.09465803868205394,0.08717592167812509,0.1649236474327221,0.151137686097852,0.3967587166862817,0.20740953005299215,2,Diseased,274.50516571815643,5.319507053003853,1292.3876515486481,10.379195345856337,0.20571211209092655,131.45684334738542,0.4127511916627112,0.34574067228397876,0.3275486269317681,0.44829830029422396,0.6397202515969433,0.3134047254571376,67.40349108820567
0.041692301183946644,0.06980673294327426,0.16615073391237165,0.068270867108956,0.10591309752613608,0.339330180371338,3,Burned,1058.0438228545595,29.587018513335515,783.7418009229143,26.1084660076285,0.7426451477213933,19.58986321401737,-0.2214099310946125,-0.0841248905835945,-0.117032361483218,0.21610616301550667,0.20547688005184186,-0.5242461575275914,34.011358836357935
0.051459382941447744,0.06970497980863731,0.19761772985234521,0.08916848276411445,0.09391691933008546,0.42710963881777736,3,Burned,2251.7076372229794,31.2000240552808,1469.2389761042655,6.637460003206023,0.7930659710405652,25.21705837174921,-0.35570662786055895,-0.13690396942617927,-0.19651851498714804,0.02593563578690737,0.14797492370609525,-0.6394927626668256,33.26808775942482
0.04982962110662537,0.05004309773158193,0.19784857374530404,0.14089646496953293,0.1461539594208557,0.4210947211581248,3,Burned,717.4891776706412,36.653708489448164,1572.1282969222564,8.323581762183544,0.8643675331093843,59.00218361248111,-0.1502739306769568,-0.06595305035250397,-0.09187403772005781,0.01831557740885559,0.48986900306006775,-0.4846917521425074,44.932974494174026
0.05993050541663482,0.12278795649626437,0.13754272950663285,0.17905241909411418,0.3304401248339669,0.1921315213695182,1,Stressed,2127.424548147572,8.146659499796568,1043.240819487701,5.644158310719439,0.259598670800521,156.6014305087935,0.4121890137988954,0.28263889321540886,0.2989165445486545,0.29713428503063516,0.45816261681450565,0.2646691641664401,69.27941979052756
0.0528306858800999,0.06493267793839098,0.15826278515436276,0.08747839072855215,0.1102186608547363,0.5076042578352961,3,Burned,1393.2734736148484,23.254724674399732,898.660261405026,23.333598136377553,0.45083484597216006,68.04146011319233,-0.1789476450768287,-0.07220054136052974,-0.09377739161553222,0.115025837734082,0.2585534352340785,-0.6432030579103545,34.092586358346594
0.07568298412184521,0.0941593429681627,0.11585014823345213,0.16899987512032913,0.3230644051725466,0.21519817729038368,1,Stressed,1963.4720841923042,29.73740837110121,632.2563345891942,27.563543965322296,0.2215044290365904,96.80927254535106,0.47210613229850834,0.35713223917623843,0.33104331056609515,0.3130983757437845,0.5486386087514828,0.20039703555953792,70.4646698942353
0.014440114385428554,0.0981051880298791,0.1464490097941765,0.1646101575240977,0.32830062933078547,0.25078134964364196,2,Diseased,206.18699798173446,10.066480822305678,606.9960656535516,17.0884608233417,0.024309457211191376,133.04129897179038,0.3830474016606227,0.21662475971106207,0.2798435778353829,0.3320894426560503,0.5398505989605095,0.13386581030508754,60.436067905977225
0.06304953175612962,0.07385745853828429,0.14304365578857067,0.17715466179214492,0.20673627311207243,0.26880288695188587,2,Diseased,2999.7904704067046,23.261753951729585,1865.2144545710587,16.827054594087837,0.6590126278649572,158.7652847847299,0.18209339713331585,0.1000118522860965,0.11242784350599164,0.077057330245985,0.47356300176989075,-0.1305184046804508,57.63916910406259
0.04447813716722711,0.0742125829918593,0.0566841768528601,0.18673790339658025,0.4640457260555769,0.13836292450415666,0,Healthy,1394.3541096592435,28.730026097576822,787.6036078599474,8.650126689961128,0.4314636178931456,64.88625913880728,0.7822895115194689,0.6925256846061925,0.5986327196613546,0.4261136971612255,0.7242491741764644,0.5406343282794259,88.13742407715523
0.07781451589081681,0.09727622650596195,0.06789888041992154,0.14720273384130667,0.2945289484780379,0.19458649918618504,1,Stressed,662.522833117245,9.650228016495614,559.5494464344331,-4.563068764997617,0.2481168805635673,147.53903517702332,0.6253108722200654,0.5066336363527701,0.3941722272341861,0.3335196844563816,0.503445920400801,0.20433304187344498,83.93343950983858
0.04058274330935446,0.09394611822221,0.04330318571927797,0.1261623737811625,0.5305065251898555,0.11798982326371603,0,Healthy,1645.1223281167638,16.900353461256362,2497.5177174814353,1.0878159588250655,0.8471039472996119,60.78314384850986,0.849067768839227,0.8196804664059877,0.6805721674666302,0.6157504122470016,0.6991088989409207,0.6361125957743882,100.0
0.045487388188641266,0.08705221506483585,0.05051832098992847,0.1805712162858773,0.4978274682745537,0.11337898937055839,0,Healthy,1804.3850685131524,9.735246456106859,871.8163041559254,0.1603424106582061,0.49568063997920286,130.6709106314881,0.8157428175516591,0.7660547079822068,0.6400213759598075,0.4676545732362336,0.7023243547136732,0.6289993631533682,95.42315354341828
0.06304162572378551,0.07383658006699012,0.12806940769535008,0.153046148164988,0.36043209532435033,0.25040921317935005,1,Stressed,2303.4289446374232,40.63243069928694,2271.3062939418905,-0.9441299015437146,0.9946576772125906,92.92162745496485,0.47566421277313314,0.35078137992984565,0.3525983793173557,0.4038845769028627,0.6599497612845263,0.18011696133213323,77.99188896808153
0.0524945838390465,0.07069638839195438,0.09318206841109966,0.17310664531627185,0.36011590902791774,0.20235410234531037,1,Stressed,1931.056053162523,10.65594968684963,1640.2090982542184,17.891656061868837,0.7933578269389671,185.6924247733675,0.5888705620002977,0.43745333370114653,0.4200163707477047,0.35071521015178453,0.6717995648018787,0.28048038239877,83.52174870728692
0.03812329009071548,0.11940264952689056,0.043763974903706405,0.17043087731962972,0.5083224421974114,0.0926031306957571,0,Healthy,343.6278208213067,5.437558169360864,1873.154366974993,-0.22778666691708338,0.8692111997359199,196.5082103131198,0.8414596782119738,0.782094638712889,0.6623388373715645,0.49781201827504024,0.6195702411807248,0.6917983246780162,94.97773520542209
0.06727741668818607,0.1137424417016,0.10214310145678647,0.16466630696897389,0.30943518326066255,0.1878307210246149,1,Stressed,3075.9906628566237,1.5819890187214658,1534.0216052991977,-2.002811661214827,0.7733322487976717,155.95400599960698,0.5036516367953353,0.3655395273004377,0.34109864671820855,0.30535418306326434,0.46243639878679726,0.24454614471380026,72.9666003494616
0.04639998443065482,0.06797078376881989,0.16176125888925427,0.15673778627968937,0.23358309671772254,0.24575539251877582,2,Diseased,1706.4794748969723,2.0229062585107576,697.7846291319315,8.390352729665036,0.10592489895062163,183.5155454504692,0.1816690563382619,0.09673491874322027,0.12032549807767831,0.19687726641510503,0.5491964062599071,-0.025393945657278934,53.00451427650195
0.04278143726454627,0.0797485132281037,0.04473493303483885,0.16154665483569358,0.5178570962214436,0.13191495813423432,0,Healthy,454.05964935892945,8.621380573506762,2163.5134571957256,3.7157932038764496,0.06502900065367068,31.618327194717263,0.8409684641326381,0.8071520578912575,0.6678793163899672,0.5244457888065542,0.7331065316903819,0.5939654215050231,96.04402607305133
0.05208123544013529,0.07614780330100045,0.07441492055649468,0.20939709582124152,0.34125350589980796,0.18621154741778223,1,Stressed,2750.333180546311,27.369383008812854,2121.5400862709253,0.1051190972558782,0.9150787726144635,132.62047172184333,0.6419505594848427,0.4774750106547336,0.4371209731373884,0.23945566802595816,0.6351338397933219,0.29393787240971053,79.22958217416911
0.059979110228349765,0.07434083892797036,0.11052404036247793,0.16401794522527896,0.25106671665553215,0.1636089324440388,1,Stressed,2378.5095819841254,0.7942443530005194,1069.3080237705885,0.1144756445498798,0.13819718803980208,43.68174860661961,0.3886788300821135,0.23993748607043897,0.24467998324681978,0.2097132882209842,0.5430908694783014,0.210906481468914,66.2048895632937
0.08609140603169674,0.11413535280837947,0.16670494608894076,0.19501393574955353,0.23714532739774538,0.3451679205923557,2,Diseased,2343.1446501384316,12.903476614071621,1980.4715321052204,3.967199737396802,0.39122615067426025,59.00885846962742,0.1744220177355078,0.11063775738652186,0.11690052422798551,0.09749042602131465,0.35017573700730886,-0.18550598275481237,55.46050783162843
0.07479204475441151,0.0894135161817517,0.08697251419864896,0.1056900109392577,0.3963188373916623,0.2166967738427997,1,Stressed,1608.8162057273514,2.61751010954847,1494.6885683577411,13.789741718161448,0.6099110115559309,106.9505320370475,0.6400824591093105,0.5698187888291559,0.47190436417446524,0.5789316694902314,0.631840380064617,0.2930138439003367,88.42100809587998
0.05649772095713078,0.08432409352645376,0.1463231625122849,0.19070726547647113,0.258752318696956,0.2807544738689981,2,Diseased,1554.6403066492617,18.164644663462543,2299.908109232142,21.533346003193795,0.21189834990199563,149.6875174635798,0.277551119790153,0.1640862329294473,0.18633112476804273,0.15139303755573896,0.5084238200925256,-0.040781979147246045,53.27657561104166
0.05163342981015864,0.08864711379933918,0.10200339275986949,0.16868264676231604,0.31146603701639164,0.17539966392081494,1,Stressed,1969.9175000782313,2.185953202343592,2066.2136168687293,24.84718251382488,0.2252850437077768,145.6913444681182,0.5065976444833934,0.34086997031699173,0.34395673539088484,0.29737327645398537,0.5568897627930566,0.27947413432268975,68.27954824671878
0.07208517958863751,0.07646240240335062,0.09431801989278435,0.18584421056835743,0.348267182429351,0.23294444756563243,1,Stressed,366.9615625670408,27.33937994793726,390.1906935644677,21.299624740859755,0.4662413422913765,174.54457168162344,0.573785918431748,0.4622177296187875,0.4041265859310622,0.30409942747784857,0.6399478240574751,0.19841779986497507,78.38968407807725
0.07016102053038453,0.08542540171930349,0.13850025603471705,0.18183651536384104,0.27866532893511103,0.1612119483799528,1,Stressed,1186.5606219191388,30.979091948355688,2234.4071388207685,16.987464089645975,0.36089509145992715,114.05859616468449,0.33599384654559433,0.2212956782007044,0.22923625842889084,0.21026802100216935,0.5307466124199677,0.26701396944605543,71.68462176526847
0.04158119084905109,0.12406343657027522,0.038750706448978454,0.13290030438183237,0.4422707192786838,0.13352274769553715,0,Healthy,3460.0507727558324,32.91018973396936,2430.8461195526775,26.766860213181914,0.6765756670198043,185.63681741096693,0.83888156090026,0.7401776815154438,0.6169895959465942,0.537875513180748,0.5618719510439606,0.5362130415328926,94.19573687046874
0.07807908041471223,0.09609761131724759,0.15201519439051303,0.1473507662083592,0.2079264404421139,0.28707078712903616,2,Diseased,2385.23521412265,10.09545293908148,1932.7436457752283,13.190788095698771,0.0750761955206275,178.13827615896366,0.15533419612392899,0.09109481364726268,0.09752623283376927,0.1705025579879779,0.3678288766939115,-0.1598884613483246,53.12278316097514
0.047777673890849255,0.09950057890724594,0.06265774925166556,0.15303179689639046,0.4552858489058974,0.1557025560393178,0,Healthy,1582.4827458771629,39.08250728827845,563.8097678635496,17.167489429879197,0.48875866947781965,170.56621044869564,0.7580518293311787,0.6664202473102989,0.578560683285108,0.49686878085245634,0.6413013111875724,0.4903256519085422,87.00338854016263
0.045678122743037675,0.10844063576475156,0.1396452060029118,0.24558574037927555,0.3208823200269213,0.20381724346919752,1,Stressed,933.798239703495,31.06296752989169,2076.2269576416643,9.406719261615393,0.17425991771551697,49.75642102184811,0.39354240483954234,0.24947740159877574,0.2830274623460359,0.13292290171563045,0.4948295367111951,0.22310877018197098,68.5522818906479
0.060845151609299666,0.05892466255733936,0.1848498715913866,0.09522632553873045,0.10616976762658017,0.4473872058381064,3,Burned,2659.1908942707705,2.5492598684919177,1724.4758937718889,6.458447030826111,0.6067250090007481,108.63235867150334,-0.2703601085914199,-0.11182947503502197,-0.14920003069947632,0.054337903841501306,0.2861701763948473,-0.6164088764193032,35.5687403854284
0.03234779684697151,0.0655433000463239,0.24596543560446996,0.08234838133299849,0.1270194124856632,0.5577656787391422,3,Burned,1058.9580220304315,19.83450189156422,1045.4178985483563,6.609912281143869,0.11621329176034312,148.5661364234975,-0.3189030882590494,-0.12599127586572662,-0.20437815504445883,0.2133615118366305,0.3192524058187189,-0.6290240040022002,30.715903386158658
0.08130920838338188,0.0824748002882278,0.1304552442566668,0.21590450127288371,0.2763289914017018,0.2606707716813816,2,Diseased,735.8213426927747,34.54904220176165,2244.867212623867,0.19110485993024628,0.19763186652941367,195.33998902969503,0.3586022534106318,0.25163811000661573,0.24130395048789754,0.12275574458158041,0.5402790890186793,0.029158708262429032,67.50955239750957
0.059738190717173095,0.06230672302380626,0.17947206212233086,0.10671691345771649,0.13278614854278137,0.4897328029143832,3,Burned,709.899170773148,13.99022670241034,1544.2467145969802,22.880917773584798,0.8038889828433134,7.271218378736504,-0.1495105988886639,-0.0662556595513648,-0.08621503431751243,0.10884718457811969,0.3612608771423555,-0.5733908145321021,37.79759329754691
0.050082819099579276,0.07196339485370247,0.15920439161572664,0.0852747021971561,0.12350815282891899,0.4253866203486289,3,Burned,2606.568821243617,17.170144825826917,2176.4414482426846,-3.0621170483259674,0.23516699003801378,68.78733411929426,-0.1262633661845282,-0.05239850650983552,-0.06840871259335114,0.18312542376017243,0.2636944146058705,-0.5499751077467665,42.25076375334881
0.07460841192326101,0.07791009586752304,0.10093026340429484,0.1815937232213255,0.3360204423241236,0.23450671275492363,1,Stressed,2321.2738391527673,28.33217222834443,1774.250246885334,18.6139835317582,0.7370653387938256,71.75829925424046,0.5380244738309258,0.4252596861600718,0.37636479962085523,0.29834329583432867,0.6235595502294204,0.17792970393466737,75.62432095600832
0.04796218138875453,0.06075399543146062,0.17478712831913518,0.09628778130385901,0.1425839041844486,0.46437952179353753,3,Burned,430.360127925061,2.496639605215401,934.735428150842,25.256106749296254,0.27306269968819097,61.26424110746207,-0.10146869065511208,-0.043955277168533376,-0.059097807103703534,0.19381167277248934,0.40243311691144473,-0.5301729865994104,38.05686310354152
0.07047849518057257,0.06909491273450742,0.1012795542273771,0.22642770389597594,0.3494354576519585,0.13543258806129094,1,Stressed,579.6412906952683,43.51207682285628,2445.0411308942803,12.409992144487852,0.2350275052338311,164.3977384537743,0.5505827216271862,0.43428722526358676,0.39153042349226275,0.21360586999396866,0.6698212556483666,0.441363102949452,76.76713391640494
0.061528888310589856,0.10413890431349689,0.0925311406730097,0.19943052200957417,0.37398662577612557,0.2605479663137656,1,Stressed,2291.6946622668042,7.851645477437755,1556.2122054670288,-2.542972635545743,0.2991547828812674,13.788930145463794,0.6033113834276433,0.47941367061551854,0.4368085491461127,0.30441381356744707,0.5643867537635554,0.17877458390565393,75.81904070143146
0.1067245167946004,0.06826968698160071,0.12848292392088687,0.1830693100142658,0.33712528792235885,0.2793688431850816,2,Diseased,2084.6831361781246,1.2002399840817146,1436.8615320182096,9.99461115729118,0.8809319844227486,75.08977625165036,0.4481071300148018,0.39890663180148733,0.3241102746668758,0.2961506627666961,0.6631941956668546,0.09368531002342756,75.96460172426703
0.0352888476561511,0.05832125930573689,0.18276531322580497,0.11697733072070142,0.11826047238741366,0.4287558714378325,3,Burned,2463.7968992269844,0.23953419181891145,1187.721182157161,7.012931100882245,0.397165659336728,143.77849861382686,-0.21428343277687786,-0.08269062629854945,-0.12079169208716337,0.005454657351888031,0.33944173676706785,-0.5676163004618541,40.046594697839325
0.055030486683768656,0.0709606423305718,0.17546494857928352,0.08602473162370369,0.10502954394180106,0.5015637654294252,3,Burned,787.5283975987645,17.979946874972807,599.9572467709122,29.493876175480075,0.24376052988397368,84.31424522586178,-0.25111153339694375,-0.10090508313381899,-0.13536688165637595,0.09947336309072945,0.1935840878232911,-0.6537068721736958,33.91090959216211
0.04856514812958521,0.09738445367907055,0.12212012583005573,0.19873085822982206,0.421953754174311,0.18724144408405674,1,Stressed,2597.7400905166514,39.791401446391994,1809.6683360795557,19.194282056663052,0.5366394736969131,33.09239881998863,0.5510899049793564,0.41866009692658906,0.43076495526049596,0.35963980399557344,0.6249671010864679,0.38528259400016435,79.97286601208373
0.0659411611264926,0.08021965785164803,0.1692286875491702,0.12812786559773245,0.1711823134597502,0.23138986142789067,2,Diseased,3289.118342190814,36.889293564806806,1247.758235612791,20.247593169012198,0.38564141178513567,124.11623218802207,0.005739020911191443,0.0028865703737330477,0.003486911555754137,0.1438455803913482,0.3618215542041874,-0.14955714832842854,48.96983930764559
0.04807008281944471,0.08257098390429869,0.06065685174720048,0.1405815717871028,0.38950277701918956,0.14016100525721184,0,Healthy,2183.466037966956,41.04206092123628,2356.1475227824126,13.053942163678084,0.7901975197716632,106.90899609675567,0.7305095724999979,0.5902103713725191,0.5191431710869173,0.4695879082201887,0.6501776036284742,0.4707547984172201,82.89328283841634
0.02585892148968963,0.06580395964858603,0.17905935897970493,0.11577222238530442,0.1371751618626409,0.3700681372025393,3,Burned,847.2290648211867,24.020204369800453,2423.2137709615763,19.82949890547338,0.9904456183130277,196.4585730425944,-0.13244662752514147,-0.05189881154043926,-0.07697088679985144,0.08461419237375807,0.3516184234442213,-0.4591346424442868,40.9572340077501
0.07752088739245223,0.10871988035535429,0.16112355156361555,0.1784597142496509,0.18231119577447596,0.27320731855619707,2,Diseased,2442.4947224375514,20.193580524382394,1988.8098817698922,20.289984185275888,0.5265744426658336,150.9626127286358,0.061693360261735,0.033788951885380544,0.037681001452434804,0.010675698375488499,0.252864106022998,-0.19954429496644835,48.17897142728098
0.040298890417451286,0.09110480148558849,0.1613824609604144,0.18843619367768713,0.22101048668216158,0.2425196628561698,2,Diseased,1332.1695557020125,17.363743924805753,833.4884801455775,-2.67743917388633,0.4517488976528493,197.30431762990838,0.1559339013180303,0.07899578241216382,0.10136304671059077,0.07955685995616675,0.4162105669256677,-0.04640297018737898,53.46718438571979
0.05648394011238713,0.06731813394320887,0.1366965960918948,0.11644458631120713,0.09727311579753585,0.40057824140572,3,Burned,362.6495630728807,2.0888134106087635,1875.1552977687259,2.7912283567044627,0.34303539831388563,41.33876501762033,-0.1684982141107544,-0.06597748912683217,-0.08056901896349192,-0.08970464040863647,0.18199618802061815,-0.6092282668862391,38.143581951737055
0.09380827126587489,0.04577053680539082,0.15702135871813805,0.20918377084307221,0.22379226639353023,0.2689038566097535,2,Diseased,1197.7176946632449,40.92845653373191,344.9278521231221,-4.546135559988988,0.9733387322701378,153.51102680919095,0.175337491935688,0.11414935616986892,0.11370891357783144,0.03373973143247601,0.6604090804497211,-0.09156067440846473,55.79123427131044
0.023801280056082303,0.08984088723986083,0.055374338542273374,0.15058079143010583,0.5282371129245204,0.1081220934208853,0,Healthy,3188.4308364354356,22.327924152812738,2118.0811061784643,12.843259207500015,0.483283276004682,112.56945284148375,0.8102355858361632,0.702839193466906,0.6545650233463374,0.5563440703439072,0.709289472324158,0.6601853304118774,97.73576692272715
0.047111909721366446,0.08069222069027007,0.09342160259333246,0.1749385913345589,0.3866355471384678,0.2042328614648642,1,Stressed,1556.7597565807182,20.478034397317955,1385.960847599164,25.652994919260927,0.1779968599360494,143.93935234423742,0.6107896499428298,0.45992155382612426,0.448770678781698,0.37697062156356903,0.654665399667976,0.30870271608822625,75.70301706308327
0.017527314446591443,0.08797571738847325,0.06972195951943815,0.1450025548182888,0.43938949881266165,0.09992274832764969,0,Healthy,3053.395615502605,23.18253691563528,2360.82722974741,16.334408714336494,0.9692159053846761,96.17253518903843,0.7261033433489357,0.5353570249499906,0.5494946062364522,0.5037490450593818,0.6663575146120094,0.6294437888080371,85.47845179694468
0.054789823038572716,0.07569511086847691,0.15115508189537383,0.16987570790620152,0.36990795248475583,0.17760333734790013,2,Diseased,1878.5758336252125,35.73695331513902,1131.0720909171232,12.507263473269827,0.960882125999357,46.41620984401881,0.41982035177646526,0.29309065023887165,0.3213604759177969,0.37057854016531083,0.6602576580145225,0.35123405707906413,74.76167959836162
0.050017453976515074,0.08088072396976742,0.04810754303431609,0.10922778986855183,0.5066284854947826,0.09263017132955227,0,Healthy,1906.02736356668,10.101198869215377,878.9819298644575,27.408804666372397,0.4357250523350765,13.918649375699278,0.8265569759560786,0.8071739804610298,0.6520886634819626,0.6452815455017686,0.7246656689286295,0.6908507746064667,93.39472079555802
0.05187725093261937,0.10142240289595564,0.08031762415110635,0.17243568301969175,0.5185494112469776,0.1494644869127894,0,Healthy,217.2138595141513,31.945530554771548,2489.1239452632863,1.027647885761386,0.34818601303295715,168.46621017870552,0.7317680785132635,0.6799031476766897,0.598204926971553,0.5008989717580242,0.672816073420224,0.5525108382113434,89.41912219263398
0.058784916718245095,0.11564587585409425,0.16741029727056922,0.2048381480234162,0.3101025532008903,0.234879871662259,2,Diseased,2302.443441853608,31.98463833843148,1467.4913173265654,-2.3888492144810005,0.6804374466886354,163.88762797439855,0.2988239013907138,0.1903906330005251,0.21896221783951753,0.2044204369221474,0.4567407875374086,0.13802771745757367,68.63097132503778
0.06955504410301579,0.07572406276300088,0.1733777190255696,0.18561425960310646,0.30665934112709586,0.33855705618057336,2,Diseased,555.7856886003867,38.22987520161823,2199.0015933029636,27.10570077434012,0.8289241307856099,36.69524808833559,0.27764860338627373,0.18255127368746876,0.2039947663624055,0.24588984435797823,0.6039364417371659,-0.04943723484431972,64.46297984797837
0.038742313093203015,0.04399042616531639,0.17278070012976618,0.1405483617288726,0.23413805838919596,0.3132159099643017,2,Diseased,1779.8697684507792,0.39076193087415056,2304.325760846219,26.597361422158464,0.49853213228352744,130.8102754110489,0.15078527462065336,0.07746143894117033,0.1014821178962296,0.2497813882152925,0.6836682898256986,-0.14447296393639233,58.46138000003782
0.03507894164527008,0.05335413327741403,0.15112108574742145,0.12109912189438587,0.10099739549033986,0.47734139511329526,3,Burned,1059.0456236717264,7.667799445580943,1440.6311681191314,18.90403701745323,0.3308129910530334,148.85807160377146,-0.19881005161899154,-0.07182559752895197,-0.09996501383962725,-0.09050896311055279,0.308667231912813,-0.6507327525494575,35.917545176703946
0.05053457912617474,0.04954737218601526,0.17551994288785508,0.10281081989836081,0.15164730751890743,0.5235453869234172,3,Burned,1494.863787236739,21.197108342013998,1302.5706361422128,3.6092706733618183,0.30139401086301343,113.73687409933217,-0.07296767818169561,-0.03268866984092182,-0.043291066713414525,0.19192346574659958,0.507468340653695,-0.5508028699920254,40.13493379968227
0.029793769804866626,0.08158126673962235,0.0477247058463678,0.14837785686901278,0.530117641944626,0.10443651431444267,0,Healthy,1972.3552737004427,38.27431743576653,1516.3491004991704,28.941740864652978,0.32659872721441807,66.85963610374054,0.8348175407949935,0.7570450667093804,0.6713313861874592,0.5626268414703169,0.7332633122350387,0.6708349740097538,91.85222762948943
0.0488083116267208,0.05432277856747298,0.1750419608993269,0.16482518153953574,0.14865772383865694,0.3178818842316481,3,Burned,247.73157818651035,43.43025877325928,2165.026906339111,21.787122313133935,0.11803294012241006,176.78445092622982,-0.08150837794897045,-0.03598804854981336,-0.04804706842048063,-0.051573648539583156,0.46474877885043264,-0.362721950802236,39.547005719872416
0.07457540057857877,0.11786097770845087,0.14748055210135033,0.13754499679552457,0.23282119559279116,0.3327615734366093,2,Diseased,1139.1258247963551,26.76908766057306,2422.2525095217593,18.58631042546342,0.7786204363552087,130.27592432057898,0.22440244296760845,0.1369052315120827,0.14541714147257026,0.2572486317133573,0.3278188153219848,-0.17670336076237386,61.25069655636648
0.08934932545850022,0.09364785019625585,0.18467481824772095,0.21367679610448045,0.16289767517407608,0.335508850786837,2,Diseased,3465.7193831631544,9.546028894035906,1022.3086406133756,2.8018963405406723,0.10495986351913644,145.44241484270083,-0.06265496510584782,-0.03400921490002791,-0.03854031894450345,-0.13484482739775047,0.2699319045948542,-0.34632606749422273,39.146700787700134
0.021401645934543714,0.06729450686892718,0.05255193351756017,0.14030399200995525,0.43979915430819705,0.14960459737942614,0,Healthy,389.41711520784673,8.306311312109054,1924.9868406636626,12.958121007159047,0.39831449493385274,132.16233325295474,0.7865265711821028,0.6071234232299447,0.58534810155261,0.516279146279953,0.7345874512189615,0.49235273982280847,90.7514633929684
0.07585867646994583,0.07859974282374399,0.15571151704330802,0.21587952535145305,0.296904413682869,0.3069194969665791,2,Diseased,1253.9985109193155,28.774977929382032,927.8238500379108,23.790168445394993,0.834943337140865,145.65129095909214,0.3119485725867965,0.21235419193700134,0.22232395649173678,0.1580097982473955,0.5813641773673381,-0.016586098929201546,63.09729116952662
0.038222048716425504,0.07257164527835863,0.16580940481414497,0.18968727691214168,0.27946327628852713,0.26188525258483464,2,Diseased,1260.690867383339,9.453111617673207,1644.096690929312,25.109107865630012,0.4041058956918999,33.28809326221659,0.25524554670741206,0.1429497431052416,0.18035092816730514,0.19135860940656219,0.5877019933485198,0.03247080659028903,58.13161310569019
0.06752381411340681,0.10164703859583471,0.157052197270872,0.22487120163540086,0.327159841880697,0.23850996214937512,2,Diseased,1451.9735390781166,24.888934076439877,2070.537094080195,14.650054053044379,0.29476179792595236,184.9059076707061,0.3513081611824525,0.2412129293915128,0.259254565248106,0.1852950836620159,0.5259076015179016,0.15671665259940684,69.2004333559447
0.04099034821007201,0.09430485293727742,0.04602222086059792,0.13879345534340465,0.49674191909296544,0.13050144081724133,0,Healthy,2459.7770308597396,37.56653681147559,2250.2699142548454,13.297784530174248,0.9482537238032672,60.733105601907816,0.8304153807338404,0.7689112956089361,0.648353270850996,0.5632235002414703,0.6808886849418563,0.5838889589668416,100.0
0.08484057805958982,0.06916033199547615,0.15617516768710435,0.2116982954712482,0.23735021719862998,0.3258697842179879,2,Diseased,1017.5545356537831,17.541884180794053,1287.175605414343,19.418933990767417,0.12654375353301062,168.12748849084178,0.20627652132868315,0.13194072757007458,0.13627209138567312,0.05712505538346914,0.5487246039593794,-0.157166942269527,57.88342393861131
0.06169538147293884,0.05379178614319411,0.16301432175419997,0.12109067393084165,0.09975472579230032,0.532468272959425,3,Burned,1718.8888356489742,17.031248538386812,1113.4625016449613,13.488709550936552,0.8848539027844743,179.20991979889826,-0.2407421808053068,-0.09791747388805011,-0.1244012103061283,-0.09661033102426113,0.29934210863086463,-0.6844318241778063,39.176796175701305
0.03244022468068185,0.10296512849031977,0.131606200243742,0.20050886188439163,0.24149325122797619,0.28258271897549564,2,Diseased,2328.0497706130823,1.6263151600983194,857.5935464239533,9.618836332298132,0.062076798736804606,131.98860329870803,0.2945248179956536,0.1536599202926054,0.18878785722592104,0.09272441737381727,0.40216213880273644,-0.07840364622619513,54.90533668280933
0.0493083822635053,0.07295715705373176,0.05372325560060305,0.15716919152733536,0.5835140210393874,0.1265980576318792,0,Healthy,1263.6627924843424,11.43380602910497,593.5177749200127,-2.010334600146396,0.41352941285256994,121.6686486073053,0.8313869519975083,0.8622668107745285,0.698786574705184,0.5756102157068176,0.7777292792829076,0.6434420293597185,98.32557900460735
0.0482134483098611,0.06786199268652915,0.17468959241770687,0.10649755248813654,0.0863934526808315,0.44159189229431967,3,Burned,3330.9495156607404,31.418615682867348,1102.818651016083,-0.5882613499546956,0.6317210554978671,26.2644011784583,-0.338191766997481,-0.12450594781565522,-0.1740207047286913,-0.10422517497610928,0.12013487594438411,-0.6727429771801247,33.57756081007375
0.043058614388543345,0.06975984050294051,0.18183044566242615,0.0824815117183653,0.14389520500625497,0.33696750228377026,3,Burned,3432.9196953108485,16.21760603094884,2218.351170445264,21.60964138702336,0.3700383841416809,90.06313908552752,-0.11646377684304655,-0.04960311877196919,-0.06891255012975647,0.27128978396528086,0.34698624063273686,-0.4015123034815498,47.99194681939686
0.05797594522434314,0.0887175869789872,0.05835614927886245,0.13212487323411054,0.5857157339992158,0.11386263374879403,0,Healthy,594.9227733687867,7.123451278046488,1221.3809356634042,-4.136757738150617,0.5346064209614584,124.27065500638764,0.8187899366890485,0.8783277366015784,0.6914245352308992,0.631882412161794,0.7369121960496509,0.6744821098807382,93.78524785920388
0.04493397304028797,0.05844869710467599,0.20668240369573576,0.09805881748251719,0.12401255073745643,0.2698963294866397,3,Burned,1334.6056185226735,4.75954801921472,998.0449647846884,-3.169324097083697,0.20400166658718222,20.964508134140686,-0.2499882424879817,-0.10195570500285986,-0.14927835697430902,0.11687113153875543,0.3593302732216559,-0.37034903849514417,34.61078102775511
0.05193506134645466,0.06626749475809623,0.09157325450708602,0.198236520452577,0.3981082271573122,0.21714347676549034,1,Stressed,886.3078303613686,4.277402016781901,1926.0909380901126,26.662525233024617,0.5690345174668368,26.735092238121076,0.6259884799981557,0.49186156150570925,0.4645964008097856,0.33516133772317863,0.7145953364756467,0.294131241403625,83.20145788060076
0.04850467972364572,0.09084390571448513,0.16753377095862065,0.15266065533798984,0.26020273171363817,0.3797609126552763,2,Diseased,816.40566533848,29.661004490305285,774.2858375770652,19.63989897091397,0.13455871689923815,198.72884474590572,0.21664963829268072,0.12182895060527854,0.149830732361864,0.2604785920564432,0.4824396621928406,-0.18682026725336093,52.8659533338509
0.0681389169493794,0.07883064965342156,0.1195718572732993,0.1770471161930775,0.4223052054971569,0.2217838716834666,1,Stressed,1820.2334665163223,27.56796654570969,863.8309654729013,-4.852554733004886,0.7960963160895763,69.78565943770595,0.5586753222019009,0.4646871337235407,0.43584798456912827,0.4092051975712294,0.6853920857181715,0.3113254638289774,77.49580560202016
0.06272882768754665,0.07430919018824353,0.17702364794321845,0.1285265395380007,0.1094674376259209,0.35823683605150325,3,Burned,2060.6294568451003,23.33344525209382,2358.9990263442655,5.921518102420546,0.5837899134421298,73.19783502177697,-0.2358056196584096,-0.09928060905061807,-0.12884356357857601,-0.08008228333496753,0.19130966729965707,-0.5318946332276031,33.77024137351002
0.05536296969180894,0.0736846939376513,0.1919730961589476,0.1341906923125254,0.09034381869430166,0.4488177086492759,3,Burned,1604.6517339720774,22.514690167161273,479.49732375787676,21.716146120844066,0.48193211481885256,54.048184366978944,-0.35998294299030664,-0.13906882207114818,-0.19486209661840692,-0.1952789861514905,0.10156236543098114,-0.6648728908244409,29.12736168004511
0.04614370018476839,0.06243398916400539,0.16375199095698237,0.12956658200880458,0.10995089736143782,0.44604611773146696,3,Burned,1099.4310812212902,6.891158370954221,1212.1885965355314,9.616027999203947,0.054666795833081316,130.97385505138402,-0.19656749682260763,-0.07701779742427829,-0.10430572325464366,-0.08189666942043279,0.2756442655660333,-0.6044910407818621,35.142626524949655
0.047635535800354865,0.051781082284569596,0.19716287170795446,0.11570384613459239,0.09934874620336892,0.4879920260825586,3,Burned,1119.4511950370108,22.527190114203925,1568.8526232685695,11.40792380003391,0.49977433591672227,97.24979792732537,-0.32988293306945266,-0.12702740763747364,-0.18420470350398066,-0.07605162529268521,0.3147470042627991,-0.6616998029092954,30.150545310564052
0.03432822909414553,0.0757537664943554,0.1912719089283707,0.07488679587408856,0.08006985461281013,0.4170307693463422,3,Burned,3474.022915924412,2.697199947017096,806.5735743521323,11.05796713661194,0.5635694303612403,159.13403668783332,-0.40982283289559074,-0.1411021968049748,-0.21625054832381058,0.033448441147580055,0.027698546669640875,-0.6778525145900755,27.4700164717242
0.04516297572101451,0.08636345667094966,0.048860836069469164,0.10489648883051914,0.5493661547013475,0.13321345826004502,0,Healthy,3248.135334167827,41.66363063712095,918.2274653163834,2.0747041140664226,0.26566751340716455,104.93649221187843,0.8366478242990977,0.8320627223251725,0.6836091057867639,0.6793443939853123,0.7283012816532789,0.6096764134795165,99.29218309150542
0.04566562248897903,0.08917943344726093,0.08923401809366702,0.20510072942763713,0.37848539407613485,0.20821651814779046,1,Stressed,450.46617526487864,2.611239930117308,788.0598024470618,20.24870032643913,0.6775903409082219,8.006116155324564,0.6184292596629811,0.4601817883495225,0.44835006308013425,0.29710209803567417,0.618618158596114,0.29021359821513965,75.1581658695638
0.0875308720816304,0.084893638509747,0.22113235987269098,0.2319428625309703,0.30351385453042573,0.26539608095956985,2,Diseased,2366.6171515872147,19.058858770226333,1059.4082585334115,-1.3947784317520622,0.07676514871352058,99.12404111372516,0.15702294389225638,0.10434237173432044,0.120599909552769,0.13366344726349666,0.56286300936382,0.06700141889420738,54.59525876790339
0.07540190868394574,0.08291029610671191,0.14063012313024792,0.19608904296624818,0.16178706267415127,0.3589158341912192,2,Diseased,1707.696104699986,0.025697538142750442,2276.712661172586,12.753788694133487,0.20868908144849574,15.76152166598104,0.06995944621346029,0.03672943331251279,0.039549762245612435,-0.09584875545750077,0.3223441549879387,-0.3785820453812758,39.9532935128583
0.03628283303414305,0.0869317589196128,0.06776719847117621,0.15814259606416553,0.5168746569409419,0.11969058474326395,0,Healthy,2473.0865207572347,35.376769745246,1249.4921624576632,0.9484539610776626,0.7375485173242352,166.22334419387832,0.7681753309835018,0.6799068350029529,0.6210908957019522,0.5314413134854331,0.712054194203991,0.6239487171924949,94.53496780615697
0.031068693784151374,0.1300144465238523,0.05239149284633461,0.16038205995913643,0.4497446805577311,0.11261573417062379,0,Healthy,2169.9703282838263,7.477658484103352,1219.2238363515498,-3.37135166479954,0.14722221892602416,27.163326572016626,0.7913255424408421,0.6488125889344055,0.5947592666921727,0.4742664050600333,0.5514880466452855,0.5994891026514813,89.83386840352006
0.07823943164253508,0.07650063926571644,0.1517748678856237,0.16842483676165135,0.2941633680243025,0.2737283283721698,2,Diseased,3134.5329202719777,41.62122080197551,1150.4779363836565,0.013535955650890052,0.2455488196226161,47.306032918334076,0.31930093784205144,0.22000466236338592,0.22578931672496924,0.27181525002929907,0.5872237892146948,0.03598404312294357,58.042488873066
0.10718989615246624,0.10091280240418532,0.13884486839131843,0.15995189984084104,0.24877026626963017,0.33344194389034804,2,Diseased,421.06143715312254,1.9789986537254034,2421.0545992626635,25.42672277091096,0.6508553479043843,94.69322234499163,0.28359417683347937,0.21504829163601627,0.18576530358824778,0.2173074318453005,0.4228327673909733,-0.14543095230370134,60.18034159327358
0.04011451291670654,0.10084617350754357,0.05270485386110199,0.14600736350644733,0.5359310812695527,0.133920095732964,0,Healthy,1353.6731097904283,36.93543005539921,558.0587596835944,1.1651682673161412,0.7288417038111124,43.06089080308083,0.8209254487528669,0.7787433143442568,0.6658234503047602,0.5717872559206031,0.6832607441069846,0.600149694942734,86.82718650183418
0.03700735296114744,0.10368056513492999,0.040910023054862826,0.12704194249619982,0.49209893856265796,0.11712055781557738,0,Healthy,3452.1306150594296,29.54870157670147,2218.125926066606,4.742922315432269,0.05148925462343201,110.14789223842115,0.8464940358106421,0.7725816746865897,0.6551573043958778,0.589618617245803,0.6519498648368858,0.6155061957492122,92.4959975465431
0.029849320942711838,0.07335402555486559,0.05418499074550385,0.1517787108177857,0.5280264137636422,0.10403330442522346,0,Healthy,801.5416516690353,11.238107349865073,1019.7543490015461,-0.16668241228578218,0.12658941325221507,94.83619276710753,0.8138648800240839,0.7270778511559955,0.6567682848268467,0.5534640499258969,0.7560478374779515,0.6708117768448071,94.24984852020346
0.07937105557012405,0.06269314335796332,0.13779950246095163,0.1877035134454157,0.1864817639227782,0.3478676694892982,2,Diseased,620.2003503719359,9.108882415376769,2404.3255017517777,20.744078558021553,0.44611800584326267,190.74190912887133,0.15012356558082524,0.08582934271198751,0.0885903808383306,-0.0032650923590036717,0.4967940670582993,-0.30202315648724903,46.68897818519561
0.06048755650863287,0.09019055299544618,0.048659727791906346,0.12070935263372823,0.46835782725739417,0.13199653550921303,0,Healthy,2605.607619801899,16.095507001966006,993.4999417360494,10.590720853977553,0.5927949448321963,22.232844848299663,0.8117675836128841,0.8029981983966926,0.6190130542806448,0.5901677781237857,0.6770537358289788,0.5602712447951875,89.57175173582314
0.0831577602086636,0.047561497463395816,0.18861123695296683,0.12986822745484636,0.12492365484075602,0.23908200287277154,2,Diseased,2765.5360280576297,37.278129742890975,482.32359916390504,28.02722635257748,0.4537812343456108,117.46274941236733,-0.20312756808845286,-0.09750639135480264,-0.11742750428738069,-0.01940631850386271,0.44851485393823953,-0.3136169520356429,38.52658497601411
0.06656268372929805,0.10748508134825728,0.0992448993110294,0.19291251102128937,0.3481646402190502,0.22992153751119104,1,Stressed,2418.5027073263786,38.7880446750955,1444.092145575535,18.251360378676583,0.6470699928117579,145.47792388057684,0.5563576842949924,0.43083173352549675,0.3941058136338499,0.2869315881710257,0.5282117868102821,0.20454234198557986,72.06718633837916
0.041373667066824105,0.07445127037695515,0.06837378436978014,0.17166116200425202,0.40045559531275277,0.2155721213876544,1,Stressed,2761.4462349077535,7.88784207859466,801.3042744818028,13.59862271703701,0.7559929065219589,29.887266765891987,0.7083212320964803,0.5533236780837701,0.5141490562932699,0.399908631207321,0.6864594757916299,0.30012200086411495,82.94955793943
0.12421491054436654,0.0922888024578495,0.13317572455681337,0.20099019826058587,0.2418115772872988,0.2606000768683653,2,Diseased,2489.2811879074684,15.905161785794881,1956.577594041427,17.982082606985877,0.9495438475079023,129.1101149126933,0.2897054094876868,0.24483987074600053,0.1862355909507863,0.09218883111820356,0.44753846274619813,-0.037396622971805,64.06340232635628
0.0657239088381902,0.09262476656134296,0.13814798816584095,0.15139287555917919,0.33686277899644423,0.23868083097205878,2,Diseased,648.0432515542834,10.687112275601425,1746.0723603214997,-3.5851115876617543,0.34988071312944713,173.5266155631161,0.4183374365056002,0.29697550292586294,0.30571168363228507,0.3798622666386614,0.568673083246621,0.17058993379121903,75.58811381629236
0.0540423447276301,0.08960482305023533,0.11031267940671746,0.1911182432647286,0.3504810800044837,0.23080222046967108,2,Diseased,2207.132261679073,5.518928143705406,1810.2321474292287,28.273109104504165,0.1631047685044661,158.57335046849045,0.5212058333702116,0.3736192988634686,0.3749530985379113,0.29424489091928174,0.5927848386317509,0.20588731411743122,70.09987962954493
0.05388474200851541,0.05938982648971591,0.20597451009539458,0.10974323635651341,0.10387126985761706,0.38351756721322977,3,Burned,2763.693052446457,29.09022243880176,725.6768749434007,28.47503636460368,0.2640840042882039,187.3582846336663,-0.32952921597954116,-0.13187661299897718,-0.18911607895813415,-0.02748861174308116,0.27245584917983007,-0.57376425217002,31.7349549302437
0.03240184292304535,0.06126165196430974,0.20140381387333461,0.07517195243894005,0.10796272136918823,0.42521481674034645,3,Burned,3056.204800870744,15.56419604559909,1858.986582747309,4.664895399443537,0.14816444505179105,145.51421086448426,-0.302040068459551,-0.11266803767871249,-0.17317449007510038,0.1790527509502424,0.27597127839929914,-0.5950214829863442,41.036923440047175
0.05751796465835456,0.05660394974393431,0.19766206868643438,0.07025057613238483,0.08873814799239307,0.45201661721469466,3,Burned,1012.5763008562353,10.142282014935034,984.9282593567422,16.990341896009678,0.3942456419729161,81.82743178610191,-0.38032065112919716,-0.14772743729786447,-0.20776428528140561,0.11628227598503163,0.22109352030834084,-0.6717989112221527,31.050962999462712
0.07855592796494267,0.08815456739236077,0.1310597068864438,0.1643513898792552,0.27132257264020576,0.306682674020998,2,Diseased,620.5215110971772,38.96989980758893,2497.0828617321563,2.0670335448956116,0.8725672659015655,184.48801999520813,0.3485811115562839,0.238784099958414,0.2331542862404875,0.24553034954635095,0.509540050685422,-0.06117608961732763,66.6539380283216
0.05693897123341726,0.0887322017773279,0.11408380690246335,0.22975683019101786,0.4036504642980828,0.2528264342009691,1,Stressed,2777.5984638225127,33.67430689066049,1909.888858762814,14.161512811016063,0.34705989694435657,48.94456968488614,0.5592958934922349,0.4358026825285745,0.42678132604618424,0.2745368310005923,0.6395803057712042,0.22974765470723563,72.9238864218287
0.057851684020721314,0.10322953944912268,0.04391760270662713,0.12945538806624682,0.49135334435800354,0.1187202868874287,0,Healthy,1046.6095386176958,34.81925169133541,1598.9053162987282,21.97762336935377,0.14882270222259675,118.82194431237777,0.8359051350461207,0.846793052871122,0.6482878785473023,0.5829459728265901,0.6527665174215093,0.6108001268664298,96.67982450022902
0.07877982058777791,0.07358919243324905,0.1072900026761663,0.17206743861825888,0.36772033983053487,0.27213486519003915,2,Diseased,305.3672784589282,1.7638151032476068,2207.6591142742054,27.893760368188723,0.5226328820229693,154.30329929346053,0.5482624447657583,0.4583066841030017,0.4006578029938077,0.3624626295725034,0.6664962327541852,0.14938609922468513,75.89952267219117
0.05136048683555429,0.0846320663063049,0.042235255918516366,0.13498604126991676,0.5082073680038213,0.12977820023515607,0,Healthy,2923.204760042704,41.18087021539798,1596.4857393827397,6.872592314298515,0.9919438166601401,175.09482756411842,0.8465407353440018,0.8463508885468501,0.6653939449487667,0.5802629746357284,0.7144856938296696,0.5931625740087071,100.0
0.05128621592491266,0.05110209673702802,0.17704747774026658,0.10478317369154477,0.12711477065828553,0.46384636769731663,3,Burned,1869.7707415758382,25.863227008840585,1516.0497069061735,19.272684206496653,0.18818121866875948,183.7257155633125,-0.16416470388167906,-0.06916833815571778,-0.09313923880502575,0.09629924088529199,0.42651781936819166,-0.5698032738294461,43.23148881816477
0.07386951799573922,0.04531360569684708,0.18734817681133403,0.11046398894539501,0.13866497176932968,0.4026501180436557,3,Burned,1277.8893370137926,22.671126210803344,822.0943261718351,20.07494900215128,0.7778749517567218,21.57025164906081,-0.1493289573155647,-0.07122706530992422,-0.08840634898417946,0.11319832752902656,0.5074034286171732,-0.4876737160399333,40.24386346154492
0.030791496021908726,0.11362094265276979,0.07671763379756685,0.1668787814178311,0.512313904574693,0.11092280283291626,0,Healthy,237.71604726411223,0.4763405712501523,1791.846389715935,2.7402080407659426,0.8233589435743026,146.58153804356806,0.7395126321855944,0.6252517628467857,0.5999774819584397,0.5085966400920544,0.6369559984051812,0.6440427698345297,91.47822298054247
0.03899864446275694,0.06632868323557288,0.2119052678535458,0.11806754196961611,0.1290969308096624,0.5040868020201216,3,Burned,316.58056753622736,40.39479946953471,1124.217742148815,17.01612460226873,0.40133834350100184,44.80033722099801,-0.24283812520894638,-0.09820542724838614,-0.14769581374020846,0.04462368021499145,0.32118739740885005,-0.5922291522119292,35.639222395845096
0.048550193242972786,0.08195955121148456,0.04736522749820965,0.14274778099126165,0.5246861357230124,0.09581757390638088,0,Healthy,2815.6567928489726,24.475071171870027,394.78178118668677,17.939745121572184,0.6195514386645249,156.9282910899358,0.8344021718486715,0.8259570125623911,0.6678610561225954,0.5722489364782578,0.7297943210488668,0.6911619515718306,97.25319458594637
0.05946569216107584,0.09574965408771051,0.1657951174802982,0.15729270381704805,0.24742353502259531,0.2820946529276055,2,Diseased,1816.0294203840526,37.13190580532409,2095.335952013907,21.7426637221112,0.4323734507511886,141.6344977270537,0.1975429111741184,0.11361255248205979,0.13407810346085397,0.2227012912477821,0.4419747268379558,-0.06547672589766379,57.75644081471456
0.04639626409497902,0.09570450796202237,0.035430145792187326,0.14104267176447077,0.47104025077375505,0.1547014792502855,0,Healthy,694.0827626783185,29.49799323322322,414.1209666272321,29.998154010908678,0.26232693653997186,40.363709927060505,0.8600899466864532,0.8153527882141607,0.6492144758650097,0.5391386713575373,0.6622659149531881,0.5055420651838185,88.03282007176534
0.06164471631861013,0.10012716989842346,0.1388173387836374,0.21280521440064276,0.38242829189830174,0.21566982628563794,1,Stressed,1383.06856992176,35.851212607989616,1779.060270249157,-3.5918670700731803,0.42611880007236025,167.40188362180803,0.4673630513167481,0.3474206720921354,0.3578144328018761,0.2849689623533717,0.5850127881645836,0.278814558605973,72.66715150690526
0.04935205960890306,0.07908883746490919,0.21999243054593273,0.17516311706457594,0.3071982130985669,0.3022495653989312,2,Diseased,745.5069868738256,31.181928685101106,644.7859612668135,2.080676528714533,0.09529013663007158,95.04881678361951,0.16541602539759664,0.09659426785260823,0.1273460514509537,0.2737265303834972,0.5905177753065688,0.008119887860838419,56.93786616344924
0.11619688844180157,0.07025772878369643,0.14083303015873694,0.2366813863805206,0.22292614666561436,0.20570452665140343,2,Diseased,572.5091254952758,41.4433756051122,1251.6529364559005,0.07774511719092381,0.7069561136608927,111.05194962070351,0.22567984391970228,0.1715351165578487,0.14256250658594388,-0.02992822881831056,0.5207258156359794,0.040178224948664534,58.7349779756311
0.09667695217588375,0.054280989898171185,0.11442450745599585,0.18655811797573257,0.2772686201481948,0.2589390655964926,1,Stressed,1111.815808224674,10.146788385279736,2190.0016488027854,0.4051918347245884,0.8291930316293041,194.423731940976,0.4157441043982607,0.3286490818678658,0.2739352348214712,0.19556979527240587,0.6725618633459439,0.03418368422751943,68.10914102758377
0.04897337908959367,0.05216598946103379,0.16043776291791617,0.10994272480772188,0.09171254844358016,0.412716193696558,3,Burned,2013.3782066259114,9.094504712980823,507.7230080511226,10.898703121768776,0.30739993337048277,133.04198956626328,-0.27255652145613496,-0.10184296705045277,-0.13705747213522523,-0.09040267167919097,0.27486070410416047,-0.6363706348836317,28.904073123406476
0.06798287700923063,0.09059531228996823,0.16114776663909403,0.11063171971485497,0.12267464512565115,0.3978169582605058,3,Burned,893.0218057803488,32.06437028753049,1767.731492815766,25.748779481452807,0.5664768243799825,119.76981327983158,-0.13555349600015915,-0.060887150913376,-0.07362596510091308,0.05161850129054133,0.15041655055522607,-0.5286200700619632,40.33054342885206
0.04442545624204053,0.09120922540036663,0.04301778540267428,0.18909385030822493,0.43283577739448986,0.15093222821527147,0,Healthy,1334.1145682397314,22.562766026256103,1647.7612334693877,10.705314417371428,0.23214853203943642,8.268740610934694,0.8191973629626991,0.7177638352801543,0.5991954164923283,0.3919123841510423,0.651903068730962,0.482903382236114,82.74274610254105
0.07653686940776047,0.073762173754892,0.10833105167524407,0.2215517888114592,0.21912406964295109,0.3314706401582822,2,Diseased,1777.171917056317,26.96225266506915,2208.565441983844,18.396813924204466,0.1274604501728117,43.846892843318216,0.3383456460789038,0.2138722838884619,0.2008441553644229,-0.005509081259708861,0.49630835930905315,-0.2040458552815193,59.93094721699145
0.05535429237195849,0.12041279397551664,0.17249999161074334,0.1906343686498637,0.20934945298716182,0.2660362334664033,2,Diseased,1586.0981393044012,31.884411113605214,680.0167169129468,8.177469988557668,0.6636185651121598,10.180257104737862,0.09650259004617848,0.0503630249684747,0.06267985059857066,0.04678960212142164,0.2696993277241876,-0.11924376543537542,49.63042265440196
0.03934026516719449,0.10550679251908349,0.1292359833509461,0.20436479141105932,0.3079269923452676,0.2270323652071297,1,Stressed,624.4717371002557,24.634268865000116,2059.532510198771,6.188216035889029,0.13410759650791237,69.99592301464915,0.4087514607618098,0.2498069632095099,0.28600842925135295,0.20215471377132374,0.48960728982641294,0.15121639519699517,65.98713084712938
0.08831860604559198,0.045300478359091345,0.1318268760267461,0.17924117203305143,0.12636826317254124,0.30129605224951433,2,Diseased,328.256597268431,35.446205144978826,1290.266632830922,24.198231469016477,0.7819790692061673,72.17912884032815,-0.02114142295520676,-0.0108742508084826,-0.01079922403876409,-0.17300809804795458,0.4722337879792405,-0.40903058468657505,38.79278862922552
0.06191389640291414,0.04913926417387521,0.18544294193851085,0.08030694830015248,0.10233884192380122,0.4174565094319026,3,Burned,317.01379893149846,14.349031017113361,1243.0166074851402,17.944162854144686,0.2717545487509241,108.41436372640958,-0.2887746959228089,-0.11867658650030906,-0.15823690137709856,0.12062633576372425,0.35120305903211624,-0.6062340892889606,33.34966333145231
0.04303787948420101,0.047426175250186296,0.1924583907079636,0.09790046630630668,0.06292762064302146,0.5144904105421564,3,Burned,1355.5907594919622,38.65456996198615,1095.9255718477248,7.281335082888759,0.8185133930026607,139.50484716354086,-0.507196006185961,-0.17089449113339528,-0.25721439053097706,-0.21745482491348547,0.14047041936946256,-0.7820378957544881,21.957819907904238
0.05223967428373448,0.06510138715613441,0.15527680502207986,0.06985766428731024,0.12018188135493238,0.4420322128235605,3,Burned,2572.046859173165,4.845435881652033,1148.2631216310194,26.99560914365077,0.36850457439042694,39.972308519781066,-0.12740539372594026,-0.05285236272576099,-0.06788547958346391,0.2648091703727174,0.2972771997636477,-0.5724693298808569,44.45520597121474
0.06781709696877332,0.08999576208591598,0.18248367326383852,0.20532603572078653,0.32722553559681467,0.3048285135691419,2,Diseased,633.1424858065932,28.530178963253405,1443.9111781354952,12.447904779117565,0.3688425926429848,122.32261205789978,0.2839694809846992,0.1891062332139517,0.21502506805320878,0.228897076175106,0.5685945783269927,0.03543529497655203,68.22015035048673
0.082080218497352,0.07226324141690343,0.0830779572764534,0.1974853243549411,0.33625729479847577,0.14582749622695212,1,Stressed,2797.0343840026044,40.055962838705895,534.9596104316247,1.5896161554750972,0.7505727606724842,183.81037353313687,0.603763528660232,0.519183159600523,0.41309087331850974,0.25999791446983445,0.6462197699167621,0.395013072734229,80.15595529893882
0.05001999356415088,0.07529313478967295,0.17775712309760075,0.05993261741199609,0.10438394922870844,0.4083291898158137,3,Burned,2561.7252207356614,11.37123575557671,1235.1449137205072,11.91276518636884,0.5102657746354712,41.07653195104554,-0.2600584546706773,-0.10214684819386455,-0.14071599522171824,0.27052250433569985,0.1619060826755103,-0.5928173310037573,43.461128717935054
0.0622476362098092,0.09497993240185401,0.10472648564056403,0.1739722718821018,0.3889810510367949,0.27833308035163523,1,Stressed,213.01351992251693,14.707560371576083,1734.3586731309504,18.61448032767165,0.20097742640987393,133.52216590174595,0.5757549531281382,0.4583323709287765,0.4290818254526005,0.3819300225826514,0.6074892865765866,0.16581091846029639,78.47564259085625
0.06494237107364338,0.046417791447525655,0.14294927380525138,0.21389911182322668,0.21150205365171904,0.33483186243055363,2,Diseased,288.26798084008885,13.744880032173251,1396.0231775642922,7.84894062396568,0.850408548053435,13.88988254412194,0.19340533552025266,0.10832356248248033,0.12034526164561113,-0.005634817931171479,0.6400603092021386,-0.22574071074667673,56.36816043040557
0.06616757877023945,0.09370024724416116,0.08113680151261221,0.20211488687063492,0.348932679046472,0.18276967674568345,1,Stressed,843.6096112755704,25.39186702987652,664.8248314691701,24.53246576963877,0.34015320923575953,108.57378868676922,0.6226804816722269,0.4998069163990765,0.431896562975443,0.26643396794095076,0.5766232263265765,0.31251130894110474,79.30784187438942
0.061775218700823066,0.10626879587195767,0.09544468908837314,0.18136964735577876,0.4068434316725281,0.24486632045605206,1,Stressed,385.1990064669306,18.579231700431684,1098.7137439415906,13.660039321213532,0.10277676083840148,149.60015513562703,0.6199603843165203,0.5134534843573031,0.46603177224260683,0.38331990314805586,0.5857873069622729,0.24854179057781017,78.1245346969954
0.05249665267043777,0.10246480989072874,0.049484321605237865,0.15704924994377428,0.5812392519949897,0.13767569922523923,0,Healthy,1953.4322473920095,4.858167824770606,1274.5156837370455,11.37176729770632,0.4160010449228776,11.638147332077885,0.8430871212305814,0.8955599226317201,0.7054176698472705,0.5745585840653025,0.700265599974792,0.6169902932843142,98.7545421858462
0.05281955867394157,0.060645896569432214,0.17718003677313646,0.11481285419686149,0.17780644006207924,0.5055664650269126,3,Burned,330.76996281277206,40.1079249790407,1771.52459219253,25.05489981423015,0.573961763169679,70.0647512727942,0.0017645834761973902,0.0008489045821017453,0.0010989705075833192,0.21527488087209146,0.4913373474730329,-0.479621035203233,51.720635085165384
0.046353711428612776,0.09039264892216861,0.055466670326164855,0.1567798902094965,0.6244627084511679,0.11224378629251452,0,Healthy,2848.7312653848126,9.210448312140336,2281.685909582495,11.202123226315354,0.6098853339390975,176.2016121514379,0.8368457776890436,0.8837483486927986,0.7233433333429494,0.5986396710279932,0.7471022585888745,0.6952822037819069,97.20068762207782
0.04740014236304336,0.09593659559393594,0.05554796521725314,0.1426059850958245,0.522371035560119,0.11399364053677855,0,Healthy,1826.7748275211748,24.033600494483835,1510.8261276932005,9.504354964778576,0.8356078453038202,48.96856018100753,0.8077655547529599,0.777956625539176,0.6496170848766316,0.5710949896866188,0.6896800420746124,0.6417348478717405,94.46616038608393
0.04301319564015171,0.06572242420187274,0.11354159653189587,0.08493751212418083,0.1437181258983568,0.5785649123969248,3,Burned,2602.249410019176,26.766220317176767,1788.0098818582012,-1.3699261633276412,0.5414068237934746,145.9605381071608,0.11729985521399969,0.05021491796018648,0.05977446325374301,0.25707046505311876,0.37240017721094026,-0.6020448458881664,54.97934992731899
0.08124545743828987,0.07783533323354054,0.13420460777293047,0.15510544853377412,0.20191367321468823,0.2758057044886787,2,Diseased,2677.318418088276,1.8338329641393765,469.8171759666898,7.687215759993782,0.22371048306735009,124.38646341586147,0.2014441559928433,0.12109930982822045,0.12147036999115307,0.1311084491513828,0.4435344994469713,-0.15467664318424665,52.063292404804315
0.06667090227292849,0.0982638657134031,0.11544422954705011,0.17165198493139705,0.415761831437214,0.20080380329358316,1,Stressed,1872.321000911768,4.307054744445176,2399.8274645647048,8.89669051970786,0.26166633073590806,36.9190948621015,0.5653504699856116,0.46679689621396786,0.43684421136628465,0.41556707647639585,0.6176694303555119,0.3486376997821296,74.79599809040386
0.044162354635366205,0.07132745029691624,0.14555106110635782,0.17767683397103393,0.17920169910323946,0.1950545016382828,2,Diseased,3253.6974916364384,43.726036969329826,993.4591187821504,1.3217811728571425,0.10084058829440268,149.63296522645712,0.10361924849836794,0.048874143614223355,0.06120131852663536,0.004272784569982355,0.43058560155076375,-0.04235815486838235,48.31809135890008
0.05769472343456973,0.054340642624050285,0.10203641226206597,0.15131698009200428,0.4099585234338603,0.2318327077280774,1,Stressed,3467.7945537225164,29.90305530672221,1079.4418493134272,15.573812059960868,0.7359242892362617,108.75579364127854,0.6014163103763709,0.48431674312117406,0.45640857073655133,0.46081030992622724,0.7659239971717178,0.2775447907068553,81.51566576720279
0.0463690628337221,0.09645804862333023,0.05676614551776526,0.13807256664726444,0.43380039526349445,0.14764654891792928,0,Healthy,1385.4084638480015,1.5104329670892114,790.2541174113278,0.034472469262169625,0.10594154649975795,26.845031141625224,0.768569013001961,0.6607081598996674,0.570937282479954,0.5171215342248742,0.6361847588990343,0.4921409326985297,88.9387337971392
0.07705254407834346,0.038299434066402446,0.16894441902340468,0.12534125311295757,0.23773843380782303,0.2822851045381425,2,Diseased,615.3516628224706,35.73896492938494,486.2741578842082,2.8291426011361844,0.6058126322747955,190.12742363672763,0.16915887309706404,0.10276899856921556,0.11381159433674634,0.309566141120221,0.7225059157725211,-0.08566279521765634,61.6733446428858
0.04340791408002106,0.08898418363913049,0.04355139693362671,0.10627187119965698,0.4613402441578561,0.11292339924865173,0,Healthy,1398.6859895379607,22.88442641748685,2038.1029383120726,14.638219500379922,0.5969473940466132,100.93259568298916,0.8274821861701352,0.7476058494567802,0.6236326773694059,0.6255475475168147,0.6766118946294855,0.6067193053964156,97.90237085657779
0.10825909615463505,0.08778075180867526,0.1443144842311086,0.21369306330782684,0.35580953863358455,0.28802827432646405,2,Diseased,937.0678601470913,3.3839807435314024,829.0781797535802,4.414424765365798,0.7855035569753578,150.29076278658562,0.4228852054780083,0.3750568707215161,0.3172032379774177,0.24954490523105485,0.6042259863610282,0.10527692206011709,71.43735093674104
0.04910679597299266,0.041564525825412896,0.1734121803222372,0.11744997004286108,0.12133450470803572,0.4625809580585369,3,Burned,1952.3187013037755,30.633844412150605,921.9130177596888,17.388390854492368,0.0746296996854211,47.451551777518425,-0.1766862071476414,-0.07259197545570434,-0.09829108307059606,0.016267952539827057,0.4896896790883393,-0.5844107054291378,40.24135280453516
0.034019476247232866,0.05322488454308233,0.175280465014546,0.12216695155760078,0.10747511503864539,0.524030547651926,3,Burned,1448.6790841329248,22.47083126408108,699.9518085337997,19.167959652224656,0.20291134351117135,31.750725833848666,-0.23980197867403863,-0.08902958011462558,-0.12993586536627538,-0.06397711053966124,0.33758697735467685,-0.6596226298942317,26.542770609649224
0.08181075272186186,0.07822831129266013,0.07174717954797558,0.1892417793938411,0.41027702822401435,0.1793456326740262,1,Stressed,1785.48306714641,9.221391049991546,2444.747616657536,5.54516437123276,0.9095623770231385,149.55482134533415,0.7023087973479627,0.6896502445747218,0.5170898678712217,0.36868775813983745,0.6797238090839376,0.391659627331259,88.76172946807823
0.05135123451868082,0.04926384270862433,0.1751912117153094,0.08761365350753605,0.10491166765174055,0.5121646770344874,3,Burned,2718.519001050805,39.49660224399688,2018.2765540142498,-1.9414311476148023,0.5722368294620122,136.3957148188845,-0.25090617316508207,-0.09921306154065095,-0.1351351437512135,0.08984799059970873,0.36093813604810154,-0.6599718272949019,34.79594086300664
0.07932355324394622,0.07239923875615609,0.13758188243015734,0.24195072773102566,0.37562673104936306,0.23862956563439533,2,Diseased,1104.2692159881121,13.112093623511436,2345.7792299575412,12.130814184012142,0.4576902131100785,58.45099910225903,0.4638364160860693,0.3705113391989002,0.3524123903550904,0.216452202478055,0.6768078324940736,0.22302931842016704,71.94232361890079
0.05315293283662916,0.0920730769402992,0.07369941788924494,0.21700911978751172,0.29815030476706406,0.21877233629268766,1,Stressed,1973.666591311094,12.80504859539885,2195.7914075177227,-1.7485552967864,0.7476762654622817,150.52526992556452,0.6036064226117737,0.41822112993741956,0.3861632546367362,0.1575069377302771,0.5281006526161981,0.15355869647352904,79.90724155176353
0.022163888702858167,0.1072764080274567,0.05340440443501546,0.16937481063847115,0.5254558784525485,0.10734887927305405,0,Healthy,1306.0321227846716,12.274811180652543,2293.8529589995755,13.033248853335383,0.9025304510891583,103.473490898608,0.8154842883811738,0.7026026088722738,0.6563196511117622,0.5124716974651581,0.6609105821711546,0.6607203682776208,92.12639246682545
0.07698351858268872,0.0870753017082032,0.07237672137018453,0.17916021939863422,0.37413177497278877,0.19240428363816786,1,Stressed,2790.3708515981825,34.53550996900731,1353.8749140682246,20.417624474513605,0.26300963694954893,72.97646504624421,0.6758103133892356,0.6128172202896505,0.4782129028641736,0.35238455288298515,0.6224025639552606,0.3207694997781582,83.88852970688355
0.062475757924330716,0.03801587314877512,0.1450292099255282,0.18240247873869256,0.150347987451875,0.28589962617731757,2,Diseased,2310.470886945398,31.775340167123947,675.1911621856211,16.711542701478116,0.9014756288113434,158.44390440853377,0.01800672967820093,0.008567866461382549,0.010030669995971592,-0.09633191709832391,0.5963570080870496,-0.3107217813538407,45.138544481370765
0.05450020673421832,0.04104954150052119,0.22247742823731803,0.11180622189110599,0.06988931789100677,0.4136616149005,3,Burned,228.06561068501543,40.641555846166085,1019.1367355865976,10.689367442420615,0.10869462604075364,125.27263577073056,-0.521906499791439,-0.19111714797117904,-0.28885886964495405,-0.2306985726968299,0.2599609726389368,-0.7109329474675803,22.102320840108014
0.040836210774105576,0.10357582562256139,0.04123940535889422,0.15896619411512758,0.5670557805840643,0.15744469351272905,0,Healthy,2378.1694256472206,10.320264881292587,943.3933373597479,28.105049176414163,0.977683047729878,103.91733136453932,0.8644098765403979,0.8715839722093582,0.7116556723560399,0.5620898472351603,0.6911096103448571,0.5653703428259008,93.83455185543852
0.05985789439143517,0.09679136181548505,0.11820362038747786,0.1162496962529095,0.22873312024142306,0.26555926261094837,2,Diseased,761.5346266197216,35.386406799426375,1877.6944427229841,-1.438846842124033,0.16485182509961016,155.7558838664378,0.3185868883984923,0.185574156161836,0.1957575340281381,0.32605514057483515,0.4053205262443725,-0.07450274959122027,63.74286038733031
0.047725805873561164,0.06116980234023887,0.14352605104473373,0.08677686542772717,0.047830383184002685,0.45159805082857396,3,Burned,2590.7635076700294,25.787050943764317,356.47990987615333,25.800052741917593,0.26623636860229394,111.24153016217181,-0.5000911688468772,-0.15424404460881852,-0.20762589687180955,-0.2893341907813777,-0.12237977273416456,-0.8084594950190774,22.8448495855025
0.033849491094152126,0.03757172378389566,0.15526132286386163,0.06308242250746351,0.07382322672755305,0.37304732221776077,3,Burned,2072.217600590012,13.890582434370053,612.4928728195496,23.004510542442105,0.09659394009164124,188.01421442204978,-0.35549360586133805,-0.11623917592791586,-0.16754866441407124,0.07845405573520911,0.3254321629741196,-0.6695990360081554,31.488340474195027
0.05033449319680466,0.09716416094635155,0.10982905179879181,0.2756212607647391,0.31962354795222914,0.24737009334769666,1,Stressed,1524.8928364864764,1.5954359583487787,1802.347264560694,9.69085031276046,0.8036765068866004,164.5208600935581,0.48851605832612727,0.3275809057276195,0.3385775034990268,0.07392300748175451,0.5337474616424815,0.1274325637313215,68.09349528971141
0.03443808041150875,0.09867079082120249,0.04380357016985988,0.14641668013573172,0.43935546827290717,0.11904644636772255,0,Healthy,2490.419216383953,36.85263974329995,571.5731783609712,0.35035101652500433,0.9842320620416789,74.84657668433842,0.8186784442471281,0.6848713250479387,0.603491213445421,0.5000899819701216,0.6332119768525899,0.5736173314791593,92.544914255995
0.05909622230398069,0.10184049833504558,0.14127789071313337,0.226570569609582,0.26754668343204,0.2131600450225103,1,Stressed,3026.7578433669746,10.848211718101036,406.24207169488045,0.45533750221744285,0.2969765085697681,95.65925385652041,0.3088581206116232,0.18879989369562536,0.20840456165312665,0.08292791385231647,0.4485975388163412,0.1131389141420822,61.06168079879027
0.05988531862851463,0.04677804033912551,0.10163412605041998,0.10246618808884918,0.0985684894548871,0.4377034640183019,3,Burned,2769.8542557448413,28.428436629671374,540.2733621446199,27.263201625997908,0.32561196040179385,191.67994839560072,-0.015312669290901073,-0.006086315448352858,-0.0065673202667310936,-0.019388189578547807,0.3563239220497428,-0.6323936317069275,41.353788514448226
0.053645250379928025,0.05462806205986582,0.16557250001477578,0.09058252240568479,0.03683382165373049,0.41242857785245657,3,Burned,1999.751612687295,24.699057122691563,1819.483136694812,3.1796632497391037,0.27897990338000256,179.56485698481376,-0.6360407666094599,-0.19770309771898895,-0.2749235148305915,-0.42183518080332805,-0.1945535969532426,-0.8360253345290255,14.008191724447848
0.06179320053309782,0.1087001235597787,0.1599257900573495,0.19826671549731092,0.18793853379437808,0.22628984202869962,2,Diseased,2584.8912568564483,0.20022923910527457,606.5155706903402,25.594049779574004,0.1548281002149251,42.28117983869073,0.08052778342308767,0.041585521336018234,0.04955877246853394,-0.026742726709302226,0.26712097563463183,-0.09258493513938437,43.79477095136295
0.027201590423599795,0.09354312499807063,0.04082291025499741,0.14725546596327488,0.49378335895755493,0.1553685065702769,0,Healthy,1565.9180294960868,44.74546334728931,621.869594500259,12.615332697560113,0.7874442167386926,58.48924740055302,0.8472785792373126,0.7378605285025303,0.6567142368118666,0.5405723867526329,0.681461228258032,0.5213184543480053,96.27490388690089
0.05681816619300824,0.11194816045779996,0.038116111454017304,0.1647228852452211,0.5097966032221984,0.09203216178619995,0,Healthy,2803.7862011583247,36.644821011005796,806.6604328700184,11.16071228545783,0.06071984000912245,76.06200127558455,0.8608679275461555,0.8985369053721849,0.675171434597172,0.5115844964615874,0.6398902887588475,0.6941583034645836,89.92650835433544
0.043920561715646705,0.09912677604644518,0.12724916488000426,0.23912990397981435,0.33562644339720815,0.228078279239047,1,Stressed,2935.8712423552997,21.891207178650692,1952.0035492323498,16.682894365433725,0.9677741304742827,176.57056204806125,0.45017985456388515,0.2943652169499268,0.32461712794748315,0.16789120847269728,0.5439859932803899,0.19078811642257285,69.77948676746495
0.06492074643904439,0.10980248684593144,0.10533183515387723,0.1528773250155276,0.3093002644726912,0.30685939580037136,2,Diseased,653.0696616921158,30.615361660907237,740.7764069737073,2.5263679012631526,0.9273155245090483,185.84637581957654,0.49192627532516664,0.35060924885248784,0.3345089689701985,0.338447686842406,0.47601160392997677,0.003961422322947776,72.53762875651319
0.057289953408857036,0.09646248634278728,0.06064209488858009,0.11890579853840294,0.5432289225642938,0.13036369765569003,0,Healthy,985.5034866600228,21.446740646584768,377.8258727932558,9.992973592089289,0.1184390852842464,161.45634695650685,0.7991554582627741,0.8166112591827531,0.6557652329945531,0.6408410616359567,0.698409300197916,0.6129301396509773,95.09696710908771
0.06244386934483457,0.08717912881302943,0.1388969636408621,0.1600995167500662,0.2671956128376356,0.25745099396408816,2,Diseased,1090.9628332522227,33.506382207542885,2292.899382267069,27.846955358172544,0.5295238512104824,58.76314698175111,0.3159344776749989,0.19650601343447757,0.21239327709666364,0.2506372906345406,0.5079833797021255,0.018573680953002616,60.67401348946815
0.08832622882149134,0.08092116277154231,0.16898463022076857,0.19879729169373012,0.2118058403572099,0.26374483141051724,2,Diseased,748.0696726409021,6.044784561850234,2227.90053344003,3.338992514256244,0.9928513586443369,177.97763729387015,0.11245346803692584,0.06848032429922563,0.07292519233690264,0.03168156141841194,0.44712196591197284,-0.10921862389144017,56.79442836179239
0.053592206002956125,0.09539954068261094,0.05688611700978888,0.13820237336892388,0.482819945279981,0.16142165198433228,0,Healthy,1495.3655227614884,20.085794785531366,706.6018019722393,27.25542456079131,0.8526192490484263,11.411819558436203,0.7891959163311152,0.7487260794624895,0.6145013090076713,0.5549197766540963,0.670023074805548,0.49887851028502184,97.01332908509924
0.04255213416855875,0.1015703504483219,0.059766653699781305,0.12727394274214937,0.42180926543390374,0.12059501489317723,0,Healthy,837.0095977837206,15.099172968278701,883.7536975016009,29.79733938132125,0.7151337259585594,87.44667877365103,0.7517871841838253,0.6193979549282609,0.5532571668505346,0.53641290234683,0.61186736959005,0.555331615019284,86.21371646144306
0.0668253558052128,0.08678587586168302,0.06208029601707872,0.22385729036221277,0.41623684828136254,0.13507769385580792,1,Stressed,2165.2797260578113,20.68448595723157,714.82665717601,-3.183248417357613,0.022460945440901936,78.63758330468883,0.7404220172361022,0.6876674218459397,0.5430088045194079,0.3005488463327178,0.6549425106619393,0.509979563092687,87.17341084513397
0.03533581793582034,0.10656313241791594,0.1575762070733179,0.18763662376538173,0.25435438483546113,0.26149684610851665,2,Diseased,535.3309615621325,20.27126937871639,1882.9759857158058,13.598269290698003,0.06837744536824142,109.37172315139188,0.23493806314388488,0.12504978261789834,0.1591867476969876,0.15094822804608043,0.4094876010656873,-0.013845970904296406,56.04427164688642
0.04273984902299023,0.05168714164048924,0.16813069337621997,0.09119821978825737,0.08367034623181753,0.4258268425694619,3,Burned,1090.7332049882962,6.439227740063744,850.0195452163106,1.013675489279101,0.7940170984426924,114.32490866079162,-0.3354249208884412,-0.1191659770383451,-0.16851602000643073,-0.04304874968259388,0.2362869075897113,-0.6715571687982853,36.27913562309783
0.081676889353898,0.062304944833192794,0.12842151876139568,0.2555859492481572,0.37303710050592315,0.19743281960634126,1,Stressed,2396.218131622977,43.94198568190631,2349.1894662327045,16.759998958483706,0.37644485419096874,48.95387493447449,0.4878081011427309,0.3994403183189122,0.36638894697551067,0.18683875724144333,0.7137655364600168,0.3078239038208801,69.01754334829943
0.058839657302687184,0.08316778126717773,0.11872800834029296,0.17638994049582374,0.4508904685802946,0.21231654905174888,1,Stressed,1515.1989063400524,0.6971464254657622,2120.810253643852,29.63399251252065,0.6684318774590476,44.88836204322246,0.5831314605600388,0.48224443116262594,0.4658143968644718,0.4376041714944096,0.6885441438882322,0.3597276711321428,79.08634976648263
0.04719399553161936,0.06396408502207067,0.16470068470997232,0.1395068623569105,0.09257160900626722,0.4050062981171798,3,Burned,1590.8270481162454,0.45328251678294795,1594.482480653281,26.390831339637202,0.739181627043158,161.69548539947027,-0.28036082649324123,-0.10442467067509689,-0.1428727988922982,-0.2022387128481537,0.1827539867774683,-0.6279110835889424,27.370090346402616
0.057046714519441356,0.09624552222208432,0.06909400108942484,0.12317787843024137,0.35886150726340554,0.20670844719319123,1,Stressed,2833.1533347626846,16.8048593340146,319.66409437016904,27.369696156222375,0.4221841775250891,19.858375578769497,0.6770972536801834,0.5383710879403439,0.4683966533573719,0.48893022217410104,0.5770422389823179,0.26902606155262143,75.57650422877825
0.04328074555398109,0.07364329121174283,0.09393596766579006,0.18661623174941352,0.4723901376796453,0.22883471641153552,1,Stressed,3448.8881258602555,27.916935720606787,2244.0726941166668,2.4672434659234774,0.14338175070077952,101.19077855309887,0.6682619073341055,0.5528428332913037,0.5323711450477635,0.43364361082182046,0.7302608559605402,0.3473285585555621,87.28158731999888
0.05656061019671538,0.09946912095182364,0.1219104482299162,0.21674655726642614,0.35887606127585253,0.1890228726458764,1,Stressed,2064.7236847389026,8.08439520667177,1901.0756223716191,13.98118596112555,0.3866945030792118,42.3710492865474,0.4928707512214121,0.3555620178973804,0.36241160792872606,0.24691437925114015,0.5659641351603233,0.3100082424218741,73.47232163322649
0.05350625120952657,0.12544880024456276,0.050393130660242966,0.18543018564973493,0.5310598779726451,0.11471991015464407,0,Healthy,460.9216658299056,23.993730175687247,2033.396272390214,3.2190855738232713,0.8710484423186046,67.31560889859065,0.8266648068016662,0.8390814792884431,0.6666957404030838,0.48239285518011427,0.6178304796385036,0.6447088760369313,97.42463534486171
0.03610808610417708,0.10362589945900956,0.11100867021869572,0.20454550915243935,0.3511240148076868,0.20146361315103892,1,Stressed,539.5798149379985,32.524738558356546,458.0154500583803,26.479864765217794,0.3310857790319788,59.07241173854159,0.5195809497427644,0.34373583063207264,0.37434858907233204,0.26378719130166606,0.5442510314823658,0.2708355948922375,72.90451321133354
0.0872400010082427,0.11364767170680197,0.16475801432465975,0.16535673673984194,0.2213548827155375,0.3294191438985659,2,Diseased,3396.052382697073,4.2327274068068,1858.8323744807929,1.690389757598628,0.06264944259457306,143.16183405970477,0.14658113561841016,0.09095648028814819,0.09580641689317529,0.1448059528350876,0.32151160154388697,-0.1962043487876735,47.21983889134147
0.034993305972181615,0.0630558019190248,0.2132303201845128,0.06948286034534656,0.09353720339543627,0.43277419150826596,3,Burned,2441.4752120699563,44.299008360717,2070.096841973116,0.3885619343219924,0.9591314171847817,93.92401764243714,-0.390175307641812,-0.141784951025939,-0.22254201825267522,0.14755448515094136,0.19465364668532933,-0.6445556470031253,35.23224973605276
0.06240626949714878,0.1026713740575125,0.14837385818202978,0.16051183102195007,0.3468547656624938,0.27836335352906433,2,Diseased,2683.1480905016037,15.151529148268244,2404.5977835455205,-4.574307890009343,0.6806769089738685,63.39115771699023,0.4007864124084086,0.2804906674602376,0.29914870924745374,0.3672747322853266,0.543201750903867,0.10954802641758432,68.74564628894389
0.03974589872222096,0.06893798745935456,0.2058185256701089,0.10765742270742942,0.08014829205435567,0.4819339611758949,3,Burned,2430.0204003622866,28.908693620426202,1577.0350401213582,1.3681751030317582,0.5408567519375659,167.11363960614,-0.4394573825773922,-0.15576648600597404,-0.23983881224274,-0.14647652880638568,0.07519339727057993,-0.7148164875591393,22.309458432961378
0.07753895571390745,0.061169247955403974,0.17924365452463792,0.18377508165662498,0.2828175709009623,0.2831639928218329,2,Diseased,792.7380855940058,4.982393618395907,1417.6920743983974,1.6416996399086488,0.8291073466812379,21.730052551706393,0.22415625556842797,0.14573611140095005,0.16148751123493452,0.2122675669639649,0.6443511912431651,-0.0006120727899178166,57.542605745422854
0.04012053180601825,0.07989465687968195,0.05776807698865147,0.167513110637066,0.5562397982585618,0.0966449616480316,0,Healthy,1679.5951307217147,31.926887492459688,1235.872937960206,-2.287843436603592,0.4111606780970959,154.44032586735986,0.8118327683515244,0.7779167586870395,0.671186974353363,0.5370986112424287,0.7488120318639885,0.7039447966848472,92.28756117773722
0.04630683019921759,0.09190300464443764,0.07381809895224029,0.20826417832903352,0.28603049560392513,0.23543680293244976,1,Stressed,2833.665444143907,37.82053561781187,1842.8328981222164,25.370938619460564,0.9851157940105953,53.42098779055808,0.5897268850421861,0.3839870070622244,0.3702030721348163,0.15732784471021963,0.5136551422283636,0.09702179186165841,68.60950663201686
0.04462188653642861,0.06752383732712677,0.1823357017280191,0.08010385525710498,0.08975458556855799,0.44283048537360026,3,Burned,3058.9977777088416,4.737831404878007,2325.80687037215,22.29992330436434,0.8575730693978237,184.0137484122226,-0.34025879305261725,-0.1251701949553228,-0.17986455046183278,0.05681630948911808,0.14134645057263384,-0.6629474096053177,31.089637347184496
0.042027972768977795,0.11154785339583033,0.03238710595357455,0.1059461471772927,0.49587042691274197,0.14164686108870495,0,Healthy,983.2071986630277,5.663841946652981,1619.4611071752786,3.9068524071539876,0.28054474165599075,6.084021647062027,0.8773813591838457,0.84270719643823,0.6761195055285263,0.6479121547057844,0.632714851773188,0.5556297326119504,93.7578949160132
0.06228420812280151,0.07140812789361381,0.16888160839380412,0.1181652281853465,0.15171681484371585,0.33813760813467686,3,Burned,2166.6739097516083,12.647133647425246,800.0240113183476,22.41401961589209,0.37104798717763987,113.54935078507118,-0.05353985475459726,-0.025273937151770776,-0.031376114409031465,0.12431944355616835,0.3599269645320404,-0.38056365471165177,44.931480207085116
0.04746024179598273,0.08402689706429844,0.1731174799192448,0.16771603342462896,0.29018940525498627,0.26237455382454417,2,Diseased,718.4362790368962,0.5371116918898178,338.66269068018886,9.77575913788794,0.2757429641984457,126.34167188538079,0.25268763870158983,0.14834685557909222,0.18229692830325936,0.26746432518659286,0.5509180156069416,0.05033779433135408,66.45464403773741
0.06340179069163702,0.04404330200531406,0.11221484311592389,0.2396273000800962,0.40552813701463836,0.1316393298966393,1,Stressed,3362.3136813017804,44.37230824517534,1662.0488601885606,22.143210827186458,0.6593408428482387,117.57356486614557,0.5665229650424586,0.4573576423517321,0.4322996523824052,0.25714862624446116,0.8040653733624468,0.5098760049526164,76.17021002946436
0.04360496609112525,0.059980815999909454,0.2107856900432059,0.10596862472350133,0.1198643584447181,0.4052327661060908,3,Burned,1032.2741536752092,26.927283372869233,2202.115353641916,6.305267814231074,0.6393319310674046,163.92798197880742,-0.2749775155470249,-0.11047327851035824,-0.164187067711757,0.06153101690888037,0.33297273224041296,-0.5434583220597639,39.531681602403474
0.05640213659328759,0.06303466900816669,0.17940726420492445,0.10758688698361228,0.08319097669305552,0.3588360388465049,3,Burned,2597.895924392859,27.341525248359545,445.14561066150065,14.762897927075699,0.522505873512717,26.871981576343188,-0.36640109819028915,-0.13851096956766767,-0.1892535566372694,-0.1278759943194628,0.13784385228590465,-0.6235932335064426,25.455796847879398
0.02906528629538017,0.07160243258142843,0.058630875180453554,0.11972476746720048,0.5202620045653216,0.10459743834718624,0,Healthy,962.6727159486194,43.15329763432362,1174.6566597149608,8.356368968395898,0.965840374572831,86.03342083705392,0.7974378983780515,0.6977252851419533,0.6418122694649204,0.6258523587410075,0.7580444714102756,0.6652128959251516,94.54608120177312
0.0439699130449884,0.10325909737342936,0.05177119830005031,0.14735308653285026,0.47627543852864646,0.11810382881220022,0,Healthy,2232.9780114991872,37.441316444374216,2368.1032373779863,1.56865359582142,0.4722752881776897,173.42867073889485,0.8039142806379929,0.7283233792773961,0.6193846965088121,0.527433132871896,0.6436481548733175,0.6025977408210562,92.6007379718557
0.09657262133698873,0.08879032288582857,0.16115352510619185,0.14672288599190977,0.08998495131802617,0.29851467289019623,2,Diseased,2375.5722131747666,36.640931893575726,1403.6893908849715,15.497150940070025,0.7837223941965653,178.30338126315323,-0.28338378080350923,-0.13351336146258702,-0.14212140984872668,-0.23969604437994482,0.006682290773680905,-0.5367565454653822,29.698759885519415
0.0446168379713842,0.06511513701919192,0.15545189883244626,0.08110220764795481,0.0979495663491411,0.4646436135589061,3,Burned,1283.812741400684,15.277606645573153,785.4481055349047,21.27907799922479,0.6580951171766698,102.17715863155927,-0.22692185371888232,-0.08475995952033831,-0.11448543912681963,0.09409210187740741,0.201358274587478,-0.6517925452842739,36.753974875733036
0.04060385928424417,0.12362624241413096,0.05627109600149166,0.1405511957585515,0.4577113602637053,0.09530995440414777,0,Healthy,2902.151755905969,15.068852705909045,1078.0441058914666,21.35874936079521,0.5181849401446683,113.80354430466556,0.7810388303306138,0.6731919780139136,0.5938568135317555,0.5301353996020448,0.5746834723297295,0.655311811126302,86.13486650452265
0.09491269920343746,0.04380766062165541,0.17318864443283857,0.1700231045556492,0.24599267927027135,0.3339727219380269,2,Diseased,3121.723964216587,13.128208191569108,1197.907045628574,7.470129641173525,0.04209510721139831,153.96214589553063,0.173681480981682,0.11568834962975477,0.11880795252465609,0.1826122369440887,0.6976700294668913,-0.1516987754225863,59.438516817631594
0.026973478831655358,0.10733002786700961,0.053800232990486134,0.12351235583846223,0.5513212840273609,0.15113789200194866,0,Healthy,3021.7307698381837,15.601309279934394,558.0369317169427,13.15491189420398,0.6574950238201316,157.0240268882351,0.8221836917432971,0.7439804743801323,0.6752936743247969,0.6339472376250943,0.6740914978859712,0.569689171960967,89.90401531254606
0.08919181051500148,0.08938721319241548,0.1687605888600894,0.19018777869765552,0.37499265754354205,0.3059144326994603,2,Diseased,1291.6341242335673,16.627894261193276,1753.7429364665045,21.732250950478022,0.6425950842762254,178.17585340364286,0.3792750962954515,0.2999970238616353,0.2963804913922592,0.3269838510425373,0.6150254483430547,0.10145029302738819,70.77621140284286
0.03970490448412922,0.12545983651958778,0.13901341216632773,0.17465689599541098,0.32956774420220103,0.30747467845339427,2,Diseased,2656.322854741758,6.300166004126701,1602.7615240034481,-3.0925841917093204,0.12487399459254811,169.55219284069338,0.4066623793539464,0.25531683058866733,0.29510329952570635,0.3072258528933056,0.4485616077892035,0.03468068156262198,62.550316175227834
0.03948802888183403,0.10255937617809689,0.040129448454631136,0.18889524475300978,0.519374792390723,0.14309770621451365,0,Healthy,2046.3194910684397,16.01765382159421,1724.9903313042703,-2.483908334469889,0.7959149753606658,85.8125460085374,0.8565535350482159,0.8183883190210653,0.6784946972421956,0.4666010499391447,0.6701921691645759,0.5679889826197008,99.23126309962738
0.08658242142132107,0.09279872331601582,0.11640252720771666,0.13759474205255445,0.13917462484478182,0.3042492082353738,2,Diseased,2155.673470823638,20.10361658601274,1643.7414510964134,8.167795899022707,0.4669940834450421,131.70189866197305,0.08910067493584392,0.04791214222940839,0.04520801867913578,0.005708300571177017,0.19991908509001918,-0.37227268214522297,47.37484500422804
0.052479475608518754,0.06141656697391026,0.12851253967546344,0.08468824173423353,0.099150599930432,0.48019904184325124,3,Burned,1775.502781352924,13.920630243599634,336.67855023434726,2.8215060360138375,0.3241460144048087,99.23087528303815,-0.12897098101233992,-0.04971107200403213,-0.06052650823585189,0.07866867131317154,0.23500464842202315,-0.6577175644211343,36.66039507731625
0.04858604497856198,0.05602805690082926,0.1667605651831295,0.11854501014691773,0.07696133698779548,0.4653928933112499,3,Burned,2180.8617882972767,7.440613567089651,683.8182690459032,8.112610684257714,0.8239593858459658,28.002485951925685,-0.3684495472543183,-0.1310456001691391,-0.18111452693361554,-0.2126972941880817,0.15740562386832946,-0.716195297208849,34.45468054069397
0.03920270436143192,0.09159325796795387,0.035019602246089535,0.15625079827965158,0.5245184299700941,0.11936830501573738,0,Healthy,647.658721517975,16.803467918032393,664.2584042808932,-1.7186422049131753,0.3433709594978237,165.22777940098723,0.8748267155977953,0.8494611083459817,0.6929890313803324,0.5409580971038831,0.7026731897008589,0.6292257576497742,95.49040088173174
0.0579756116664464,0.10046570800732832,0.04287945833817037,0.15949632645726183,0.5751057573997307,0.09691702128826143,0,Healthy,1549.1958692876026,21.640849794739612,515.4932698555767,15.720281073635064,0.6218507912838264,122.34388829159882,0.8612281926741193,0.952059716960915,0.7140876553761383,0.5657612936553607,0.7025756217821549,0.7115662506699361,96.48398186947736
0.048942133285134096,0.09621905776894966,0.055649172812729124,0.1361597010153557,0.44725788328407134,0.15071814098485264,0,Healthy,786.3168145602217,32.432777400020775,1918.046701036208,18.510917709802406,0.6179148014564922,16.31101474215295,0.7786900142619285,0.6923349300859446,0.585710366956689,0.5332341453333869,0.6459129956384749,0.4959057308404733,91.5308920253168
0.07978519796612094,0.07082867455932294,0.05724998807838825,0.211461727233875,0.324893743552976,0.21768051504915026,1,Stressed,1124.348252205705,32.00569926636017,564.3018718526816,22.71441777628672,0.05280598257326696,136.98931440674963,0.7003745614988268,0.6253331320778333,0.4551022857901185,0.21148663597637252,0.6420284799262223,0.19760101926699733,80.46509574220299
0.04011445439091466,0.08821035088102967,0.056900914151753954,0.16444548294356004,0.4723986865920289,0.11268136545905705,0,Healthy,621.7879685430414,9.12127639874959,1770.0269615907573,17.76830283263644,0.4228336305747159,60.20470199993485,0.7849954241538337,0.6865708270886364,0.6055055808386519,0.4835613067438884,0.6853052719051279,0.6148172608581615,92.27637761185697
0.05873056600092744,0.05667557465660229,0.20263930851517825,0.13541595443455126,0.07692609346768436,0.40275573640203677,3,Burned,901.2354972326661,1.6494927825706707,692.4586812380859,8.873348825212654,0.22277874993195645,18.506715699752746,-0.4496737066143222,-0.1696733635735242,-0.24189095574623337,-0.2754511355154908,0.15157383571367622,-0.6792619937891455,25.515273181697697
0.044651886617814426,0.05182441601670034,0.24829616068629268,0.10960615634448374,0.1303157206098014,0.464811235747873,3,Burned,2780.3665440994623,13.670978481318116,560.2823921454379,27.722487868625016,0.19957066190105588,123.2848383633107,-0.3116131394410549,-0.129069946886986,-0.2014207431835195,0.0863179450954538,0.43093906558698475,-0.5620573995920023,34.524979437449794
0.03427471749997559,0.06421616829909829,0.18184831038568428,0.08205158558457135,0.08740646867449553,0.4217931446538675,3,Burned,2014.4603251863118,7.071133718652786,657.5661069553746,20.421620560979665,0.6549618886272098,147.7806875552025,-0.3507526905680423,-0.12287924720117649,-0.18415584092736878,0.0316000487397145,0.15294747083155721,-0.6566907371094793,26.65818788569688
0.04248787309801083,0.09565186576787696,0.03632057722618137,0.14239134478035975,0.5078966674417348,0.09789590318364963,0,Healthy,278.02229109037546,17.810481564706233,1418.4876043836439,13.468843603937145,0.011409995285753705,105.87043739269095,0.8665217542639497,0.8378146835988359,0.6774108856765515,0.5620668229631686,0.6830350372176867,0.6768005706422232,93.6435492153277
0.040442123781041985,0.1029757174093966,0.040189006325317855,0.14433313652585,0.47178433811193793,0.08475763975054912,0,Healthy,2802.1307965469814,44.07057536186719,1720.0615216870624,2.239764291745727,0.9690789782144964,6.101413346168028,0.8430035040808234,0.7654557663176059,0.6397332447947074,0.5314752620250578,0.6416740529250486,0.69541329639448,96.79397119794534
0.036180509686363674,0.059059848259148444,0.15703933454639085,0.10677877044924138,0.06715910838907387,0.38170647301498484,3,Burned,3201.245706567319,8.148211690734943,2086.234692126801,17.71412453576755,0.39539100600482113,117.49213370380767,-0.4008958357227778,-0.12928378917284378,-0.1861649092034027,-0.22778051593460555,0.06416832861972645,-0.700760696853599,28.25330466919644
0.10213816291844255,0.11829283737834122,0.09554355648485578,0.22396738782773065,0.31764761802956365,0.18998345522019341,1,Stressed,3105.416610082704,14.349327454033602,582.8368520221873,15.710218378008463,0.2988035284449051,6.288769687002191,0.5375333982638657,0.49362041733609746,0.3648262247452753,0.17296461039498956,0.4572981782379121,0.25149004271387143,68.39151114946283
0.07809710175271418,0.10946826162883513,0.1605090531460656,0.20967193864126618,0.23119445003898437,0.22479029426755348,2,Diseased,2915.955713481962,32.63014423438076,1655.6108442488262,18.91654996281413,0.9199743999374573,185.64961875293798,0.18045637711583487,0.10986088800222836,0.1189050999257135,0.04881867037757153,0.3573217163715511,0.01404467081617747,56.431893726932614
0.04468122506057243,0.05336826249363235,0.14445104375147358,0.1485494408867522,0.09870578967791672,0.49451579518253586,3,Burned,3474.314261243092,22.913225228786473,2002.4471187047438,22.339366785790542,0.48667214210684495,57.12450575638515,-0.18813064616394684,-0.07014839818505103,-0.09233297347258415,-0.20158784539816058,0.2981279419835633,-0.667221168166894,35.63063827483923
0.037970860152044525,0.0884917439720404,0.04276764314059161,0.16222003919650518,0.5391568267636225,0.1070806973621245,0,Healthy,2135.126453275179,1.9767664608023217,987.2913773173457,27.026736664237838,0.6143252514852777,174.8462876819197,0.8530130640057237,0.8213026889658478,0.6882030948227242,0.5374240304844975,0.7180213524315795,0.6686026524070996,90.98760001189707
0.029175728026117134,0.08790577268972974,0.04642694939733184,0.117420048698794,0.4906300389548008,0.0909072375494012,0,Healthy,3376.539174099186,7.276050817259475,475.37427460836284,28.2169806975351,0.6958507486369615,7.361311280289757,0.8271060444616306,0.7162838629855354,0.6424956732319931,0.6137816467692172,0.6961094736023394,0.6873554124246362,93.66598104025773
0.038489481223930706,0.07959634843611739,0.03637949169147348,0.18194055719701965,0.4503733596251405,0.1075435832695435,0,Healthy,3331.1859672547107,42.086229964793816,643.0811187463305,17.056492574395868,0.8714112734844635,23.957219545973206,0.8505216935219616,0.7500001897769835,0.6293275917861734,0.4245245771782885,0.6996192396527945,0.614481733485363,93.88983296030347
0.03253901743347487,0.10586087539133344,0.03577948233859868,0.1536477842944775,0.5032885837593831,0.1348881746739543,0,Healthy,1233.6878106613497,4.642424673256281,501.4290246330048,28.808461251367014,0.1297419898170561,93.02461939751812,0.8672542896712162,0.7929673849411719,0.6748967351250323,0.5322293164837332,0.6524305256674492,0.5772701660541739,90.73424106861054
0.027496844610768536,0.10817984892950591,0.04178164703592446,0.17561888417560848,0.5085169385403394,0.11249199672049533,0,Healthy,3049.3313949843737,28.57917542443676,2251.866248249891,26.899783965019864,0.08165317909202363,152.92843891527048,0.8481491598495853,0.7513540779390824,0.6665751436833058,0.4865964307748074,0.6491635618237643,0.6377121373887884,91.49883993620847
0.037509400293219475,0.05337755180675407,0.19655864688916797,0.10204845621437823,0.1035402925938737,0.49908166522342634,3,Burned,2815.1597963439644,35.65465419784102,1128.743670392516,-4.908497504467263,0.9937107843347391,188.79953159762417,-0.3099589467258387,-0.11618164258662582,-0.17438784481980962,0.007256410263592649,0.31967516366269505,-0.6563673310188236,33.46046562664127
0.03789457505734865,0.08365829460257411,0.16365223077078572,0.09783565689169998,0.17790883204487673,0.2449552467320345,2,Diseased,2760.1359654235825,11.944757822621575,1451.366931298729,17.316611318610274,0.008883801626070498,106.61348895784381,0.041739537695459725,0.019002589992925454,0.02541099226415943,0.29038902122067056,0.3603301953384791,-0.1585531059898756,45.63949710745456
0.05410212015679552,0.047896012722172115,0.12706151842847194,0.129236817187872,0.04081887327418495,0.5069337288650104,3,Burned,3157.7265452633424,32.62851014124105,1991.113933969492,1.246429344192225,0.7081947536150259,74.31483916498625,-0.513714789097518,-0.1542888251279274,-0.19369331305670479,-0.5199351957826016,-0.07977396995739898,-0.8509587088420418,18.265540135036947
0.04534231835141923,0.06978841341237199,0.19651035304214665,0.08519341268322576,0.09877760926548422,0.41349908399805263,3,Burned,1467.8270327370155,7.645283056358111,1117.2965286655924,5.3317429060474435,0.611065361958621,13.688135283850306,-0.3309743468821158,-0.12608904211913427,-0.18433463194422184,0.07383878015124495,0.17197531075856196,-0.6143583589251419,33.06371190882636
0.07374606550026432,0.06078617669531787,0.20453134818788737,0.09915827896727226,0.1260393980304478,0.5207617387615847,3,Burned,1520.1813874283603,12.813762367520566,1728.025840180748,5.412506990745609,0.5525510217091669,118.82334698904877,-0.23744372023518395,-0.10900860311900298,-0.14175544269368562,0.11936676358246828,0.349273475744303,-0.6102684614720586,34.51153626982783
0.04511221814547535,0.10347490666354776,0.05086253836225006,0.12849160486762362,0.5467341031448165,0.12711386764227423,0,Healthy,2312.172620372,14.031991389789336,468.695677080563,11.909537387298759,0.7858279591800934,79.10853407721407,0.8297763441813775,0.8190442396709293,0.6776691111006554,0.6194113866224025,0.681718006021987,0.6227224054487827,96.13283515221644
0.051201223723936484,0.08180193310457433,0.12275913538800098,0.17181311774441724,0.4140615281881286,0.17263045626339138,1,Stressed,2634.754974787329,44.83957457539006,1357.992424650921,-4.619683770232175,0.9924729476354587,182.28102951163297,0.5426437675351866,0.41223424952703513,0.4214360306812571,0.41348163466487686,0.6700626569998437,0.41151247027061205,78.06619797393948
0.03262285404862868,0.05137199980426729,0.1930883835969859,0.11239130412251086,0.113536881565655,0.42038506492031597,3,Burned,3103.132438770128,9.655753284808078,512.3417255746768,3.2528742808629776,0.04688582149392739,98.61154845380014,-0.2594420893357047,-0.09809567341353687,-0.14793393750640438,0.005070537741669517,0.37696500925435217,-0.5747060588670949,37.134904292748956
0.04391264659933235,0.11447755739092999,0.038194056602465096,0.13153669751943614,0.5196570451573712,0.10553330680935535,0,Healthy,3090.28955817563,5.8143359085113255,846.2251094965018,-3.980766506405718,0.6145304926431803,154.2621617103063,0.8630671847834973,0.8479586896958816,0.6826995546007602,0.596013622739041,0.6389487022924161,0.662396229278493,100.0
0.02213292488631922,0.10131801455621092,0.04884196490028234,0.12676199556800374,0.5230573195679917,0.12130338132728462,0,Healthy,2580.4207604746575,41.656114686663464,945.349820710031,17.769549800173326,0.7167776685390507,170.40105300190467,0.8291938095650444,0.7184592656002343,0.6636099451436086,0.6098546298496902,0.6754579740866371,0.6234922946846172,92.8536196590466
0.0695140523245837,0.07853563352032357,0.17726179977846412,0.16660904534914694,0.3526660936217722,0.27180050425603497,2,Diseased,3357.746166811025,7.286881221915873,1878.6843685512827,26.12506525424916,0.30593930617301857,24.164134277162084,0.3309965237117006,0.23141855167560854,0.2554610278023678,0.3583014681933969,0.6357359826941357,0.12949545795659362,71.08782610957863
0.05203633178709802,0.06808547749602017,0.17341014984184328,0.10794656616525729,0.16689385345584912,0.4892100792923108,3,Burned,789.4744425225995,39.56759638332324,1783.0292098363584,29.922603094117626,0.8928613849209311,90.96503001246774,-0.019148455884632216,-0.00896532930685335,-0.011632033673899006,0.21447822422580354,0.42049814064321434,-0.49125787064532256,44.36704295653507
0.03872046976494331,0.05439551190205627,0.19694821960640443,0.08467222639777679,0.13753328446936539,0.4193452402939995,3,Burned,3336.1214956942845,29.27054824410105,1943.5761956483448,10.699491212373411,0.45699284144971186,179.27489904740085,-0.17763294124404086,-0.07321369295932473,-0.10679973277091237,0.23789264040471117,0.433169851566838,-0.5060564166733144,41.063741631462946
0.04506598659617322,0.04593499372987767,0.185128151133849,0.08380965085738801,0.14346802074252563,0.43656107017525375,3,Burned,411.8318907109512,25.958767413173344,435.8611039221373,4.104938860295347,0.1644784619519467,87.76878317233985,-0.12678214991249312,-0.05435134179760074,-0.07541694851341775,0.2624911054405981,0.5149496808951901,-0.5053074905534348,33.2174827519859
0.038773153625048726,0.10588016406048635,0.060585528161418156,0.15500595345329676,0.5160145842003613,0.15841801644172043,0,Healthy,2033.5522079333302,33.81024201959596,2486.6112667807033,24.858625885574234,0.8544078160203,115.20508400864016,0.7898525136857163,0.7166562456920769,0.6345379030421956,0.5379993682896821,0.6594916819798118,0.5302183822609011,91.10317737588517
0.051414194733405444,0.07021222289219133,0.15665628474418225,0.11976568806205318,0.1840025780774298,0.30472932855664864,3,Burned,497.6499581268034,32.669953071662256,419.72406316149164,-1.0394518860834525,0.9429256204246439,175.2552697232753,0.08027471325418141,0.03932831077417273,0.04879439369050194,0.21146674969403528,0.44761497078483176,-0.24702039373788004,54.94794195269567
0.026746286251257134,0.054629030104338866,0.23551236967125078,0.12383101625300291,0.12274468785323794,0.43188520713498507,3,Burned,2074.4032181538505,4.973678523824117,2116.6451411661387,29.098364336964927,0.0995149183687436,50.355749404509574,-0.3147675008820435,-0.1207248100749771,-0.19708724708193892,-0.0044056585365779685,0.3840233755767403,-0.5573816278231722,29.379063647090803
0.07729068978066525,0.08762542780161951,0.12659196812386767,0.1613940463633825,0.2646566969365545,0.250965438300271,2,Diseased,1487.3620511038741,44.97597496830101,1928.5916536571783,20.01931091513708,0.7516808671545532,179.44342425057536,0.35288229101699814,0.23894430584603574,0.2323673504535534,0.24237171222761755,0.5025269568850251,0.02655289103224049,67.52881278412957
0.05236826116788028,0.0559110090979121,0.1694496186116845,0.1302428711624384,0.10489210623798104,0.4554653980071017,3,Burned,469.31112395787665,42.38503769019279,1601.8759390820037,12.637713287859494,0.21501421916521968,82.420542131975,-0.2353178688218176,-0.09335445350826314,-0.12505624351934932,-0.10781366569359872,0.3046028927469843,-0.6256243252870719,34.1898271215021
0.06902907462274169,0.060411800203491774,0.20327256901349727,0.13607860966505736,0.12921220880293996,0.42539702295816967,3,Burned,2338.7854565798216,40.34663832878623,1265.4857633189717,-1.617231193651833,0.006722217669021702,120.64149908851769,-0.22274811637832156,-0.10111294319903365,-0.1334445288870929,-0.02588254144242198,0.36282538973670103,-0.5340423344095792,36.50211421546926
0.08152950234968159,0.060237851653065055,0.1003678843114264,0.16713818932351893,0.40791113343979785,0.2100963267282794,1,Stressed,2612.953398755378,28.003011027408306,1965.691177194402,-4.363142250158001,0.26061382288538826,68.96769900284139,0.6050677528227618,0.5497155629300656,0.45752699500398497,0.4186996321850843,0.7426551918962631,0.3200848149258122,82.72357666895915
0.049957013858999234,0.10455756138456344,0.0369822026258649,0.15131966603836491,0.49058887393540346,0.11303027843946206,0,Healthy,774.8118649459383,23.525609909954138,1927.6871671914614,14.058626911867869,0.8549098352207469,107.78821548312006,0.8598019923081207,0.8476699561692725,0.66215370971684,0.5285319971371354,0.6486324762358263,0.6254914009198836,95.99585422079316
0.06365628720602472,0.10852871082465408,0.09002124900076108,0.24842341769073464,0.40660256836053393,0.23682353890425967,1,Stressed,2491.6411737189374,24.132536274675072,601.7923380775699,9.484767760400748,0.14118387678373234,14.61073158938799,0.6374670362512815,0.5386572062474297,0.4764806600068464,0.24148530229847345,0.5786366772776702,0.26386717122706405,78.72818412219729
0.05059223738896321,0.09862689970872689,0.04793554241589461,0.14071176361537638,0.46418904424443674,0.12768858875239317,0,Healthy,790.8569121875186,0.6721624902704598,2043.7914405139145,24.493257302671285,0.13066888299846058,17.725695171558854,0.812797324211756,0.7582801553199066,0.6169005820064613,0.5347608584388238,0.6495234222982441,0.5685304377915923,93.5418270461965
0.05025836842885239,0.0920376725780553,0.06024756733750773,0.1297186161422944,0.5144419175829688,0.08868945545063123,0,Healthy,653.4082827404125,22.47612758754493,472.82539435692354,17.480691789270292,0.7390477062001563,85.87093857782918,0.7903300030015528,0.7575008522787788,0.633942667708504,0.597247542073549,0.6964854957903984,0.7059033472788452,89.72097436796545
0.0403891320690146,0.13321228923687867,0.04581731609636191,0.12466807460538315,0.48334376170581794,0.1504021224483374,0,Healthy,686.298779531661,28.069630544696395,1401.2015126827764,10.116372127349328,0.4063596385646381,70.3156250695478,0.8268303465522766,0.751593612451593,0.6376938228550018,0.5899156229874712,0.5678826219526546,0.5253551026186124,93.80561207462354
0.08112150547646302,0.06368346704031135,0.12733922351807092,0.18444536633614245,0.20393226641611384,0.2374185190097601,2,Diseased,2176.9589475493053,29.64177939487268,1719.1800184478275,2.910247103541785,0.148486072534602,125.0794030036461,0.2312092737022654,0.14084198169629802,0.13820943501149824,0.05017513351663748,0.5240678203920339,-0.0758721926882091,51.70956913773027
0.07354522733897711,0.06072449625531223,0.16149750665769425,0.19684985423408205,0.25204947661244737,0.20511297036517706,2,Diseased,2770.0096668177903,14.946275927309085,2107.715486225501,11.814777308420215,0.23000037648217175,12.392482573542214,0.2189641598859402,0.13560188043851104,0.14868195717651986,0.12296659263136915,0.6117036289365125,0.10266920551082695,63.104093246661435
0.0758246283369476,0.10532609114338731,0.14822082527867284,0.21380294424783106,0.09355806825589097,0.22613883147463437,2,Diseased,2169.7492148635847,21.207705763209727,1318.842479804718,0.7047997575154801,0.7946019249856044,37.695390598693805,-0.22608571808237804,-0.09663205709940222,-0.11053716295175306,-0.3912170613321146,-0.05917023422749628,-0.4147076783773,27.537046700910295
0.09947222784506192,0.10744684685733037,0.10285595973572179,0.1586278537994352,0.1849023217926054,0.269738977706296,2,Diseased,2870.8597949602085,28.63397729981585,821.0877706433195,18.34544318656149,0.6232687900580196,45.87041935452947,0.28512249506738163,0.19423921214228132,0.1562275439164958,0.07648372426978649,0.2649416539939099,-0.18660129236209586,55.792592931789834
0.09452067819821361,0.06017787368825299,0.15937770409385477,0.19759747012000445,0.25218662354957855,0.2772229453272447,2,Diseased,2151.8752255322183,19.273747962383176,1379.4511540045344,16.2005175363016,0.7609287725664985,90.89589486331109,0.22550282171467095,0.1547281807419214,0.15271920306083786,0.12136745826321148,0.6146945168617759,-0.047291025279108674,60.86791543459441
0.012658900924345136,0.09935997609107729,0.10368942712527612,0.1858745516364438,0.30074052210719937,0.248277848954777,2,Diseased,2831.1601162500065,43.296083954258634,850.4578429616643,23.3524978844171,0.09777323898803769,53.132778663895785,0.48723169607881056,0.2694995425897713,0.326809875607968,0.23605098630947666,0.5033248943446094,0.09555722533541199,65.14718983307576
0.03154954672030849,0.09322073530219738,0.044263303091415816,0.14903032199058688,0.5844911310220507,0.1104558674211027,0,Healthy,3422.524253739892,31.744894943340014,1463.1958392035262,10.733524528479668,0.4581042828497125,31.84422373250748,0.8592031960781562,0.8370696992453703,0.7179079082451825,0.5936578968568796,0.7248956568156809,0.6821171367625565,99.69952287525805
0.045465617016314075,0.07142589222790115,0.10744157151912856,0.10269238872645194,0.08322290699815019,0.5553712840851084,3,Burned,1490.1673662951412,0.05731858129007228,1317.5180028343393,4.752698655963515,0.7971062507813321,121.52686638757538,-0.12702241885375307,-0.04365673437057376,-0.0525986168182132,-0.10472231779099485,0.07628260980015213,-0.7393558793456699,35.36151027508407
0.05773128529880436,0.09020033387315508,0.117786925075447,0.20302704605441205,0.3318904432972509,0.23117431494452545,1,Stressed,694.8091838587525,1.0475766667013853,2017.1098642508678,24.27383757325144,0.265792750868431,150.05503567162827,0.4761269490509092,0.33336427090908927,0.33817303080654143,0.24090331200423507,0.5726021907379869,0.17887130226105466,67.4762805839991
0.029163011726419392,0.09001183433319346,0.061634958143064744,0.140688264408228,0.5671091147386609,0.14101067299813003,0,Healthy,646.8094786263603,31.063509156076847,828.1982495735637,19.184897851095965,0.1691889683760286,138.62727302545824,0.8039426061536104,0.7354720773428628,0.6717299752816004,0.6024617452240105,0.7260417946177518,0.6017321406665602,92.61527843341302
0.052598078568055096,0.06020037290866311,0.21829412648342786,0.09377601511536814,0.10323058958484908,0.3802520348804834,3,Burned,2171.6760689667735,18.569029389547623,739.967405218747,19.73482074207725,0.38178389381719213,58.85511856936663,-0.3578683925980381,-0.1425105028631554,-0.21009143105635963,0.047991152397942924,0.26329291210632777,-0.5729708277981549,30.089177053418055
0.06365122890324637,0.07826080048787959,0.1263685862031656,0.1286538187445033,0.13352115276415955,0.28315700850732906,2,Diseased,2005.4401173226286,37.77619271455198,1343.2077470473118,13.482959999222096,0.3333799738387807,171.616743091558,0.027521541689946406,0.012642864801448132,0.014118955882838539,0.018565211644709975,0.260930399490703,-0.35911613820939414,44.58062614953024
0.04344604904750358,0.10651014735175161,0.046937979210284524,0.13628786015283476,0.5316419566175804,0.11753639408482189,0,Healthy,807.9767491887015,7.7856934268817914,411.10960341987146,25.659251521040556,0.1854727788822036,124.30532498834344,0.8377476283139298,0.8146698973164092,0.6740863010881326,0.5919096297531253,0.66619196263645,0.637891814638895,96.02901962876871
0.04379280034365163,0.10377781622942508,0.06104495025205568,0.1809417897226322,0.5189233469646493,0.13223158730041612,0,Healthy,3110.9463768033224,0.6222111323531337,804.5493825581129,2.972422761503755,0.9539449253562585,124.86000669644764,0.7894886513885101,0.7353127712324462,0.6359608800363383,0.48292383017186635,0.6666849985295238,0.5938552153676386,88.89028650750605
0.052873311116050654,0.0789281267858451,0.05428965391127199,0.14835348643614532,0.49560204745094116,0.13342024854422002,0,Healthy,3357.269615898822,17.463705755117054,1078.1508112129222,9.05922088735222,0.4830984045554402,46.50544808470917,0.8025441817379515,0.7743463033820948,0.6305113023995713,0.5392430646977762,0.7252428716493134,0.5757853027703396,94.03451612015603
0.06648891677589228,0.10657410733436587,0.11949503630173164,0.18130312449661595,0.3474512067347374,0.19594660907280115,1,Stressed,1035.6116222408955,33.1228846938352,1372.7853676340026,22.868140008268828,0.6080763561099246,52.23151303054994,0.48818502975588096,0.36397174953540484,0.3536228146866942,0.3142254716078526,0.5305367049607781,0.27880972368041157,72.25352627308634
0.05099979650342083,0.11684017381845609,0.04657155347090164,0.1754008586785385,0.4369438134326432,0.11095119320974565,0,Healthy,882.7136719735212,43.727748001990584,892.760764695801,-0.34636843109615967,0.12110690874959507,97.57629240043043,0.8073626581675724,0.7316509350547964,0.5953728875964885,0.4271172142009671,0.5780297755137987,0.59499102988862,94.11244973140886
0.06670697944912098,0.08679617148980862,0.18379203432150268,0.23701620766302328,0.22713068153785423,0.26264665436366497,2,Diseased,905.9421126149059,39.764424570797495,1533.400288358494,23.283832255567514,0.6100350881315129,51.375101052913976,0.10546665951784014,0.059219375690356416,0.07136496760820119,-0.021298270315257894,0.44702931343495605,-0.07251452751543151,52.473289978809284
0.03495802854546058,0.08920437278870127,0.19562197544517787,0.136836746182794,0.3105811443111293,0.32362294349495396,2,Diseased,1478.4910479814862,21.78335753717125,2232.5122661793775,7.340832725579409,0.5553226932084637,139.1751586146484,0.22710086545947333,0.129334560813418,0.17137568767122618,0.3883268817285397,0.5537388337400918,-0.020564041180024594,60.233699256595244
0.060249216931254,0.0480088287385477,0.22406291233963743,0.1270198187755694,0.0805681707076506,0.4161851257737645,3,Burned,3015.649678486523,36.576777743836494,1496.2004149867246,-0.6073705339371562,0.9319293277730326,65.16812988987286,-0.47104430541406384,-0.18181598586398487,-0.2675040951162081,-0.22376846534268774,0.25322833459372857,-0.6756209786369489,27.2988383152277
0.07188366116464626,0.09988700936248637,0.11960859078820095,0.19258491816929144,0.16291280053760368,0.2735349694390065,2,Diseased,2166.670012805689,3.1648706040426324,931.04694782015,-2.2297680062669833,0.4123168010720437,34.62365002246309,0.15327762621233842,0.0807048953651077,0.08300899440456246,-0.08346640564939352,0.23982433168743472,-0.25346026254809045,50.63875021480968
0.09497515544821014,0.08165436403726378,0.14176521156468264,0.19169879832593242,0.2637509700870504,0.3078532352560686,2,Diseased,422.92632471781076,25.75225564131975,436.35813840509275,24.506005156380695,0.782062100476217,34.56470148582713,0.3008159995424598,0.21751653273709173,0.2020710832898351,0.15820003692214793,0.5271968403136478,-0.07715524830856046,62.60594542883205
0.0482686428081882,0.10820323990603872,0.15106556307696764,0.1882691034698723,0.2539584701863602,0.2881285504917877,2,Diseased,1760.8309810678218,41.593428585651154,600.665870446312,22.25154409689725,0.304180978462122,29.809416848676324,0.25404147931656584,0.14303896455286796,0.17053619935617767,0.1485419931822973,0.40245896292721023,-0.06303430698698127,54.97654742154337
0.03867771343468828,0.09858708136973751,0.05479690530597531,0.13933495634634607,0.48919138883390173,0.14183812871523704,0,Healthy,498.0945539927055,17.8373316370833,1534.6782108038194,5.081447088633075,0.5789403563278805,90.75126539844301,0.7985364395191656,0.7107751363642532,0.6241369972326695,0.5566296935746223,0.6645433962278391,0.5504548439559606,92.16619043976183
0.027557941211391306,0.0833360335717642,0.05320449513846038,0.15489552567597314,0.5050700016702628,0.10482030272013801,0,Healthy,1540.5065762278523,43.204528334840205,1804.1594438296354,-0.9273233766882623,0.9269703972441979,5.592807087786389,0.8093966337721762,0.698352553415867,0.6404749008285539,0.530595093498918,0.7167396927831158,0.6562650521023333,92.4939521844206
0.07672801877379745,0.0861882567951985,0.1945306731895392,0.16516269353515178,0.3528628192213961,0.22391715843023782,2,Diseased,1531.6164696009462,9.930829352809738,409.26947581895524,3.653204911320133,0.6250713107588963,110.76259621899351,0.289247397593322,0.20355500707201868,0.22675166353533965,0.3623376019919702,0.607388458700039,0.22356126001555976,67.17197178749029
0.03680893402989102,0.11783176171530811,0.06020882821002474,0.1488904796748733,0.5114728237222331,0.13555868440055086,0,Healthy,2339.563796841831,4.753521429002708,708.2096253696596,2.454567249278651,0.7111586837665084,63.16906996931233,0.7893623769336185,0.7065755002662579,0.6316203937350754,0.549064941512465,0.6255175392978582,0.5809827323594874,90.44478297659452
0.04217231194810525,0.10938513357394232,0.04451654462134982,0.11604755380963755,0.5234768183507913,0.11219589411666937,0,Healthy,2013.1980909782333,23.614305123676548,1001.9787954884553,20.65694780922694,0.8759845252025904,112.73337203724186,0.8432497569878047,0.8121914652252441,0.6727011878311561,0.6370816749234549,0.6543159641282043,0.6470010584026199,93.61880924395844
0.03797916754610596,0.0810318701207813,0.0504120606678162,0.17856676612527825,0.5460665098938843,0.1269911589726412,0,Healthy,3086.6907817189835,40.826109239155095,1003.5008395371052,2.5447079524921126,0.9254243633087995,187.40795562110873,0.8309677252103722,0.792440995324203,0.6780631076789788,0.5071527224308154,0.7415656732306831,0.6226440379181085,96.56033387389299
0.04836046499973004,0.0654387700411218,0.18089501361379914,0.11426138563703174,0.11193953672688646,0.3957076434008488,3,Burned,253.70810279605874,14.007564843513489,2408.4954311915144,2.5634482618668795,0.2082748752030671,174.4642839857793,-0.23547588374367232,-0.09396495976603092,-0.1304600234453997,-0.01026454173234718,0.2621558685021387,-0.5589868558172458,37.125459591252714
0.06092874725519939,0.09415438012829047,0.126200793857339,0.18135816519358647,0.34700728011520743,0.22627222891282847,1,Stressed,2754.196112912342,36.00721437295286,748.2953154733298,-3.870615362540061,0.19583803162918523,117.40381878799883,0.4666160484922711,0.33511452766017247,0.3403277622138472,0.31351238665822734,0.5731524677729948,0.2106041593934467,70.165892300045
0.05168353045407125,0.09248368544939065,0.13767827630438995,0.20481757953421506,0.23619182841330175,0.276373672970513,2,Diseased,274.77252515427773,7.6138769646126425,437.5447688540396,15.890089090833133,0.5504761269087858,86.52371096455138,0.2634967284916558,0.1470671983145386,0.16909873180765048,0.07114190219588562,0.43723408812134934,-0.07839357831300252,59.021760072972135
0.06165593588418328,0.09687838704318252,0.11748684856892776,0.1805263063508523,0.3891259090336199,0.22604203695337532,1,Stressed,1204.1564339720078,33.55066782004228,1076.632624487102,19.114284188963754,0.9955163763063611,141.18072086108876,0.536186764005523,0.4162087576828445,0.4047818623118435,0.36618763762746404,0.6013270218726292,0.2651046279200085,75.00003230154931
0.034221058919223446,0.12665774260386586,0.04938484320395363,0.14729692785935167,0.4653922964153566,0.11076013995291478,0,Healthy,3102.8883559925594,25.066212362434396,595.7723362652948,17.87216641318294,0.49015232331077996,185.01216986178164,0.8081311564024358,0.6910223430236293,0.6149243506825117,0.5191789748559253,0.5721383764305589,0.6155179218587647,88.95467878371137
0.05387500255759996,0.09544513871571775,0.12162749587874294,0.17873122936862476,0.42767823342471145,0.197378861885205,1,Stressed,2478.3667665345015,7.87576389274675,578.480323298736,14.900970465462748,0.3309049631034272,100.4616782482122,0.5571591841258663,0.4363723429124593,0.4375046176948338,0.41052624542513966,0.6350950962077391,0.36844533016758385,79.67639954485585
0.04252884814969899,0.1098819605254929,0.05704148141639785,0.1649283643926592,0.4658462196395494,0.1209995194941319,0,Healthy,767.5890386082729,32.31392622469239,1196.3914544576824,28.812623209429233,0.5372612749330885,24.365006196637133,0.7818212774547512,0.6863152972791935,0.599486239502967,0.4770608361431955,0.6182852693247715,0.5876274994825985,87.21926344417079
0.04419039811468517,0.05515010275738276,0.19676313104213275,0.08035089482664817,0.0804427273594054,0.41617338126027176,3,Burned,1819.5889955694117,32.11902510553923,974.0605063498871,11.545847926198086,0.06439577411570185,154.38719908267805,-0.4196173924941407,-0.1507058370156005,-0.22449728266069496,0.0005711204573758757,0.18653362950608396,-0.6760365628768054,29.616832257245772
0.034960422585893894,0.09984705826562432,0.039748208055558246,0.1349594255507688,0.5725428339871579,0.09850612596616465,0,Healthy,2582.2837972273533,23.194585311454816,501.7989075417909,25.10477778424322,0.17720677030991405,7.043435009404908,0.8701656249166115,0.8599959266723857,0.718509725875874,0.6184904660760693,0.7030084392073834,0.7064114978881001,100.0
0.039028355103017234,0.100462324678815,0.1146581711487507,0.16150556592189022,0.3684073277599203,0.17920758344035378,1,Stressed,3293.232960420447,10.146043693920358,1629.4675447403886,17.610346863206857,0.14892041734650996,154.10450352993138,0.5252893281170768,0.3596944728867964,0.38718043860504836,0.3904448455594988,0.5714701217550331,0.3454977886739727,76.04416013521485
0.02724263596278248,0.07887923971529466,0.19675545544822687,0.07932728668962177,0.07939214500414848,0.5118847837764423,3,Burned,2293.259957420072,5.953225151024845,1403.73948524477,-2.05433207592574,0.027915545071051873,21.558737757881143,-0.42500208584755783,-0.14273571978628485,-0.22681892373991885,0.00040863497146019067,0.0032406695458962495,-0.7314552799306482,26.38575345727642
0.05656175952640647,0.06333474816925508,0.13807789942416804,0.13318897578170713,0.23970396409749578,0.2305750360268527,2,Diseased,281.42885772866003,43.07647718069052,469.61927169287185,23.353096134163124,0.7222123030452839,25.79023200142595,0.26900725470487674,0.15454478445463618,0.17366398373938324,0.2856449507835794,0.5820022425153678,0.0194117276640292,60.56295347422026
0.03684562196216877,0.12416145672834147,0.10531057298232945,0.15498738793338476,0.4487445542678679,0.1809429790663301,1,Stressed,1849.0161369977357,29.511564221661985,2198.037842831118,15.453598959143637,0.32547454586182356,157.4328396522476,0.6198552421876603,0.47586388623829573,0.48873247112311935,0.48656885769159985,0.5665555704496147,0.4252927948733548,84.54195966986553
0.0995478726834007,0.12317318021409668,0.18871813896157155,0.17802513633978231,0.3012975851898813,0.2756751664713232,2,Diseased,704.7734092637315,36.41586676080228,926.368728067132,17.87339807639021,0.1685363112420898,139.45673245460404,0.2297465946134578,0.1668340557417849,0.17057220760961256,0.25718047724692583,0.4196387956420788,0.04440836798740162,59.999459352918336
0.05640990719394973,0.0599888027800211,0.16071649291077827,0.10983860402712618,0.11240419879316514,0.5386819076596179,3,Burned,357.6725165672404,31.36367380726087,2415.0377268837947,1.307960246834817,0.5122437705256234,114.57111022064439,-0.176889901849998,-0.07303980841614405,-0.0937349640446836,0.011544106796891268,0.30404594440820515,-0.6547178600411249,35.96108858607299
0.0697986732492184,0.10456509503938782,0.10179017999527629,0.19414986867036743,0.39485972090165306,0.2251356004660441,1,Stressed,2175.085094449228,37.326314933653,2349.3849916239164,10.312153294982508,0.3234444059720648,165.01411257848775,0.5900928087898077,0.4943448703674224,0.4410819752785065,0.3407582022043837,0.5812579006565759,0.27375064270435867,76.48691049927251
0.059148843597763505,0.08939649846409933,0.14063027118204355,0.16308375970342623,0.1704190799170393,0.25019476731077245,2,Diseased,2763.842278284401,7.312086888701554,1255.012577681256,25.820386603099944,0.3930177707980791,171.01685959503385,0.09576875075305723,0.04741675920785959,0.05509308711117382,0.02199477522294293,0.3118464983482177,-0.1896649052875242,50.87467938719008
0.04886831590271103,0.03764964502101334,0.1964136691631802,0.09645450677032001,0.09586865677658299,0.4079524433448635,3,Burned,318.9998331381342,22.362760104617,802.8472689643368,2.5400917580210356,0.3155318170618111,94.21488985297592,-0.343999619625726,-0.1317525333889769,-0.19035829998784978,-0.00304617474292118,0.43603765634653374,-0.6194337241904223,32.08843072878022
0.0792442497802125,0.09425994850690199,0.16805504272416144,0.15968106173798904,0.23674700760694847,0.29527852133939236,2,Diseased,2785.844594186214,30.0206146726032,2136.67596756649,-4.995628271198222,0.003983514358832152,199.27824397563478,0.1696927254436405,0.1040317375075011,0.11387899281139355,0.1944008254821508,0.4304654393618949,-0.11001636095959536,61.63684731979816
0.055849498648714295,0.06629491023231697,0.09525480561805197,0.18221222389038802,0.3382600302942791,0.19873559558861928,1,Stressed,2531.0800033779788,4.652545495284809,1094.828851569383,4.012804924111627,0.688328864418925,74.72808822962593,0.5605464887017263,0.40747593816081223,0.39046817370976505,0.2998196390894025,0.6722575504463706,0.25982415010926757,77.64642377832557
0.03371933916274626,0.1238532820843267,0.060169770482378565,0.1467031123684047,0.5385490794596575,0.12495113969377587,0,Healthy,2681.5567309555922,6.748062719778374,659.811528276856,12.063985721174419,0.11069047873405968,38.44401449105566,0.7990049102906034,0.7262817287395578,0.6530960645417284,0.5718273739886085,0.6260481773468327,0.6233576441919174,89.07121996366992
0.0431145283430344,0.10238946675744462,0.05466328772170417,0.1326629528015329,0.4804614528933339,0.12088375669919171,0,Healthy,1007.6036299618115,28.529216741292593,1513.5369748016706,23.744731515567246,0.21914239706296945,169.96540640837887,0.7956988808352531,0.7167922380498448,0.6170244189195082,0.5672559943606774,0.6486598320473045,0.5979555245118499,95.48739420656624
0.039873161486118386,0.06357364972155674,0.15574108590382332,0.09947140090518605,0.0421743659284976,0.40661954743660783,3,Burned,1498.8650031283162,39.0917611914219,1376.6853739427847,17.515181520067284,0.1903170435638315,86.0362045140694,-0.5738142888075232,-0.16924267300589507,-0.24408411803307542,-0.40450930664854884,-0.20236107162770606,-0.8120546258190414,16.3601819291909
0.032575637678780266,0.04783628377576917,0.1130714258721893,0.19286243362360636,0.22265649934956938,0.22630582650135198,2,Diseased,595.1777297838225,29.718728052371894,2170.039333390704,27.167221413501153,0.33136729549870747,175.52743198957978,0.32641035189697803,0.1653597363923132,0.19668794506965098,0.07170326703465456,0.6463026742926699,-0.008128359241685609,61.10834877024275
0.0510586665051575,0.09669992272918354,0.0757526341388055,0.23321477856329886,0.3914355703064487,0.16861453340808236,1,Stressed,988.3401357737395,1.629216605523403,1904.4190356465306,10.944755106976272,0.1601976794963561,16.92743717562879,0.6757082614819159,0.5394403268369232,0.48958868313243664,0.2532949665304557,0.6037988340211969,0.3978591048227922,80.92386080912848
0.060127584400847305,0.10712221152154826,0.08089376982360383,0.20879229959800752,0.4352970139354386,0.14945411493472627,1,Stressed,1199.2059158755192,43.66948126906453,2227.506871040858,8.678532803496305,0.34695212418795407,26.655161743795116,0.6865741280098652,0.6028485041135333,0.523134896943187,0.35166661837342067,0.605020583640261,0.4888282895062123,83.8890416315644
0.10724635122789761,0.06354595953841799,0.14571918139769183,0.2123243562815905,0.24166529123769398,0.2805880730111775,2,Diseased,1254.1409104713944,6.277810540781028,1916.3464072522236,3.099637580849965,0.24326434580773415,12.853168938672678,0.24767669883749216,0.18287533123109823,0.16218354904357465,0.06462908233731547,0.5835935779248185,-0.07452854053736661,58.540897151341845
0.08205304892612998,0.10475767375837461,0.10851007904183987,0.169702327144894,0.3009043869377703,0.30289662330252776,2,Diseased,777.631630719479,10.465300509862038,1712.7849134251535,2.6321869588686457,0.06121511317241102,122.39213725896997,0.4699255135900766,0.3598665597856087,0.3173376600730139,0.2787934236354643,0.4835224373893128,-0.0032994915509825095,68.18058173506459
0.06635000314699477,0.08573782236585209,0.12361415547610738,0.20342043269777332,0.28324968910493037,0.31630382277235985,2,Diseased,822.748933634773,43.87352768571259,1400.389735009428,20.763846395282116,0.8705629771698292,167.21351531771742,0.3923561452594638,0.26130185516270277,0.26404547852870325,0.1640315507168208,0.5352806131540626,-0.05513124760560514,69.52171115082874
0.07192398379373441,0.10804051209804219,0.09435971036129581,0.2079595304023395,0.4499144491670667,0.2249549435628914,1,Stressed,3174.8523193141286,34.69648484940187,2472.6172368921843,-2.1874306934141807,0.30558110709871145,83.51885280369099,0.6532640325626231,0.6019646871952227,0.5107203872039957,0.3677830748759231,0.6127267515761323,0.3333378349858165,81.56094345679784
0.0815109301999979,0.04172440530342148,0.1709800338788066,0.18149221996333795,0.20507906148827942,0.2494332896846311,2,Diseased,2786.8489288914993,42.145950617032796,2410.162612800379,3.494975469155303,0.09528214637638055,22.685612685849627,0.09067464960378353,0.05263406532799592,0.05838480657395485,0.061015502305849754,0.6618815030824192,-0.09758640685127144,53.58706701444439
0.06270545914539596,0.0836009252541135,0.1048290431920486,0.1777063877733665,0.40934456722995405,0.1835966473320733,1,Stressed,1336.7764215217433,36.29788617636134,2167.476559378649,26.00633408390454,0.521526378952123,77.82642134903593,0.5922426043327106,0.48550718618872035,0.4503896343377503,0.3945793351268528,0.6608106582458755,0.380725627678575,77.00232858206441
0.051265967102776935,0.07944597792260229,0.1617372922906402,0.1214506672942039,0.05633329236063732,0.38057228108436514,3,Burned,3327.2236802871703,29.328051375144,2005.7022703281611,15.19222863348785,0.12327551836880324,72.86899580624734,-0.4833480648711818,-0.1604554883652461,-0.22018169393468423,-0.3662724769842227,-0.1702224780817163,-0.7421259901672621,24.41245493451625
0.035980074198707954,0.09957875387343952,0.03683074926367054,0.17471996965526787,0.49463944155238815,0.10919692891855054,0,Healthy,988.4449522146689,12.80488494883527,1570.6310102607267,-3.369433682608371,0.7730932014568469,130.47702532900237,0.8614004916658812,0.7916328645472593,0.665761393678437,0.4779487100068341,0.6648411039440316,0.6383227726908848,97.57781508171554
0.04244104388978352,0.09009549825967017,0.062082628254805004,0.1562281869490135,0.4948643026662551,0.11889944067219407,0,Healthy,1542.5074963851673,14.709664876478643,871.4573931576549,19.648926691542492,0.06157794323983956,132.16956761528508,0.7770608699200867,0.6984620331031937,0.6141959321548003,0.5201044642924656,0.6919600233149037,0.6125563133193722,83.81355299276515
0.050159175950385486,0.10747416667782192,0.12881625196008528,0.19636914752660073,0.3512837226828999,0.20991163266967947,1,Stressed,2884.633527734083,42.62719828699664,2225.9658595935225,12.733882871359071,0.4646359499442313,25.089624864013846,0.46337737521122235,0.3181765892084342,0.3404766975950695,0.2828700090046778,0.5314558209130047,0.2519124332475578,66.16367403379769
0.0418036114210438,0.10076579857967638,0.14875236522283217,0.15321803372285975,0.25820195219963277,0.28071003888828705,2,Diseased,1661.525021671968,38.72815272700401,323.79549673370695,24.908260462430544,0.9438263301157783,86.93447161747784,0.26894808483798105,0.14893620489366693,0.18101725246934894,0.2551745649634175,0.43858020363212236,-0.041765792268898164,57.85951983003574
0.09365061483505316,0.06912434391294553,0.14202235648617562,0.17226143720276807,0.33942649684603143,0.287365878916463,2,Diseased,974.2635655968817,16.177070179904693,800.367926946653,18.885185538944203,0.15896905365841352,130.29033272965927,0.4100209916242838,0.3313971501559421,0.3017031468501032,0.3266933715900112,0.6616120182614664,0.08305879125547541,73.64029720422423
0.07839439433473425,0.10391613599326807,0.09916405544248975,0.21083003310894322,0.33916533729720394,0.2371912072120737,1,Stressed,1416.1670431509117,16.79703379293167,1188.2113791858337,-4.844369420777398,0.20136867690549798,55.477935792056776,0.5475363513253556,0.44570412567129625,0.383662626078809,0.23333887658018293,0.5309389134406978,0.1769288980706625,74.10496132578729
0.04416319643193819,0.0757592028854539,0.21380829429636894,0.11518074289970072,0.0655820052561561,0.5283771231911583,3,Burned,1852.3795388364492,13.396247562414812,1589.5457415149583,2.200868051122222,0.6004649113952157,84.38065587305313,-0.5305348251971012,-0.18370230432809312,-0.28527354117088266,-0.27438582011887497,-0.07200445675444268,-0.7791699596453859,18.747477088574918
0.08368778254472448,0.12858776155454593,0.12006952581755329,0.22148587219138027,0.3788034751780695,0.16073226569439547,1,Stressed,2248.1264660791135,14.675856418125178,1533.934504792783,4.028729519773075,0.9798540715953394,124.67051167077868,0.5186368948766129,0.4395565761295528,0.3885388029995286,0.2620696186853562,0.49314156528084924,0.4041830576213688,80.60271031454418
0.04273204022852123,0.10872775658960618,0.07234093080797732,0.15734107053361776,0.5015787061140692,0.1226800895233582,0,Healthy,1538.5014486190269,38.73003598299535,686.7948180476263,19.57813012065775,0.38583574828559375,83.55978674275586,0.7479057000541989,0.6643996341881493,0.599538955083363,0.5224272249157837,0.643694548714389,0.6069575842087155,91.04280352482617
0.028605709989084252,0.10714904450985971,0.06001833969549408,0.17716368294209958,0.5236341546119306,0.10767285893469775,0,Healthy,1623.304292695915,0.4728085465431081,530.5560395897699,12.825996218453298,0.6486450927772066,11.017889455285736,0.7943353476510369,0.6943677094086408,0.6417405207023524,0.4943943148214632,0.6602666400742078,0.6588890669082029,90.20378813092444
0.04471573868884475,0.07830954288756566,0.20923973072100607,0.12659746496836863,0.07351084281658077,0.5172602644149782,3,Burned,1071.0139222447033,19.622367949928613,789.1236406876153,21.16066239819071,0.15231706278163393,48.410119108753634,-0.4800304431074056,-0.17020737368295932,-0.2600998787334173,-0.26528943294020646,-0.0316077431410214,-0.7511359453012412,19.60991196224094
0.03518758876134588,0.10022020209834567,0.0642698476722647,0.17312682593798046,0.6267496373049916,0.11742482848540661,0,Healthy,1966.6460847774586,42.42778553375585,1067.159335572264,12.95035195742119,0.6413971332643023,156.33577832077714,0.813985413901007,0.8042494608141381,0.7084012377691616,0.5671160817218057,0.7242796047714998,0.6844158532562191,92.74653538103647
0.056062911561087087,0.04980239814618536,0.15880873493652622,0.06136927787253268,0.11243269988435915,0.4436410920006728,3,Burned,924.205571439503,24.418635983226398,330.91811342418964,6.458461374381034,0.2526620649548932,53.45829535625598,-0.17097695038009972,-0.0704882972694489,-0.09019750305872928,0.2938022900132317,0.3860465376358747,-0.5956194861069734,35.70652542419241
0.0674183498298428,0.07874997395627233,0.12158631312864242,0.19718324520444905,0.4336987247635523,0.19864587858461466,1,Stressed,3062.8365197566504,20.27006055647566,1823.4028052096828,-1.3718773651958727,0.6132876074913306,164.45373198259975,0.5620760235119902,0.47073535190981636,0.44364185618613233,0.37489655287205925,0.6926522494202323,0.371716373030157,77.6266666490313
0.054377769399164624,0.08815020469198596,0.05085371381602588,0.1653068507227257,0.5094878280581326,0.09988896118210158,0,Healthy,2666.3113318787946,14.056641211481464,845.0003586224811,2.091773453405769,0.08866120808360944,96.04702601185565,0.8184902809868841,0.8150441807667619,0.6488014830195075,0.5100528843183898,0.7050046905101625,0.672160258458667,97.6437051442957
0.07460495267016135,0.08238899135399362,0.09537106404622418,0.2323737133797263,0.37168845611072254,0.19487917561343393,1,Stressed,1553.9206617668076,3.3260683437856726,1073.0897604063973,9.02730281209886,0.5249690217053291,97.21962175346921,0.5916106496566872,0.4989920579374556,0.4285941818178256,0.23062980511131143,0.6371147917626119,0.31207091170831697,74.7601964027957
0.0635203044900714,0.10822633971753425,0.13128125940047705,0.17101542327625155,0.20011805807216168,0.34188505118171075,2,Diseased,2665.8518952083973,10.10189151123808,1036.783719284579,14.300900786362252,0.2374049946732404,155.25066198961866,0.20771556537744632,0.11386239002765465,0.12419446900614078,0.07841554447208085,0.29801649075893577,-0.2615612126083464,55.90795507755587
0.07862939995220716,0.08540821427310069,0.11189380422740368,0.2002396792672383,0.3727265935934405,0.21139228626883882,1,Stressed,223.08660797093097,4.070628447159207,1426.025561932748,27.852309111671794,0.6817087033294134,79.74223503809954,0.5382208119111281,0.4483607702769285,0.3973604253389035,0.30104199755877037,0.6271480972748031,0.2762011469319889,69.80552628641802
0.036616175886761554,0.06912152395976778,0.15799270969496879,0.10506795834442402,0.10656816541214909,0.3662340482215872,3,Burned,1336.8144347199086,5.701474337194271,2191.559388608144,3.39020619732754,0.7476697870683154,51.50371546971233,-0.19437697398842027,-0.07222941499719199,-0.10089035147726971,0.007088614978435699,0.21314079075922743,-0.5492061370053801,33.61454061257908
0.06591860969903131,0.07824328642792601,0.1444835981689679,0.1591002026248366,0.2587100068238208,0.22074679756999455,2,Diseased,1652.9937888844022,7.358244485682142,628.6578977121906,18.312972880633932,0.8481425305593974,25.481313459899464,0.28330411099614233,0.17506263147717052,0.18970418981941908,0.2384092096417109,0.535583769781486,0.07917962184315538,66.40160624119443
0.0769514897460677,0.08264666774941837,0.09512943916550277,0.22378541355553042,0.3525698927158546,0.23717479995261304,1,Stressed,1750.3350749008011,13.59132444379253,1049.599649108794,0.3391069022655575,0.992395368919082,136.02242585290978,0.5750297788433535,0.4780836270419922,0.4074717194157039,0.2234463282016196,0.6202043839412454,0.19566957064828838,77.16838731729634
0.060166887700690314,0.08409413372041061,0.15752782917751734,0.19285448785967502,0.2384103593836823,0.24355589819715806,2,Diseased,2670.8138764441183,0.49575059979909575,1822.4633770099238,19.981359267281693,0.459354779653232,96.63879525961225,0.20428069456315173,0.11672535197544294,0.13541536180071695,0.10563316430464603,0.47849324328182774,-0.010676138891012122,55.68601213911333
0.06047315286073759,0.05278005460263288,0.16063210192626984,0.11389377044794415,0.13195838115097597,0.3716002460726249,3,Burned,3377.2645109536556,42.75647485169615,397.3091092169609,-4.603069299960734,0.6705944172073243,162.83434173652472,-0.09799949572429827,-0.04365132084074792,-0.05426583025990068,0.07347753457015434,0.42859690751077106,-0.47589664282779054,48.7064317847266
0.06921148765668936,0.07664968875354596,0.12644271788156955,0.1853044337423255,0.33360544686843935,0.16011644556012777,1,Stressed,1453.99053046125,5.5718591704638545,2125.9529973568924,17.95719824753655,0.01842371625212169,94.24656817198974,0.45030659908485116,0.3292110685232466,0.32367552134685396,0.2857933830314186,0.6263315911012508,0.3513901256049956,72.69501762367085
0.02837920487265713,0.10194894781249111,0.0333849508026149,0.12156545305925073,0.5331299075212625,0.16691466077922015,0,Healthy,1356.9795034419865,17.241699256181416,2416.015309094338,0.7126179850083529,0.9050870333062111,85.88808164739396,0.8821391717347524,0.8216270015974506,0.7028663709640182,0.6286350460933928,0.6789408107324946,0.5231313234810177,99.45146956005287
0.06897520570612324,0.048559867414893855,0.11271686676531865,0.14562234900294077,0.3418932746678041,0.21709393846117303,1,Stressed,2214.7002477153073,39.578740187165124,1636.8018456803798,1.3113556233288168,0.615743145528579,63.276156394573775,0.5041163449166827,0.3817366150868713,0.36010994785425904,0.4025941161866812,0.7512640266527602,0.22325972945867437,79.16090944499494
0.03602313836881597,0.06224289399416924,0.20197918699396472,0.06946828286624632,0.12258405468825315,0.4602377670230756,3,Burned,1128.1369268322105,4.7955586585843015,2404.3184162675866,14.561767166010206,0.4213449792732371,43.88843522336977,-0.24462144711147984,-0.09615327746496771,-0.1444312467425665,0.2765692400970728,0.3264738062252308,-0.5793429380354133,35.66619250747587
0.01883345551029469,0.09895301821356793,0.031558795488324756,0.13608641760966633,0.41567616469049284,0.14118237320416369,0,Healthy,666.4561015901245,21.762191328935437,1208.736024749845,8.139404106804934,0.4343127427606507,166.9352042064506,0.8588714989093692,0.6560375975563809,0.6082715186227579,0.5067210988611738,0.6154395258645377,0.4929327071015103,89.59996582268505
0.043372985916447365,0.04727047571260267,0.15000045657568808,0.08690208717380056,0.13215708868547973,0.48296027510678996,3,Burned,3373.0848726242557,38.01526188936281,1213.0698074413012,11.49568026927927,0.7579956463603956,23.566217334619438,-0.063239022161545,-0.026134747933811705,-0.034219514540616426,0.2065880110626823,0.4730968094376929,-0.5703028419739928,46.221887070197766
0.05838697194508831,0.10357909157183297,0.17457290516154406,0.18703938563114278,0.24621969904979338,0.39217849970944324,2,Diseased,2871.448857469773,25.063318081536305,533.7476007095624,5.8111108894690275,0.8334700035358941,180.91490605357095,0.17026628193684426,0.09651974487849697,0.11671487061657485,0.13659335521215682,0.40777900674466083,-0.22863284805157758,53.02790987357499
0.08389341223256817,0.062050140582906754,0.08437133289757993,0.13228050905191746,0.15216054266503598,0.269076108641761,2,Diseased,3363.048524979622,9.465461794024202,377.98325699949334,28.37134673349138,0.8079036763148518,10.247284491283345,0.2865964967311375,0.16466673852028324,0.13805758670381346,0.06989157434977193,0.42066248288468505,-0.2775531588680325,58.051718242518604
0.06779490860019753,0.08347950789415298,0.0761903249062329,0.2080507696405557,0.35677129926227646,0.23094571324981106,1,Stressed,918.8484996569249,33.09792891356616,837.9094998959746,5.172963502866107,0.5105846530470237,106.83920537028065,0.648050432678386,0.5373255658091065,0.4511133642801527,0.2633050923055463,0.6207638480566812,0.21409212459875204,74.27831085728111
0.06922946194066577,0.053555442351172836,0.19070137917107857,0.08319029675342163,0.1182518857437737,0.3260313116987311,3,Burned,258.7704093999129,30.660347829037853,1351.883045622525,13.971659865742499,0.3711466375680317,16.374069619461437,-0.23449983965139068,-0.10390067692517085,-0.1343393289957272,0.17405285633415768,0.3765639122867233,-0.4676733724666971,44.00609476533172
0.021381548467574885,0.07999788521898699,0.052550820438677585,0.12992223727977295,0.4757550003610582,0.125461882112631,0,Healthy,1642.9631999357512,16.29836579461159,1416.9012598983559,24.902444443929582,0.9455393614155355,157.02338865537843,0.8010590745927316,0.6488082051493353,0.6173321699341803,0.5709852308772302,0.7121098572577211,0.5826401796648735,90.42162821727196
0.04353993488179435,0.09554037089549856,0.10323049304307694,0.22175972189439877,0.4359049998119911,0.19440868808129652,1,Stressed,3280.909577872218,2.0832822711618815,778.6658398311533,18.24632842912874,0.6341995247702099,46.2418221915271,0.617051752309372,0.4810943285352749,0.48021818019143386,0.32561465986166954,0.640450818225911,0.38313670246712617,76.17500069752768
0.07051084735289379,0.08260167231741133,0.1329622432364776,0.2172604199542271,0.3380143110734599,0.1958765902132063,1,Stressed,656.4736182768045,0.35391104532422557,1648.1724842551405,6.297193144360223,0.5436534089942116,115.35490236612442,0.43537637193778256,0.31900688874136707,0.31677191094109036,0.21746692618458546,0.6072347289911489,0.2662298942638012,71.37075748498141
0.03966279043310169,0.11903071775293664,0.09637537930906598,0.21266559984312322,0.352630603795569,0.2125534810695477,1,Stressed,586.7122253541746,37.14267974072272,698.6529246444534,14.33528391783868,0.5983189320282927,183.70699000523416,0.5707167129655352,0.3922085036444193,0.40503731222208783,0.24759586315202897,0.4952703781666888,0.2478433558174549,75.83618901794233
0.048081008173124176,0.09020063719073794,0.10895430060190137,0.1895423910213504,0.30673111697967453,0.21034451233669366,1,Stressed,427.54418801127883,14.470081270158085,1017.6645085920203,-2.09531058185454,0.6298665081862826,131.6054924444231,0.47578482009442247,0.30905537135851907,0.3239815941487511,0.23613737527312934,0.5455105872957418,0.18640716621346684,68.46762821431373
0.04029109946576669,0.07792281473013722,0.0440802119227002,0.16455067387251598,0.5614407501358303,0.1434422585495339,0,Healthy,2724.5593964755167,6.1996454372657075,730.5609334165204,14.099024094769227,0.713072884106904,39.772393169913514,0.8544056475109525,0.8488340374932785,0.7019684175458669,0.5466869961150966,0.7562487986699195,0.5930040595471866,95.74985999264898
0.04030917278032699,0.10847730068214655,0.040854237216726486,0.15341303883500101,0.5201157695678308,0.08041495046632444,0,Healthy,2793.5575616506785,23.334805177334196,1832.6599199783025,10.098618092373968,0.5531846950411659,160.35216490720563,0.8543442929413578,0.8190139306991091,0.6775802210748394,0.5444499488565432,0.6548568252166963,0.7321870424124647,95.22912245358025
0.03882389144574879,0.060971675274224674,0.04937253316031325,0.1221897513273881,0.28054427075675814,0.06884640524331986,0,Healthy,2494.7409836894312,41.437498307629056,1436.459518089086,21.527679747570545,0.8753553544574786,91.08852332762811,0.7006970479975376,0.44954045728233955,0.41782212455490353,0.3931987535542659,0.6429351004103994,0.6059058641116467,80.12132493632906
0.07511813700208446,0.06014306384332121,0.12920597064342976,0.13045422014281927,0.3346457712587323,0.20436024760386906,2,Diseased,375.8630889037091,0.3816389035078971,1919.422417959754,24.6765995096941,0.8597142142737162,7.569463976837552,0.44289969752800445,0.33210538004517803,0.31971690699819805,0.4390271995282601,0.6953152573104029,0.24171440889035853,74.05881649901488
0.07955347601712132,0.10936543582776204,0.1109175767547829,0.17579761245663225,0.38583155332365776,0.21747057822101368,1,Stressed,2586.8515081901724,2.526459330438651,425.9459731016293,1.9865782576603666,0.4422577446528374,99.91916917102783,0.5534261750819814,0.4724627605448184,0.41371589728270053,0.37397263163050315,0.5582952198209077,0.279065767397376,76.48196468405588
0.0830349628280608,0.07607003159203786,0.15397740605472512,0.19274053359617263,0.203538885946709,0.25669799426607337,2,Diseased,1680.4750679235676,18.767021966328254,1235.7965765173112,-2.146243308873293,0.16853611212553654,163.43451206635135,0.13862718878700267,0.08234767667772419,0.08669481812119703,0.02724933858664462,0.455882633922721,-0.11550379695723045,52.6552154299088
0.06982410621028858,0.09654345599242445,0.14752842210094286,0.15554140713616396,0.311564318209212,0.16924507114142553,2,Diseased,721.0515923907964,30.418465803977853,2427.308873759125,8.669494343569246,0.5766557137711008,88.84173801255454,0.3573044793180668,0.24511445806595755,0.25654853931784377,0.3340205423889419,0.5268727295594803,0.29599930296703286,67.63417187238458
0.08026399622154362,0.05338245494773019,0.16008440606316812,0.18906123465300972,0.21271740351714932,0.2896368284982461,2,Diseased,1173.9158345991868,21.42452064451726,417.9629323539999,13.695264287019146,0.6207395221311821,152.89346984359852,0.14118224399557097,0.08374415675229012,0.09045523784418127,0.05887861132461392,0.5987787573463177,-0.15311789679032806,54.60051080264696
0.06162302512149924,0.04663930800221807,0.15668850715316385,0.20342794734327563,0.21246972088625438,0.3123913904111288,2,Diseased,1853.7845717787711,40.38967973094321,1220.4331173311166,8.18806819102579,0.5233795739537352,142.57754748420902,0.15110380315320035,0.08249569179408398,0.09626764947701166,0.0217403799450611,0.6400024236723529,-0.19037735025578204,53.28097105320293
0.11459463682819097,0.09647441854087585,0.1423783034251648,0.14187141487783322,0.32278739502792797,0.24353350495324988,2,Diseased,1287.8498584899476,1.9838049991865163,388.87608148236524,16.999640984932803,0.8905778132739662,94.09790188096552,0.3878383301355405,0.342306923274193,0.28038049325008385,0.38935229979447467,0.5397891335792289,0.13994519481421258,74.92960561034411
0.03864139167139004,0.06794043374865993,0.13682867010032057,0.13765388236271445,0.3096330762086755,0.26117104310993977,2,Diseased,3400.1724482472546,15.30633913396846,622.6373061357599,12.697794790167627,0.0930202570243659,68.04010407996225,0.38705309842654706,0.23468723724683252,0.2738690786338628,0.3844940852966344,0.6401207438681771,0.08490133586907679,65.70540316028918
0.09521874647125969,0.07215547974159434,0.14386246275661246,0.23023295047185885,0.26251995393783895,0.3169461662147565,2,Diseased,1766.6477476337577,15.810655022492433,1317.5581934607133,27.781911213278143,0.2874185048352005,146.67530030462046,0.29198479901406277,0.2101539849861679,0.19636991134189352,0.06552371893052909,0.5688032324791178,-0.09392475149942772,59.48129891819179
0.09735814901441942,0.04286379196119668,0.17871855874556858,0.19054712348887376,0.2956690329883792,0.2099913814061572,2,Diseased,1428.096683832074,15.305725169385378,646.5294749049157,9.328689316185756,0.8657898463226186,76.93909145898125,0.24652936504946923,0.17851826054136066,0.1800368878381061,0.21620406055425442,0.7467672701965162,0.16943713102485727,65.34227403781738
0.07260330244041296,0.09392130619094952,0.07926754201670799,0.21655184807131342,0.41833395893591413,0.2168384157920365,1,Stressed,2421.445915594521,21.945866045552577,1441.2619349204547,-2.1127039467996154,0.9394133130222055,38.16698581208708,0.681401501916841,0.6281732351251887,0.5098224288906109,0.31782425352605354,0.633302707648294,0.31722969699033715,83.91365353570642
0.05214189828928502,0.10308115790441891,0.05615585287861288,0.14622511573977545,0.5337011601158098,0.11201417876500187,0,Healthy,2346.7986876245186,35.57596703375747,2330.009702094153,5.5677257399516975,0.4259250747025686,67.56829699795598,0.8095950181502072,0.8068976890427269,0.657258654798301,0.5698794890514547,0.6762436444337244,0.6530539843627665,96.97499730730352
0.06127354761642423,0.053237533026363845,0.20240540431902884,0.10043396342119833,0.10629037927274469,0.4307214053677271,3,Burned,208.04962533738248,14.304717738126781,740.8966280343388,16.206285182713557,0.1926439818409379,175.98364262096942,-0.3113583892023773,-0.12910556620188254,-0.17827783786174106,0.02832958853288482,0.33256150698752823,-0.6041413416481629,35.756264879934136
0.08231097434528793,0.10239610964839886,0.11021415898427028,0.21279342248594826,0.4312248922978378,0.1705408308315305,1,Stressed,2240.9632043924516,33.50174429844912,535.8103213668351,3.960878451248014,0.4203294965099348,60.26087686679019,0.5928843267300029,0.5440205038627656,0.4623564814033,0.3391696500021528,0.6162215791505771,0.4331985806348085,84.64029176745476
0.052956823880688134,0.06642041371296036,0.13169980167735712,0.16742278029980187,0.232686833184616,0.2271371515120182,2,Diseased,1004.4376167378113,6.590946207558213,2115.608436362494,4.414595813197183,0.456166445424136,50.81730429472354,0.27714251587215005,0.15529686132950893,0.175246283779728,0.16311542900780995,0.5558755785339922,0.012069143273523986,59.75907862309506
0.013271655668970622,0.09282875413369264,0.03547242453237853,0.12011775328562442,0.5959082197314385,0.09242871712795782,0,Healthy,1438.2710172401412,25.23261850352776,1312.5936643102614,6.88503694078228,0.5195693781625502,31.016913792459622,0.8876353613534801,0.8197315087302198,0.7430334694432252,0.6644877109640809,0.7304377104515403,0.7314433794388843,97.28740102602109
0.055924884244690616,0.09418862330900343,0.0721232969593075,0.18317302727468524,0.3601682262347855,0.22970799493114832,1,Stressed,2530.951339424986,16.87896115494953,2241.744417457103,21.11496229681693,0.2743530801829511,15.759679690706182,0.6663210059822053,0.524300928615918,0.4634466564690609,0.325753280391183,0.5853980133431838,0.22116543168008804,79.16229919642049
0.11458547221111948,0.07984865406737698,0.1484298319214011,0.15198178642061208,0.24949794233686662,0.27087539273137445,2,Diseased,2039.374529335296,24.264486103300676,973.4712482638519,27.904663200288653,0.31262740711682246,195.45500906892815,0.25398606082220465,0.19729293153650365,0.16883558820760744,0.2428918485850689,0.5151086574769812,-0.04108098655918746,59.541382682774696
0.08990980565890637,0.09860755715245785,0.15458355534996052,0.1646867745327816,0.21030253645217084,0.2499066065013273,2,Diseased,1416.5619757118197,4.848738766751224,1680.5704114115972,7.2631821846722975,0.655587631346092,109.67148131581905,0.1527023935058654,0.0951823193783198,0.09663523495078263,0.12164549592925528,0.3615776175539743,-0.08605667617644763,51.483442884009904
0.08942278013645824,0.06457539667530722,0.18900877324686144,0.14428282991660069,0.30424389695801557,0.2682453241010565,2,Diseased,752.4541610625093,42.90582810424088,2331.2898194636614,1.8420813916172163,0.6217941509966394,147.280669821036,0.2336229043160803,0.16298009811977013,0.17402690071883528,0.35663663699524634,0.6498263456431903,0.06288078605489884,60.069293610888636
0.04271626738084849,0.11053176947855343,0.08748751787197208,0.23328272567576172,0.37871771416396177,0.23500349486570715,1,Stressed,1868.0912179175855,40.779635256080006,677.7307587853929,9.722293325848607,0.6621025151153346,155.7298221393975,0.6246823716957316,0.45985530634153293,0.45212474061669183,0.2376386954066585,0.5481578380158048,0.23416856846741532,77.61833665631757
0.050976039924954406,0.06898555280142615,0.177352636491207,0.13255707937388128,0.13298055226862968,0.547097753373443,3,Burned,1253.9078775737707,37.187833693078304,2061.6028304718875,7.314389254286915,0.3772849831975811,73.70181397049214,-0.14298207346135847,-0.06112611449436642,-0.08213673885721201,0.0015947753852484283,0.31686008043975905,-0.6089257539609076,38.47396425077394
0.07056044374051754,0.11314752240464993,0.14249229354409215,0.2065023652227177,0.20839520012995885,0.22944998722373916,2,Diseased,3212.661767746648,40.17522705246233,1689.33684965928,29.65087199431116,0.33645683849989216,160.7866524814381,0.18781776465623498,0.1073934975990316,0.11617794297360856,0.004562173942887426,0.29622090032794346,-0.0480872856914585,53.075662332921375
0.040594697844987836,0.06800719121669656,0.21030191090594783,0.14045178809329803,0.127582383752203,0.4369494476021829,3,Burned,1963.3439129538672,6.600954158166875,2088.482838179518,11.23538904812974,0.35153867297293895,192.4894276619095,-0.24481612792708743,-0.09918724287906233,-0.1480864243915399,-0.048014041539348,0.3045928674830994,-0.548006403160126,38.16728162439174
0.06565547683562648,0.06630887951640399,0.17397016640027402,0.15669746539181037,0.33910938069627117,0.28857253943686034,2,Diseased,3057.6811807623612,22.667479785884968,675.525358896838,18.77491734841524,0.9511764854896684,149.64356079690418,0.32185888525845746,0.21837868824268494,0.2445107293981152,0.36790922324812464,0.6728865500727458,0.08051345567442406,62.91469040119712
0.06581182345920784,0.0663381639682965,0.18079948508162555,0.212806037646488,0.23104994990081054,0.2740306765928005,2,Diseased,1487.5973939955875,14.305912144043551,1254.9902347414272,26.982582332569862,0.3952451031443228,143.7879596992419,0.12201173373276732,0.06893982555864996,0.08266243692260991,0.041103223466927276,0.5538613438545065,-0.0850967619554222,52.70164663627861
0.04470727693300107,0.06276819729330821,0.1708706949153062,0.08371424893853435,0.11128286102661974,0.5393782854474375,3,Burned,2930.5426405002695,39.93236735868714,583.4419026492958,17.01715520773592,0.6061323963379256,89.28558838349392,-0.21118937019194395,-0.08270563012139895,-0.11427647296524146,0.1413795859806129,0.27873809797096694,-0.657939113409925,40.82379676056404
0.04395933874430824,0.11962369910319866,0.04551122379719615,0.1489368702386048,0.4002046206940103,0.11526788951103341,0,Healthy,386.57177716785947,8.52469571247599,2412.180637567802,3.7282466221948862,0.5228431871665385,169.05742453271498,0.7957836664834456,0.659979693408011,0.5625792280192425,0.4575646714529384,0.5397568880100657,0.5527680332399393,89.1509593739309
0.050732753145856964,0.04649578581944614,0.17358433197018255,0.11053114500987149,0.13813215612580426,0.488942767737341,3,Burned,1183.7927843744492,9.897540981388754,437.92179051229584,16.25935333666481,0.8762218159944921,22.323288149053184,-0.11373211254754154,-0.04926260101698114,-0.0655133459666099,0.11099752106523306,0.49632988581020493,-0.5594396979804949,41.83771816036093
0.05037523232339599,0.056883605660502795,0.1506826130660443,0.1111759570428463,0.02962635272489811,0.38494322394987857,3,Burned,457.980579047508,30.902150535975487,444.06347558765424,9.065671762279063,0.36911680077947906,151.18832388717996,-0.6713823303034219,-0.1945106587334847,-0.2669145887728516,-0.5791779883489527,-0.31507644083481734,-0.8570741382042599,11.367512829075258
0.07781061192639036,0.11074715103795604,0.14840614337523378,0.16798113240689966,0.25123051384098005,0.30196761976932135,2,Diseased,304.4455963590839,4.0004846589450676,2275.943622799745,9.782245430358246,0.4341444443561705,75.58874071785715,0.25729463510443,0.1649848789316941,0.17144316291140124,0.1985855598081344,0.38809952257417213,-0.09171597286501902,58.01550966294644
0.09802372550067792,0.08422920304727835,0.14473202552308093,0.14869949449148057,0.29552368123926004,0.28801598001921175,2,Diseased,3232.2454095662924,32.95652296124879,961.676725902885,29.27636034796418,0.8427942887822104,115.36491358056931,0.342509250817019,0.26385464994420543,0.24055954092267415,0.33051896313393875,0.5563999152368586,0.012865794032232722,62.212502234166585
0.0736262843572284,0.06895950541976847,0.1417736581987946,0.16721095235958594,0.2514318652713749,0.288267602899841,2,Diseased,2565.6668565189434,12.065727974135505,1613.4440722637303,4.750685475819841,0.16095761402990583,179.1279351299203,0.27888266501442693,0.17688214755054393,0.1841539314807255,0.2011760559433991,0.5695295530671888,-0.06825231284878175,64.41805163044846
0.05639344204394486,0.09083909025198601,0.12151445934988385,0.173514034563572,0.34232248389149805,0.20558248681070895,1,Stressed,2262.863212745953,29.74209143702163,932.4461635960749,11.412730126740879,0.5942945478753,122.97881419112267,0.4760466431114753,0.3348704764081508,0.34363907266530486,0.327251832733729,0.580576401152436,0.2495688155737152,65.9249616096522
0.049091290703740374,0.052538835170572736,0.21051532042860616,0.10775251543029496,0.09128610477578651,0.43243972239888867,3,Burned,1957.2262710590487,39.28670038622972,1727.2684263805695,0.59534659947201,0.39990820764380397,9.988398420680895,-0.395058478009134,-0.1500725184036745,-0.22305251104176332,-0.08272972255415637,0.2694057576217819,-0.6513973407604084,33.48761884427715
0.055614382018035736,0.09259797686269187,0.06509870683120315,0.1168925499202563,0.5759693837822756,0.12411313281189797,0,Healthy,2079.5283195155785,27.432511795574577,723.4326123940599,1.2490469539921065,0.9857915589252276,145.90794487700376,0.7969054714502062,0.8242754430028458,0.6715690457165663,0.6625805299808988,0.7229958088640713,0.6454328365665828,99.54374385758119
0.061530469458608614,0.09744181062133178,0.10713512580616716,0.1824942986362688,0.3764009339847261,0.15517534080351,1,Stressed,2307.6782585752967,9.570767997874906,1309.5128077132324,16.121954843004186,0.7213841168006198,186.15977870970966,0.5568680911333125,0.43214366234505364,0.41065978632965655,0.34694629791284826,0.5887166589585497,0.4161690419830254,74.9801974645338
0.0517711275372542,0.07689733737638814,0.14360442164393544,0.1012749966749575,0.23212550114288139,0.22214770581879548,2,Diseased,2927.7133226423407,2.212448649264747,1473.6827845168677,21.285549785345015,0.010556262806128203,130.19232933555907,0.23559762418282335,0.12976064218457492,0.15162393596147933,0.39247242100608054,0.5023193738271873,0.021964304633278985,57.435867566827305
0.04969167485915816,0.0686967575669449,0.15700438659063387,0.10797959269478469,0.09082628603044808,0.44227834568731783,3,Burned,2169.732234125243,2.007628726277964,1034.014358631686,17.276095576589583,0.8394739004466438,172.97691510461686,-0.2670294890861762,-0.09965590529015732,-0.13274014178230276,-0.08628168297390822,0.13872307459305575,-0.6592552984052502,26.08810745369123
0.061184830745100144,0.09549499400475066,0.09391044384506947,0.24909275637024997,0.3656982576249607,0.1965576288199973,1,Stressed,2670.316518265912,3.996534690630356,853.7413447916945,6.524939926603977,0.7031796561813116,165.9326722916772,0.5913460885251601,0.4621378130224379,0.42484162117005675,0.18966688956672068,0.5858786025307418,0.3008249977891008,76.55902048447753
0.07700520718135052,0.08567571812809022,0.10892922042490376,0.22605745813201739,0.35291321936257436,0.20583217630821707,1,Stressed,1127.227571038125,26.091806061137216,608.454668876677,-2.9133639602243075,0.5609609155826433,172.95199518187266,0.5282840480556573,0.42685903048061125,0.3804947457739771,0.2191056714451402,0.6093119828109037,0.26323445626865044,77.11451669982935
0.02872219235108286,0.10989226321377844,0.03924711619778626,0.16057654986769226,0.3614022184687036,0.13840828996681223,0,Healthy,3423.313734794358,15.669803431829305,1853.5175398774236,11.459235175204224,0.23612847588431707,72.09957852499359,0.8040824390692239,0.5829939412843577,0.5365380614198046,0.38473914445538365,0.5336577441358493,0.44615693403151424,85.03054346417127
0.03620193488210105,0.09404629238143314,0.05869761187164957,0.15755925252068145,0.5468999472526707,0.09723472031449573,0,Healthy,305.26078784219544,10.939813982815418,670.2219751877311,12.649437858288739,0.14931665040769027,97.46188778619282,0.8061497606190033,0.749894014340899,0.6623599070062599,0.552680253633497,0.7065392068831942,0.6980919403943852,86.5811612813327
0.03247108082771379,0.10170622230229216,0.045152692384510064,0.18815896986693764,0.499567568699388,0.12799261372320142,0,Healthy,1475.702764415141,9.868795100873605,942.6780606139182,21.97280627859365,0.628399562858418,170.36653348079764,0.8342169374579576,0.7439907819213584,0.6524448058858219,0.4528087500499009,0.6616974591846286,0.5920945264896179,91.55156889018222
0.031056539539224715,0.11105254796380078,0.05545793759849953,0.16695746578994686,0.3825014392377692,0.12028779386304464,0,Healthy,3110.7635199622227,42.68616893563946,1041.1992821563383,17.410134680218416,0.4399402728137639,182.52772211163375,0.7467439024466782,0.5515718472650705,0.5230133194930519,0.3922840590127648,0.5499882339380737,0.5215180097282796,85.81022606547667
0.04785624890294886,0.07178184852817185,0.19049315453145177,0.10607485004902657,0.1345804863244471,0.3928493059143896,3,Burned,795.7257768644275,5.346745915143348,1299.606953355274,25.49405196603454,0.8616203122311297,33.63409235565055,-0.17200000079917294,-0.07285541093189227,-0.10165032203307497,0.11845004362040043,0.3043124841459092,-0.4896743007195303,40.216579902870464
0.035580212643599875,0.07056385586030883,0.17786051798622196,0.1337514024161284,0.14714184990852308,0.39180791863134357,3,Burned,666.4157066810712,13.716648484769461,1845.6511390101473,22.404400754328208,0.2623735702776713,40.398814020339366,-0.09451828714818634,-0.03943440765207595,-0.05585196279570846,0.047670945830371105,0.3517500391653825,-0.4539682146000219,38.22870152012349
0.044834892578391676,0.05244780580582979,0.1484165081066501,0.12204933028736116,0.05649461889369213,0.5404061155271136,3,Burned,1405.9215307697145,21.21647679086369,1241.479296238152,7.8057224333831385,0.637519980846249,72.6317720107122,-0.4485939151897071,-0.14267098774339082,-0.19560314283893915,-0.36716286394877684,0.037146343378721074,-0.8107068070470882,16.3789519693697
0.036737379949769604,0.09306166425513131,0.060973275072028675,0.14154171488354994,0.5223068913619894,0.1269501861986617,0,Healthy,1613.0425117055308,0.020228673341493586,2216.4059671580635,17.12774982336444,0.24884303665901764,155.20807649497482,0.79092970227516,0.7151943774174498,0.638800967181818,0.5735722982024035,0.6975416865442106,0.6089370647438561,94.3783491637731
0.05427485283684505,0.11494832326747606,0.05741281766985022,0.1663614018654897,0.557541987457603,0.109604560984928,0,Healthy,3280.2004001837013,41.4428934364076,1795.528422564406,21.15502853092943,0.6363170790932884,175.6213256652895,0.8132779148726528,0.8363601764246023,0.6728467777376904,0.5403767767327772,0.6581413152726457,0.671422824271769,95.13267745732557
0.054580943624948315,0.09607473478387014,0.09879815504489738,0.18925972082326933,0.35688768461385645,0.1656619928663955,1,Stressed,2959.1944645391095,4.459436584204673,2144.670775486396,28.49081292104607,0.04834464221571333,118.14682757365235,0.566376001717483,0.41888959007724447,0.40508530548157895,0.30692805468358925,0.5757937809031349,0.3659473851559574,72.66291320260235
0.0864885412476996,0.10706147155084118,0.17135599651442082,0.1763769426997798,0.2481985931314917,0.2997036620657949,2,Diseased,1731.4958043786967,30.711177030877764,1875.9787149280694,9.782325691778604,0.39170742681438453,27.08729420168004,0.18315279270427018,0.11802541659665415,0.12534752691138765,0.16916106247026813,0.3972783085936486,-0.09400411753318348,58.20838404798887
0.06528051707704387,0.12351579369296523,0.10025157004703666,0.20862142128930652,0.3725961141696824,0.1891958580926896,1,Stressed,3410.81783290929,28.298946472311975,626.9899596416192,17.68986973088976,0.17268561586575137,64.23090484359737,0.575966738240713,0.4586464102594325,0.4199185737011823,0.28212275104476525,0.5020647791526689,0.3264558090317137,76.43123901634047
0.045170592758480906,0.08594404586856837,0.11313637053440276,0.20464376733571515,0.3352923782577218,0.15771891837324375,1,Stressed,2319.518733724912,36.407873479713174,2451.4400641009984,8.743234234857196,0.6059339962234745,172.11948626313816,0.4954098134154294,0.3315105876701104,0.35135376115056877,0.24197048034024024,0.5919438875375076,0.36018131328050323,70.49005043546269
0.0583738667548752,0.08509453184340277,0.059091596022138766,0.12204672238109643,0.5181943501910786,0.1476627027972424,0,Healthy,3083.073815540241,29.31244787529686,2030.4897846904041,20.823986260442545,0.3167280531777318,72.77322076265291,0.7952778847773888,0.7998640618309658,0.6392491494775513,0.6187475914829693,0.7178978828652488,0.5564732552823207,95.75231089935673
0.08842301492789585,0.10932405639251364,0.15577524943138785,0.17489642426609522,0.30362910121345504,0.26676534392782236,2,Diseased,1011.988035606524,34.62243377471908,1559.9878909948275,26.919760995869503,0.7715326176767493,25.047412402432162,0.3218381548980775,0.23467256240892967,0.23116507154922208,0.26901945121560017,0.47052561903664397,0.06462853373373366,70.23000814353826
0.0667547591706572,0.09629197339279873,0.08545264518681736,0.11763158405067867,0.33787516039609833,0.21821876674959334,1,Stressed,1813.5814451899432,18.956187395483738,663.5080696238776,27.17291055018513,0.11459436043001825,63.903350892050256,0.5962814299402913,0.4674732211784556,0.41007512870700447,0.483513305116431,0.5564289939009375,0.21517298724865624,80.30155710426446
0.03664060774959852,0.1044188926383757,0.03848406466592044,0.13075054792637827,0.5292413818529806,0.11792982703140548,0,Healthy,298.06680407622986,21.991702254823046,679.8974268737438,0.4980631085628513,0.5562130669192423,162.30773869846263,0.8644271831603547,0.8260009720470478,0.6894431253710199,0.6037813644509374,0.6704262514347306,0.6355529152402771,96.07021456403896
0.08309319056895573,0.06366413641459488,0.15588224272924672,0.20474228239643902,0.2102288666717977,0.2733360676940153,2,Diseased,229.3046377792812,31.57479459739887,1651.5285846923116,2.1433809167307594,0.5936778629416548,101.22850893873274,0.14844297554103714,0.08924947190524997,0.0941217981016122,0.013221603852369099,0.5351167180411889,-0.13050408586789022,50.67096032117416
0.05914624053986847,0.0326046687771052,0.16172690568530038,0.07879692204803466,0.14233501522447828,0.3913583628184229,3,Burned,2527.9956291002327,25.5792024474773,1215.633692604425,21.422530777642955,0.022104099720065995,38.45669123223856,-0.06377612088037442,-0.02904543536300201,-0.03617611352190358,0.28733113401358584,0.6272467039206084,-0.4666037713285793,44.32090152720922
0.0590506021406447,0.1138395958418178,0.06113659706741299,0.1566628506415022,0.47941619438304695,0.15548364447007537,0,Healthy,590.3689541364823,23.019234762002394,1786.8909011333208,17.085346007984068,0.03598571085049862,65.96331265308791,0.7737997031802785,0.7451414976349003,0.602967379549477,0.5074107395802998,0.6162208585279112,0.5102104694120192,95.34683149973134
0.06004662825278455,0.10886668426304164,0.10080672811109381,0.17280578151579856,0.4353681006835777,0.20497865944706156,1,Stressed,2007.7671824656982,9.25012827245472,1119.3409947793457,26.678755039923416,0.30824017232801837,190.94834953635322,0.6239781287099978,0.5260866238895492,0.484321795964948,0.43172244408298915,0.5999274935233799,0.3597885582986756,84.35047173787196
0.03631665702448883,0.04233038101869946,0.22148616717122202,0.115914421617611,0.06485664441921193,0.5147061645845208,3,Burned,2496.824691293066,11.614871736286892,1428.2593772045088,5.98301957954374,0.6090754394119121,89.23171017923215,-0.5469999977022044,-0.1845828421532966,-0.2987809867111442,-0.28244439496503654,0.21015847027097714,-0.7761876804633521,16.064884553593398
0.08490997813049966,0.07915132379841784,0.12186941224050413,0.1234108521604986,0.24242577956360412,0.32193057505563244,2,Diseased,306.37413455780955,16.13237584767271,713.5076835207165,24.680728390119203,0.9626299951622065,91.11185468718816,0.3309304287458788,0.22545406142544552,0.20922776223584308,0.32532259984187456,0.5077303358382248,-0.14087693605735999,70.83497221780345
0.04810444488460722,0.07421626978082208,0.1860497262790344,0.11784746749022905,0.06576354263317533,0.42381093129809905,3,Burned,1680.8466171807506,0.41779734405764324,641.4425174464185,18.932154994435095,0.09078350998866302,34.848572398621585,-0.47768006582287803,-0.16511228071399245,-0.23999213705010602,-0.28366448169640524,-0.060385325555331694,-0.7313440557396078,16.55756085535323
0.04875279992573224,0.1071037992141642,0.09375463610786695,0.19847460148672155,0.4855273384423191,0.15062650505557268,1,Stressed,2457.7013920532713,18.781355231110663,466.41848013667936,1.8409708554809816,0.7031627732108057,64.38808939978554,0.6763074163935283,0.5821602591303923,0.544490746546277,0.41966654771287826,0.6385481774365104,0.5264462858242457,86.49825161077477
0.0564625595673772,0.09017574626579047,0.06828793250799489,0.18930165570322083,0.2897816525732978,0.21054394584745942,1,Stressed,3136.1122599210053,0.12458140937607665,2103.206470776815,-0.5726970851526261,0.6927161221227769,163.86379592330906,0.618577290861619,0.4339474262175481,0.38719537669491505,0.20973386681788334,0.525337581697322,0.1583722787565215,75.31626149418429
0.06458143739684384,0.08180313655335146,0.12581274806561912,0.21485599082590642,0.25061720364024853,0.2512225777393242,2,Diseased,1187.4593319854662,25.425694616460152,1521.8497534752548,19.595326070301265,0.6694742435034768,158.30880000863633,0.3315476138218463,0.2051176031461309,0.21360141887158712,0.0768276508104396,0.5078331305185756,-0.0012063094825770834,60.39477311438407
0.04035576476984625,0.10990056237685503,0.041473068853651804,0.10683500674504146,0.4069305122389489,0.10419222692635552,0,Healthy,3414.91454795829,31.6812946037557,2383.7102877946572,0.5461529453493803,0.5161473415322018,89.9222657938944,0.8150189932574062,0.6752221831990042,0.5780093730417154,0.5841098488786677,0.5747137869675478,0.5923005497348417,94.07132150507006
0.05753691026701081,0.12874667315103117,0.05259541765571539,0.14925678430132233,0.5345932011168533,0.13485654679911108,0,Healthy,2986.9869488770014,25.29668842268069,1948.8698189905217,22.801516391010185,0.9668259506101438,179.26219112063927,0.8208568079199408,0.8494018224832353,0.6650149349041363,0.5634809086748577,0.6118228944031416,0.5971122546405057,96.63032008927398
0.05142021665738841,0.06027519778966805,0.2035861706194245,0.20461797884992966,0.3018751117316594,0.3340473731383601,2,Diseased,2347.095737870119,31.208398794219416,1991.2789525488868,14.498326404456105,0.5017751384886814,79.15048882725036,0.1944539425661208,0.11494489177810481,0.14663260812716797,0.1920206470138539,0.6671260548971109,-0.05059148192780413,55.326154108024866
0.05263613138718441,0.07888629894700011,0.14555435686778276,0.21756130691095987,0.24400927756771382,0.33777901197492377,2,Diseased,1493.354173912233,0.0005925850293364565,1419.928555233434,11.690347186197641,0.8382970791992078,173.54426806527712,0.252731285648071,0.1428900397294936,0.1660166554396606,0.05729994712212097,0.511381962209599,-0.1611750089868176,58.46966994478592
0.03906701350346508,0.0885484102403401,0.05258246186997227,0.1295947341576316,0.5874876959723148,0.11880663038878943,0,Healthy,2546.6642414583453,2.67488879779393,2093.998660356431,4.643516257249688,0.26252060287466383,11.155282364017022,0.8356978046727883,0.8306085717344049,0.7037793583109606,0.6385499577031979,0.7380364358744224,0.6635775503994763,94.95467398589813
0.03729073503084285,0.08010645720903402,0.13063070011054098,0.17841835871987588,0.35849794566962334,0.3101113774945749,2,Diseased,2893.437787932166,31.430809839399988,2372.5395796903967,29.434595822370092,0.8063084993068551,72.7099065947936,0.4658636186334906,0.30584538344773987,0.3455575433400338,0.33539600515679424,0.6347211297612002,0.07236896910496099,71.2438285302379
0.05723736380227167,0.054249169455639575,0.08159088487501401,0.20741307694491262,0.287026439781197,0.19830473157829126,1,Stressed,1200.889587125639,36.13050665805468,1887.828555137963,20.275848881868423,0.9965457339389333,171.7383532138679,0.5573138742858672,0.3812010063400513,0.3547630470456109,0.16101739147644137,0.6820799881517934,0.18280652801738892,74.97396412230383
0.074738972230919,0.10280418957873472,0.18577747913973242,0.21041690502308266,0.24060768533709428,0.24077516756930314,2,Diseased,3476.3392141931968,32.29657069002275,532.2956699514029,22.232227650770692,0.91008598777376,180.755364487494,0.12859313475108125,0.07637666625442885,0.0887808997402086,0.06693821199531472,0.4012775964120621,-0.0003479189749250088,50.36184127732506
0.04180246071229156,0.055987450606801756,0.14972548975899475,0.10629934574303579,0.09297142893017907,0.4484616402070097,3,Burned,3198.4439201903087,29.835550914909824,1732.2436903577138,21.90488246828684,0.3040717187519454,152.50268803797456,-0.23384746208099566,-0.08456589060724161,-0.11462426725457986,-0.06688344623479672,0.2482831232049135,-0.6565727602815273,32.4464691086141
0.041310578260461445,0.07931276122977118,0.05485122558869581,0.15202614110306525,0.5564790427113729,0.11344515166666472,0,Healthy,1802.1547531316446,31.832219871520202,564.9530669304022,15.440545201180882,0.8461574758483994,135.62383429466163,0.8205512387142966,0.7958520810391659,0.6770640019229729,0.5708538273810261,0.7505071172963758,0.6613194271074652,99.25590174173936
0.051113504293981114,0.05249275381734887,0.18915984862046076,0.1226284874100546,0.09045380583602247,0.4837106650943144,3,Burned,2585.3387220588043,33.28154666082746,469.8893293210692,27.889459468560723,0.0952571230287198,164.02345734514836,-0.35300865204962145,-0.13396137434527086,-0.18991337751869514,-0.1509964979910854,0.26556112616570443,-0.6849202141885986,27.411376716566025
0.05594767305994355,0.09775054227972699,0.13136412894127664,0.2338844693884376,0.3021423586095925,0.21549242848263214,1,Stressed,1929.2293522419802,32.596987426540615,1824.3808912550635,15.433752618393687,0.6777075596130526,142.97384670331522,0.3939461821982868,0.2555459190312006,0.2744140990711364,0.12734043219941488,0.5111163783206852,0.1673958756515403,64.358390474076
0.046113668189331825,0.07642660293436233,0.17561657905216363,0.10376148068598075,0.05324748160849371,0.4140864796257193,3,Burned,2711.0708222501867,33.21038149597529,2136.527950232885,13.201595478645231,0.34214623298668656,54.573086120709775,-0.534680245310806,-0.17371171820296963,-0.2518352235405541,-0.3217268308892991,-0.17874905090012516,-0.7721223369751234,17.638849983058122
0.08657011863401524,0.05670788612065421,0.10769446629170469,0.19035392646038218,0.34483557924807223,0.18825402698733718,1,Stressed,2929.0412727973385,3.330886833683137,649.4512796046065,4.579865484800353,0.658670089595598,95.91619563549848,0.5240339510123943,0.4418581459105411,0.37343878795822105,0.28864850348048343,0.7175504292849939,0.29372463370509455,76.093482575987
0.058523309965381805,0.11204905846411846,0.07352823397197222,0.16827035611631408,0.39478902555186285,0.17595561797770928,1,Stressed,276.6344320182403,2.847219817258112,463.1269375252984,4.8607571944585715,0.41224900757946537,133.83747458780113,0.6859896324270399,0.5748981059090507,0.4976583631590123,0.4022997800719415,0.5578506636062545,0.383417358745026,81.78683842349503
0.06477393664974669,0.07265159945488327,0.28362139206732545,0.10400935442152502,0.11949633920477701,0.48407425880967203,3,Burned,461.13569801214254,16.250397445324754,2250.3503672224965,20.790936709371525,0.00903314982532244,119.62153763806934,-0.4071392450866231,-0.17569113954041968,-0.2725974344685675,0.06929122850997117,0.243795159285655,-0.6040352442015654,24.759001784581088
0.06833102433546813,0.10414850056622402,0.1570452137170888,0.13586267895279283,0.2357389816956832,0.19254827017492276,2,Diseased,1310.3424723931992,23.741852154695803,590.8605413799116,6.716859757386192,0.231276554047951,177.5940333889968,0.2003486059117273,0.11812138144850899,0.13221633094787602,0.26877248040515495,0.3871589397236761,0.10084519285518512,56.592878761265396
0.04365474472642834,0.08508497337257322,0.05336956676060191,0.1284452728390547,0.40060620851993267,0.13264630680935094,0,Healthy,3228.1249876867532,34.317857426477744,377.18940623622177,20.504876080133727,0.042386232858316,97.39970487562653,0.7648792138654614,0.6229966158228961,0.545983420832667,0.5144318466653813,0.6496334304888759,0.5025009521429201,86.65378439014023
0.06120024590940583,0.07341581203281984,0.16445387292161304,0.201391426956136,0.2397380727029361,0.32315339657039766,2,Diseased,1514.302824373186,15.061851845595564,1886.3196112862759,28.344736558518875,0.4272699227998513,39.70753871452523,0.18625853071468346,0.10648645811592625,0.12489195349452477,0.08692831675767144,0.5311198853536901,-0.14819077377960452,51.832608686577274
0.05506583154190254,0.06024448721919787,0.18855371524026818,0.10242481089354087,0.12038207274179807,0.3272142180270971,3,Burned,3128.79031016635,12.380268448513567,2164.9742190097545,10.37576028725656,0.8400712867281831,46.843497295511916,-0.22066605082272622,-0.0926894655196296,-0.12640986343142668,0.08059562949451327,0.33293875610651397,-0.46209529643117286,33.57556867612471
0.056341558347339935,0.0925421080678989,0.06919291248303179,0.20974554975533136,0.37956264710241355,0.1768746612062658,1,Stressed,1726.0319116847847,35.16517386533383,1431.8413512212978,-1.5936024992125315,0.7379967589750783,169.9810289775617,0.6916231366356018,0.5654772156361684,0.4907002571088934,0.28816346925247366,0.6079594196236752,0.3642602306262071,86.64123121642122
0.036881968342227886,0.057065969089360256,0.16858125458800904,0.059635118284006625,0.13162124788491011,0.4763824433048782,3,Burned,1153.214637028192,11.220158315429774,1487.8355370063332,18.329126846530265,0.7889121862440657,6.700586073506846,-0.12311691330842224,-0.049504587545822744,-0.06928247436179429,0.37638551478840987,0.3951262626044968,-0.5670379880012455,46.25988704179933
0.010887623513098611,0.07572093712278377,0.14654882311796166,0.15686511713700163,0.1710015142805194,0.2844554024532432,2,Diseased,3172.129104106234,36.93786195665085,1041.0931280002328,-4.666693890658003,0.8071996488047292,174.48042058938256,0.0770041392266942,0.031052814208721136,0.04486456015895855,0.04311630205012474,0.3861852569717432,-0.24909905089453885,54.246850806161504
0.028538235635847876,0.10499511029807983,0.09775672199778833,0.1902012999929659,0.3586015568390234,0.18385489350354786,1,Stressed,2050.213537431636,7.971009737401737,824.6190375057116,22.545123244530387,0.3719397880434755,15.839676692777028,0.5715790448467345,0.37670276357889443,0.4091220380781543,0.3068501770374527,0.5470411222683169,0.32213951922541356,79.92676691806291
0.07178853679367536,0.10990663849822656,0.04156190021475277,0.15848496274910376,0.4242552796394533,0.11401653041620821,0,Healthy,1389.5981735991363,16.176308529261455,1961.5105543862894,13.397859096355145,0.5060257294933985,81.37340127743406,0.8215527201657756,0.842779047556239,0.5943568567294856,0.4560699484907735,0.5884894160038369,0.5763607487220193,98.54143581131756
0.04505365060611663,0.09328584604111272,0.1420331727355799,0.1304579450273119,0.1877963891944789,0.2501921011671415,2,Diseased,346.54311197179544,18.048402424187564,2168.4256978662934,12.140627140302922,0.5084511700854011,161.03436435189766,0.13874806977163112,0.06721609064779273,0.08272159369868079,0.1801654720766607,0.3362380397742708,-0.1424597036706358,54.120552939975504
0.048512855748447894,0.10746884401404068,0.03650132587704284,0.1503865484733478,0.457701612910133,0.06676069325685344,0,Healthy,566.0793370791389,13.477970128843928,1006.7384679634328,14.930475620219053,0.11320851693607237,84.4849984803678,0.8522820190910604,0.8020643351249028,0.6354843659640781,0.5053791191787252,0.6196940381583693,0.745412792496622,95.3150637082257
0.05671228011613699,0.058678987871868746,0.22260083753361312,0.09839203212188252,0.08699634010666404,0.30188819252570187,3,Burned,659.7240812170508,0.1510611249155691,902.4022067264331,13.074299037715058,0.5981421221282742,165.35789647554026,-0.43800300145009313,-0.16973822472942668,-0.2512443833127567,-0.06146928884232823,0.19438672755280131,-0.5525852248187375,27.041476361452204
0.09241681302806334,0.06829623102145978,0.14576034068756774,0.14627578445506917,0.2181599866156544,0.3269424937502241,2,Diseased,1403.9597583550008,10.597916601956154,889.1417829991102,6.332204512860793,0.7201797790003355,24.558272732527712,0.19894366570605404,0.12932240602833842,0.12570542005195706,0.19724792650542497,0.5231645924767384,-0.19956340148355176,58.21968499054662
0.04658688972030784,0.07646833292728424,0.13122373066352966,0.19531809497534294,0.37644677734789495,0.20056475289743142,1,Stressed,2204.198753956335,15.194410149549316,411.3099196491835,4.852811838773468,0.6109678191132942,104.75073415486135,0.4830358234016,0.3378868170346681,0.365034565814674,0.31678875001307594,0.6623281736285417,0.3048154364047628,74.52330298050612
0.03292735470048536,0.10153384989471124,0.05872348679961769,0.17800731833762662,0.42035122743599285,0.05874263753651384,0,Healthy,1215.0473775923685,14.113120253699824,918.3650546488383,9.535411121836331,0.7459659347095227,118.5824335098068,0.7548462115453317,0.5925459976312077,0.5540349449609795,0.4050145297664192,0.6108957417655735,0.754776065380152,90.99783465372184
0.05670747999873739,0.09177280303474805,0.11543154574253432,0.1801659341588781,0.3181497909310078,0.24553764476488765,2,Diseased,416.24119142384063,35.34999734147432,356.43201733181104,26.321824867044835,0.11889126812485673,178.71937646126202,0.4675437417770345,0.3196575451855355,0.3257106291446084,0.27690046100438764,0.5522432422759758,0.12881632670828327,66.26253463433643
0.04968997870275858,0.08315564426339306,0.051858345775189156,0.15013469068203245,0.502209495977802,0.14544844320568098,0,Healthy,1073.8688331472015,2.1315493141412856,2034.4967694304203,-0.2620339074254945,0.7614089463341772,23.256174236142705,0.8128086637363392,0.7814880271630876,0.640875939988559,0.5397071164248577,0.7158845236033288,0.5508479487079526,97.44221869645058
0.05605389863315471,0.06671238790049919,0.09626483730391296,0.19124678842540765,0.3153956921685815,0.20443875396274377,1,Stressed,1548.6494479687135,17.502691484485833,863.0390238681119,6.366760884030416,0.20814010336847644,71.02713363018452,0.532309594564164,0.37201846845003117,0.3605467913387951,0.24504242349989497,0.6508192596056348,0.21344667883616927,70.17939419542913
0.04225348143737937,0.06227162798387466,0.12476891498121463,0.08663498851090859,0.09881251855082654,0.43638919639809254,3,Burned,3474.490764618686,1.6881955010748562,1818.341416573,1.7305149782291531,0.8768268228395328,133.5728785048835,-0.11609369731378585,-0.04239786673924558,-0.053808171828632664,0.06566564078538767,0.22684347953909506,-0.6307466177906752,37.001884404727605
0.04423003628622467,0.07600047281319608,0.18282960469143292,0.07627104043614887,0.09908718505292073,0.5012545791191095,3,Burned,1496.8567856780976,41.87914047580542,1495.0144481892235,9.949794185808368,0.24493131235079557,196.08636596271518,-0.2970465744306514,-0.11229502103188659,-0.16064833176475737,0.13011162294795126,0.1318580144512418,-0.6698974007278496,31.883454226577214
0.053138190201071224,0.06422467424237227,0.23983285484043218,0.12868036569479047,0.15063986324405393,0.4873377183635026,3,Burned,494.34488186656506,35.55942466639934,2142.419985949837,-0.3275553306890089,0.4919923836904402,170.41349317178208,-0.22842310149014983,-0.10176734078567265,-0.1502454630838214,0.07861763842351349,0.4021844925680019,-0.527758121207749,41.692928492944226
0.045082525802698656,0.06726029033039141,0.17651402146920736,0.11008415037068917,0.014972656521003463,0.37209537126228354,3,Burned,2117.67888776398,44.197271965710605,2412.8332006254477,21.627846486578125,0.48726629665663423,170.06653703069844,-0.8436166850223146,-0.23264278265954547,-0.35042185428989225,-0.7605462558035399,-0.6358476675462147,-0.9226355055987011,0.0
0.07721183355313684,0.07824187025261571,0.14780181476450255,0.1552710237534719,0.2480124364382794,0.2630337896707623,2,Diseased,3234.812239666756,40.957223926320836,1108.041551084163,-1.3786412595398851,0.2688503203920135,105.85059323783369,0.2531758743842667,0.16103425151137715,0.16779810170563786,0.22996581694933155,0.5203626664854532,-0.029393335027474515,56.68856580772878
0.036381674629156584,0.11150300939993592,0.06149376840957818,0.13462714390077066,0.5196707902590262,0.14460516915759392,0,Healthy,2796.0958062437753,14.211574745223798,494.34980375720176,18.284173276604477,0.36170958441959444,115.03832880686716,0.7883774176032275,0.7089139861114903,0.6356715274349974,0.5884836561005877,0.6466804778855333,0.5646231963363391,94.86805716961628
0.058928558163229554,0.07169270109070171,0.12800096866055763,0.09940337838110905,0.07129166953032691,0.379820136234389,3,Burned,2959.520420317881,31.121253554876112,1949.2206816490302,4.369861370415821,0.18559674907559198,172.42311834572715,-0.2845528906611446,-0.10145986450830236,-0.12164284711903095,-0.1646896471095708,-0.002804722855971996,-0.6839290302805541,27.41343782075494
0.04225489938486605,0.04830323998975581,0.16812246106768206,0.08870393297795148,0.10016622528375393,0.40867967758064194,3,Burned,3263.1649271376905,13.794933936528379,346.8651176382034,11.526649890018195,0.5701006974585494,174.57698932006812,-0.2532951880123607,-0.0948055848338529,-0.13267714878531112,0.06068873878441131,0.34931749572399573,-0.6063003445585398,34.69487438804504
0.04381053447408637,0.06754861892474043,0.2236355412287711,0.10592339169257481,0.06743289295253492,0.4611729517414881,3,Burned,2300.5935611722753,39.96950345683308,790.5193358697418,1.999578660113949,0.9130280253334802,161.4435402670618,-0.5366526375457514,-0.18768336984380993,-0.2961867258614273,-0.22203115738506404,-0.0008573467730696147,-0.744865111297083,24.618422391701365
0.04218629140049488,0.06061202844522759,0.15740082692606544,0.191282205950874,0.22092134862305762,0.3009956145726798,2,Diseased,3483.245011156546,18.483879148530363,417.1514706409048,20.55782878165017,0.3166075723616504,164.62139866099224,0.1679005993391429,0.08588825891930721,0.10848044614280025,0.07190413965201806,0.5694149523336904,-0.15342337969834807,53.418830026355295
0.03510249817098791,0.0816294283352419,0.04955267065812132,0.14506228288345432,0.4284873358378816,0.15774681892511894,0,Healthy,309.82918060284766,16.914939385690445,2275.926417563594,28.189659624391354,0.5080626097714577,176.527822505172,0.7926839848206071,0.6477362253498253,0.5811643574728554,0.4941595962432953,0.6799578548752506,0.4618299873775117,94.0371684412601
0.09877410964718464,0.060863265742407066,0.19626158084609385,0.12575287334987947,0.3235920847363957,0.23545588673540493,2,Diseased,2954.9709312737555,41.1330934905,311.65357974345903,2.7610850587548574,0.8618806119086495,27.18747656292631,0.24493527673461116,0.18083064083889042,0.1872776069825562,0.4402835804061585,0.683379258041258,0.15765408501959957,65.8120203574378
0.04971220985735036,0.0939113157621175,0.12613999106808033,0.2672551340003296,0.33779386141236906,0.19427840366575694,1,Stressed,3028.1352094234635,37.65331294289344,1384.03276303351,28.360362269948993,0.4524990469454725,62.06467849646932,0.45621561058869253,0.3073162152624404,0.3293595316793555,0.11658349452855579,0.5649284578822519,0.26972925384157487,66.98811958153387
0.04343629106451891,0.05705431245338388,0.19128208788962311,0.11982872186635027,0.09225038928186649,0.3280840085973778,3,Burned,3225.1112895144843,43.48860990139357,1232.7980797497562,6.3845830354001905,0.8312603284579195,195.34213912095348,-0.34927813597550483,-0.12934021029343895,-0.18958696715675907,-0.13003794260921128,0.23573319568703824,-0.5610618947551463,34.22240833296713
0.08072561390066696,0.08949594840065787,0.10703861541637315,0.13277887217006168,0.34899527258121016,0.18730041353010443,1,Stressed,1777.959210198302,2.9919638508501083,1736.038262005907,14.524650846816556,0.4463906651698697,111.23135119297906,0.5305672631513879,0.4364975081249253,0.3796256456046425,0.4487920289596599,0.5918004873198542,0.3015031823368279,80.79136510581405
0.05752593336905672,0.08262688760764252,0.10942500915691789,0.18834998290602062,0.2707891830564073,0.18945790195983556,1,Stressed,2799.59454794798,10.950249511748694,937.4369948523496,19.55564828799516,0.4402424667108733,39.410452708129945,0.42440333096487937,0.2696783549517079,0.27498563445193397,0.17955165768109674,0.5324101130181115,0.17671220954409594,65.76968045120267
0.04908601359892111,0.11738424373565351,0.0359483563932304,0.12311527205966537,0.5388564229637764,0.11964943503435645,0,Healthy,843.7653170998933,13.538598654017054,2222.1298810328085,1.974401562281777,0.157239962179342,103.0958484739078,0.8749197569023625,0.9068586511472948,0.7018596375134412,0.6280346240620492,0.6422524451667978,0.6366032685537263,93.2456033868841
0.04434361251644961,0.034839048042272336,0.15483431671462447,0.08346068312906119,0.09621773390890273,0.44920658544908654,3,Burned,2190.3297430881075,19.095842742964294,1915.5606314790653,10.566737810141968,0.12497882442661401,130.9279141842003,-0.23348377487975305,-0.08657534379301839,-0.11706894743832662,0.07099934583213004,0.4683365505352588,-0.6471820792366956,33.69871820529819
0.06099191555547813,0.038718304580141874,0.15944271578462926,0.0999034325544678,0.08026941673622594,0.46868576242800386,3,Burned,1383.5290027994226,21.29085206768412,1251.0477371829124,-2.626038176758247,0.6114967442944877,166.50328686784317,-0.33028489176978243,-0.12531494623063003,-0.1605488699534991,-0.10897321547505685,0.34920501211681093,-0.7075556500032941,27.48717370181502
0.04031085587771153,0.14286157634709798,0.059661296810041065,0.15812274509410879,0.5300551972010007,0.09414730396004217,0,Healthy,2167.3730471845192,13.11625926300321,1087.657748927591,19.3968821609807,0.8273335246787206,163.37446157457623,0.7976610747562731,0.7416226295098692,0.6474994624650467,0.5404597035788166,0.5753959929671258,0.6983437032801286,91.85731441231543
0.07932666373977379,0.09126991921099145,0.07328558981390862,0.19988932923054825,0.29193448976387015,0.27523174356520796,1,Stressed,2429.349673622391,35.57026904152628,2094.954144494686,9.581564190356746,0.13540648685019363,14.60209119982125,0.5986770886638129,0.48088605833183545,0.3790634936423991,0.1871506728771503,0.5236488949936727,0.029449471641017622,73.42399478860898
0.06092556951075552,0.1315115383804839,0.11875045843499515,0.17656572523151665,0.293921696936117,0.17687824545505376,1,Stressed,1345.3266002623902,10.04598650182754,1965.5326567786956,26.20755864238568,0.9100939461069877,93.43737245961961,0.42448038225110735,0.2826285831708354,0.287898401771506,0.24943487047872237,0.38175239087102836,0.24860548707918317,67.22688331800046
0.06055841754632365,0.10251788321053586,0.09330135925452786,0.2269947749638485,0.3882054111841887,0.18326083974361423,1,Stressed,913.5863876994775,31.343279098460087,1177.8001276529044,4.589716100059828,0.35887980186433643,9.010965956466581,0.6124608497952284,0.49353833959356885,0.4506908018473043,0.2620458140776465,0.582176402496372,0.3586293460401968,82.16930647804081
0.05628796293610303,0.04981882388481314,0.16320899186550558,0.11736132997702345,0.10193406778308017,0.433017769147741,3,Burned,1261.5700992358047,38.329574201644384,1051.0180977422797,27.326046351337446,0.4252572065208218,178.1904441149189,-0.2311013603472183,-0.0923355614632,-0.12012444439423799,-0.07034922596655467,0.3434217291760239,-0.6189037448214957,32.77816716759988
0.04278575914511806,0.10549676719857326,0.046296293903388935,0.16179700492630544,0.47259204375781483,0.11160832314697997,0,Healthy,2391.0589088545607,27.166420762181385,385.55357725759274,-0.06360543610042413,0.8944534020181291,38.91168472613186,0.8215558352309846,0.745545157611416,0.6275894961890993,0.4899123567423674,0.6350153527479054,0.6179107971881078,96.98085225905012
0.05866805328431248,0.10574247908794979,0.11726184907221818,0.2243977303615892,0.3622677474286208,0.29881562325104444,1,Stressed,2433.684971120275,15.937151665176938,479.7559399683204,16.243826310485915,0.8962964503214064,126.8505655576895,0.5109296590553142,0.37674008291036615,0.3751891163835783,0.23500618314253646,0.5481189263081181,0.09598202894215958,70.05297837167448
0.040139852218652926,0.10874662203486615,0.05342003457421021,0.19938392073385636,0.4913739007008008,0.12022849030722625,0,Healthy,2646.3458888795262,8.45510589884931,418.6206022193163,5.773286295526262,0.524858876911572,116.27058239967805,0.8038890114784816,0.7246835387953016,0.6287658941371146,0.4227096193183956,0.6375840481939802,0.6068409963431509,89.57797186353109
0.043365831266054346,0.09260710346656661,0.04352540571520481,0.1375632801879119,0.4025099412173484,0.09985923551429782,0,Healthy,617.5708082899298,6.04557874816632,353.714069965659,1.362356383365058,0.2767649444533409,126.97823975535881,0.8048342579183181,0.6705385778029839,0.5691931060580917,0.49057543611271076,0.6259183254122102,0.6024467935067033,93.27201349923455
0.06709943954012071,0.06531223228592581,0.19083593652161987,0.06127997741831741,0.1188444783327344,0.48151925808318313,3,Burned,2901.1073878397233,33.48786326170777,636.3192407097181,-1.7121989898292078,0.17193947233817586,114.86624145212457,-0.23247016088518918,-0.10222491340481649,-0.13337013464633654,0.31958179958727156,0.2906885280481275,-0.6040917392423565,33.89838466697005
0.07267644203899255,0.061137995653402964,0.2201458839881596,0.09884860475189193,0.09291200664906994,0.46342344949957226,3,Burned,2470.887745085153,21.11093989125822,2185.7119988972645,17.947489559004147,0.27158004743054653,144.5397920864885,-0.4064228281097682,-0.17021582352785616,-0.23473213390959757,-0.030958379564325976,0.20625776344165164,-0.6659856604423431,22.645141216992254
0.04424965897436149,0.07284680018369777,0.06644301710233691,0.14464410852649634,0.4833868921856463,0.15297149445947733,0,Healthy,300.6667530791093,2.0843798025315436,2055.950483662903,3.16087766407359,0.7806273976251249,127.09144337451748,0.7583142722084709,0.6724152606808135,0.5957306046765501,0.5393727027508397,0.7380712284300714,0.5192284716727495,89.11841391646873
0.06711944679890648,0.10894117392062204,0.15214997662513038,0.11618707369152415,0.34307062797353566,0.27562076361571736,2,Diseased,1307.4729031356676,44.272777812417914,2160.262465222034,15.048504422486669,0.32459080221364955,22.608548120308782,0.38552646178336125,0.2723431091856139,0.28775627516326546,0.4940223071256329,0.5179719819085988,0.10902020649480113,70.58625404352382
0.020630330672945847,0.09095920955454667,0.04123435175816803,0.1384848295112357,0.5003692487065163,0.16479005759287474,0,Healthy,1740.1471444913745,30.208643234504553,1672.3607951360382,29.279655299234726,0.6945614610330086,76.51975044645084,0.8477323416555889,0.7205290249882064,0.6611942763094646,0.5664586419175157,0.6923563824957283,0.5045094955305354,90.51625427543033
0.04666572668609534,0.08360657138351876,0.046625702458938253,0.15424227402262447,0.5084373797614095,0.12956561401460354,0,Healthy,1390.0377182764887,37.988214814213976,1672.938822729474,6.058663709783605,0.19520082227959712,111.58572000725711,0.8319985309330244,0.8027605850893107,0.6565650159327479,0.5344891734209253,0.7175663232107438,0.593840097153866,93.61877483790694
0.060056943774321886,0.10265905337330034,0.08371660036027774,0.1985673614453438,0.38055306000369715,0.2126303990738166,1,Stressed,587.4757310877633,19.718490209265514,572.6498424166366,-3.776950279914492,0.4785036326888996,68.41349805014454,0.6393621608120721,0.5180661056954978,0.4617532866060824,0.3142449975439469,0.5750973396285973,0.28308722289753724,82.34673220342079
0.030179805801696994,0.07829493135377477,0.05107448702697317,0.15763381068959226,0.5189438456010087,0.11978272506603607,0,Healthy,884.2427388665232,42.99473793636112,1837.723778013251,-0.0012084961252813997,0.3521062160588222,153.26452253734237,0.8207970228063115,0.7314837415683482,0.65588038064601,0.5340259557965189,0.7378102760104145,0.6249326904762826,94.90409379747724
0.08578192504574789,0.11219193215778289,0.10354098695019825,0.1918797873396892,0.2580172505098768,0.15860058002288913,1,Stressed,281.0526032034374,8.978625941585728,916.0581039150405,-0.8237296706090227,0.5036123233202306,66.99005443572341,0.4272513893539008,0.31247758819974814,0.2689480322690028,0.1470057727347041,0.3938997767756747,0.238627972243951,65.77770070428882
0.039692829680676604,0.06184366707175664,0.21157269038397514,0.09141417258904923,0.08640415798093794,0.4175007444360663,3,Burned,507.15463246345735,8.331125532246725,1442.3573255296424,11.214923452183253,0.5699452909201765,166.5934139890927,-0.42006125270893147,-0.15204053636515338,-0.23528601943328148,-0.028174903623844186,0.16567183527807533,-0.6570616366230834,33.35841658742399
0.07580080792967071,0.07687157041713404,0.09164557394474238,0.22117162302430726,0.3253229476544656,0.3235654873565345,2,Diseased,1078.7903884909977,40.06506306466615,2400.3897283618862,21.062769938121953,0.9909349646344452,33.61307559138933,0.5604196863813574,0.44707871143138506,0.38225527756473726,0.19058070896292753,0.6177393273562928,0.0027084166954172216,78.97762362733387
0.11651559583763371,0.11280708187796623,0.14765036418038446,0.207114003882043,0.19881460016589053,0.28844442974484524,2,Diseased,2905.901876597911,40.12726788025777,2215.35386750054,5.375553502365044,0.8998950471892022,155.0315501722456,0.14767506032044062,0.10563703868801992,0.09066689857726283,-0.02044547595053858,0.27599977948845694,-0.1839469814564643,57.37017037892327
0.025205839098731725,0.08714892490648882,0.10704005907875264,0.1966412949730506,0.27582166569741984,0.2252806161193179,1,Stressed,1937.903782792761,22.4558768474569,813.0257160507427,0.1044969795345132,0.6958664775241907,40.775760953111835,0.44084219259294694,0.24404254827063793,0.28676337409978053,0.16759063808112765,0.5198017152822246,0.10085974541219163,68.42849679891572
0.025577008644405888,0.12583539912993474,0.03907817672913042,0.14893250311142978,0.5122120871615287,0.09410066043051135,0,Healthy,1600.8430392806497,5.660385990929039,1920.6313545406456,17.426836821512442,0.1537434705304187,107.96297968037166,0.858230106425273,0.7607370762314156,0.6750760311156564,0.5494706965769911,0.6055610127417459,0.6895969472777369,94.60409116951797
0.039415887561413177,0.1040929377703866,0.053305195285875955,0.17172651833746064,0.48678281513671645,0.15092867792312104,0,Healthy,2385.1377150632115,13.734740619147237,528.9996499102643,5.541307309723486,0.9190285563392183,67.50225272796493,0.80260550773125,0.7172056587074166,0.6251551955305427,0.4784386127872922,0.6476655523717868,0.5266552909930521,90.54150530442877
0.029976813833419817,0.05917858038487059,0.09691933366848267,0.19685640039056568,0.3831607720128247,0.17269883332396557,1,Stressed,1986.9848490725171,33.93685521155105,358.8334686368717,15.130962225928144,0.8925860707079997,129.2802150155227,0.5962368133871188,0.41130173064537934,0.4380888364601091,0.32120491818928226,0.7324290333824521,0.3786242656994287,81.58667116434485
0.04083981003314455,0.10569531370920976,0.0661191047746749,0.13766040992490444,0.5143097471277158,0.12152613621698093,0,Healthy,633.9959582935666,38.06963586005865,361.9834045200924,27.682529588546316,0.8867034300742388,46.48437991911149,0.7721715300029515,0.6982355481118022,0.6222399153108682,0.5777094662253344,0.6590501475527129,0.6177436898765962,93.67809807556226
0.05070419127327289,0.07950943482686693,0.19368036546327386,0.09732340284489932,0.09502705250038385,0.3338286383844306,3,Burned,934.6571006198255,15.64446364851677,674.5422652796271,5.197143422428416,0.4790168643530559,160.10489800361904,-0.3417068748757944,-0.131409647535613,-0.18762340025933377,-0.011938366462453612,0.08890758042669922,-0.5568343510214547,31.12466724221826
0.03823799683356567,0.04730910385140187,0.1400506571982755,0.08996742887256194,0.09977690960063232,0.4580047848942494,3,Burned,934.3237912690051,2.7555156817590527,1828.8864846063445,12.9372065070194,0.17070671106105684,116.84885394145584,-0.16792792611757146,-0.06089918314918685,-0.08165500082850378,0.05169840792099371,0.35671510125733036,-0.6422366893837484,34.56666357399283
0.04222394072251733,0.05972566645816276,0.14016202458019675,0.10275249210414591,0.04779041303996735,0.3928154780862013,3,Burned,2179.8432916207294,29.957700670775125,1099.272965607641,23.23841697709257,0.7544032149689216,191.66826504807148,-0.49146266893477525,-0.14689366059689346,-0.20140551543883034,-0.3650924323576695,-0.1110089985034564,-0.7830695507353977,20.83705635112904
0.10032880201178808,0.0697272747857018,0.21848760332770764,0.14852109492258578,0.22028508278838066,0.32989705347294723,2,Diseased,1723.3604084248432,33.277366864723206,335.07336572672193,19.210133937416984,0.3885150389904235,143.79521413857998,0.004096607370020695,0.0025263314390077778,0.0028720681823879053,0.19458455486120083,0.5191427154023682,-0.19922851264697816,44.71912103257854
0.06386868757425886,0.08582410402262987,0.171659155874626,0.1799100106958838,0.35882416421888313,0.3253440943202399,2,Diseased,1479.0307064508172,19.080660413866166,2473.649789029052,21.301736117271503,0.34456828969223496,123.44213020313394,0.3528197734531362,0.24501065705475725,0.27244255614587176,0.3321009851106911,0.6139685534731159,0.0489354321709948,67.10686338456784
0.058135596302592824,0.12785353446036485,0.12972777640478528,0.2105852118060397,0.2644683815200013,0.2803095333768648,2,Diseased,2036.9092705099004,26.23939252280412,1473.432487110385,22.03992811996351,0.39078201255927736,166.68594463703656,0.34181104759223535,0.2096388617151706,0.22602524470874735,0.11342545206836425,0.3482212897437534,-0.029078182380210187,56.91972375929214
0.05185243753415829,0.08717120800490985,0.10809090386172314,0.19764880915622712,0.21106651791669742,0.22727184523415292,1,Stressed,3401.3820930824386,44.43171738858375,1166.5364732448986,13.897060711691509,0.5590705574658124,47.838100713546446,0.3226483352782038,0.17504301839780492,0.1885637791835883,0.03282898277457168,0.4154246595553349,-0.03696990341267379,54.6283439841677
0.06348909976960937,0.058852265106734414,0.16477766286076392,0.19257601824871814,0.23394237610623528,0.18653034494570447,2,Diseased,1236.8384049843935,11.024936971184673,1441.469769107429,13.762173776579278,0.333518830744159,128.38477986856918,0.17346685581691404,0.09900813754143657,0.11543869527274406,0.0969861029093872,0.5979962757999489,0.11275887271432623,58.30528815938144
0.04369917489744331,0.06304435522813816,0.19599756063641288,0.13847254440845436,0.11384661753883836,0.4152994425083073,3,Burned,1916.644930990607,25.78399622096629,1443.9360016888097,20.16113531569566,0.6899206109981184,81.12875067099607,-0.2651363047387839,-0.10467284797721607,-0.15216064577065957,-0.09759831835037942,0.28719531949021654,-0.5696968040273079,31.215551800508944
0.039428451258617256,0.05263726883461664,0.13963586706201317,0.09352155052142899,0.08646996311659617,0.47874745307778516,3,Burned,1785.2210516255816,27.493218610318912,1334.5204696045862,19.41768945397445,0.6477237957436626,150.03924093355548,-0.23513724326368254,-0.08161430806677876,-0.1098308972401443,-0.039177330478150876,0.24321303339365474,-0.6940293624745437,29.58615852649104
0.08019796496953072,0.04204371000200447,0.1314496643777565,0.18444669288550433,0.2931008776798502,0.23576910819138774,2,Diseased,2564.9220047612876,24.70982382110084,1648.4875898229357,18.45201824103898,0.5088626138269003,9.771534850796844,0.3807584574290213,0.2730015361219135,0.2622645342793894,0.22752535918141054,0.7491010429956826,0.10840427692256684,67.95178723398934
0.03306493835427719,0.09536466452205626,0.0450953783930629,0.16972348095781423,0.5501015996655124,0.11421671203178775,0,Healthy,2609.957884343623,39.11083010747081,2248.378563710274,8.374714224993227,0.05397323168549528,88.40385882274825,0.8484690470623655,0.8027761911462962,0.6916649152327288,0.5284313143048582,0.7045092103624182,0.6561385910899771,98.28425094681721
0.06789551731498258,0.10573180262574466,0.11615481201132855,0.21285462243937792,0.3104379440414867,0.3105333644953796,2,Diseased,2605.933380663034,27.225338936495238,963.7701225695904,23.998992596170687,0.9365426823711723,132.08187085741923,0.4554299732455016,0.3242049764041442,0.31451216620940703,0.1864794686336949,0.4918813492240974,-0.0001536632225103573,69.32221324637554
0.060217918229063534,0.10217603564994752,0.09467205849614983,0.19436002695449603,0.4112314678799902,0.19367113161887956,1,Stressed,865.0146137978579,22.85505100760805,1371.3309702611168,3.2671011279811246,0.4116962831203902,94.82467060622125,0.6257307700424493,0.518056605633054,0.47205233593910223,0.358115064683358,0.6019690481448731,0.3596617585124125,81.72948130102415
0.06209511709993057,0.06346381789213854,0.1412907659191482,0.1580786257439634,0.21571302574430412,0.21798994318858855,2,Diseased,1682.0073499919197,5.535676199752792,308.0167916328911,0.45061882234492856,0.44945319428588726,51.404461164181434,0.20846349388546243,0.11644895558998995,0.1302600869693372,0.15418856528491537,0.5453503965999693,-0.0052499465184368535,54.41478027432486
0.09934362501418086,0.07958587271787533,0.15228816098097153,0.18093535345993886,0.2631663975171959,0.266932296456522,2,Diseased,2876.876480396154,31.644413968204148,2191.591418900046,7.080677669049555,0.45603251224316566,95.54810407749,0.266884143161645,0.1935969203983314,0.18167734426972762,0.18516261650556892,0.5356070123688594,-0.007104146663812289,62.808412128915265
0.03948112727101587,0.06028326745082941,0.17323298936794188,0.10583422018188214,0.13784605224433155,0.535040003006061,3,Burned,1459.0495627841244,5.944831267261517,972.9885556088558,3.884093414173458,0.3650279582384691,170.7001824704576,-0.11375544878449848,-0.04702869131094257,-0.06544418275863687,0.13136816710700663,0.39147553223361314,-0.5902841079253539,37.212622542888106
0.07035156637146019,0.0754529940732739,0.08701880493917441,0.2075734794377718,0.25883414282386047,0.18680612451531778,1,Stressed,3448.041887056765,1.195645201390065,896.8531763224116,18.211387927110472,0.6745879106180097,45.33360837313577,0.4967872444867374,0.34272308070938307,0.30469008172367235,0.10990528421999302,0.5485737350440697,0.1616281605841519,65.21693527413633
0.048557156214797455,0.044000506659156544,0.1891245133855853,0.13989492836818226,0.11773160426927425,0.44771639259347945,3,Burned,1403.7962479142573,21.9839023378558,2494.5817722642764,3.0856247902486302,0.013917695823849274,76.59857190778042,-0.23265922587868662,-0.09452008188290037,-0.13272423670589648,-0.0860288845707068,0.45588407044229,-0.5835811326934246,39.711429367287046
0.03783281581613593,0.07409906217275028,0.14587218013911935,0.08899968843254889,0.13510199212658966,0.48324389018675223,3,Burned,1842.300530228495,25.760037246647954,1585.6644652394134,17.97714434228041,0.8735083293106788,198.1154266925249,-0.0383315930512955,-0.015594603340704307,-0.020686064130732117,0.20572046368331506,0.29159952009876966,-0.5630212836988403,46.86076591378289
0.06709630797041212,0.08735451074266004,0.13210966765587928,0.22259636194483595,0.3921672445962489,0.2482749490648275,1,Stressed,1765.9344628484046,44.9574327618246,570.6951415101786,12.962797819427596,0.10243902526956028,182.9993479336376,0.4960309445306963,0.3866215518114014,0.3808407247454647,0.27583103178013213,0.6356598508894754,0.22467647308197938,74.31542593928233
0.05423631130679145,0.0796234538549653,0.12097905732722886,0.16309219557204271,0.30557076876215183,0.21699204057977736,1,Stressed,1631.0905481485004,32.05470575048789,884.1549337658562,0.33575238263408735,0.9997136751048175,11.623826714697856,0.43275532145848256,0.2840444439134211,0.2988372091468096,0.30401073050953326,0.5865802127203137,0.1695082866667072,78.77643014451593
0.06771580216444327,0.0682816357909683,0.1031961124391651,0.17946454085122823,0.3055936041530235,0.2935392245475613,2,Diseased,2990.5835154547513,38.186564410240976,1077.098494185885,4.043869244235802,0.628082629176721,108.41473368239281,0.4951139388974212,0.3571127788007024,0.3340665378219265,0.26002874500829637,0.6347356996688216,0.020119711067091633,68.78071938621223
0.058421269591376335,0.05318385447469566,0.14927212996923409,0.1362935069785794,0.06966988618855276,0.3633312395308266,3,Burned,712.4082839084447,15.58746175638399,2469.3321053154386,13.260437450612798,0.06624647410468398,17.755540235337286,-0.3635768115314402,-0.13031234755007085,-0.16608205018858702,-0.3234731013643423,0.1341923353976109,-0.6781999609640534,23.541278380910168
0.11599178186074639,0.08536325561910632,0.12127101773653409,0.17181713856986872,0.1803827712424088,0.33878282783046043,2,Diseased,2073.293531166144,22.901160716098538,1247.3676914126875,20.658685637329434,0.562437059426841,185.1614601132536,0.19595892279812147,0.14235967633210475,0.11060588794283394,0.024320370876590704,0.357557601782106,-0.3051050643953938,48.66171431291411
0.04082246462582486,0.08031400164778503,0.17717636806296544,0.10010646013254215,0.0888584007643772,0.4647314148597021,3,Burned,2241.385205272898,43.8421045797835,806.29477424418,8.938807546113658,0.3313077924656147,91.10125797358101,-0.3319790280349279,-0.1196235359124147,-0.17293855920051046,-0.05952460536594012,0.05050704777901421,-0.678973847959708,33.94455085233569
0.07528565539862643,0.11253043877764696,0.08478270509903647,0.16848008302300554,0.4024451857585791,0.22918968312347623,1,Stressed,3009.0303166289236,18.782484846424932,1553.4081283081978,3.1491424762314004,0.9530432231262337,86.59521576596032,0.6519792485208566,0.5897933791572607,0.4826582803984559,0.40979986599101026,0.5629678911741562,0.2742969212557604,85.28185876179617
0.07181485127504347,0.060989275856285156,0.15025838907955885,0.16830583465737742,0.2507407274455684,0.2569992121418235,2,Diseased,2210.360527756158,36.32806911610727,1190.471247725423,5.327737318282608,0.7554710047818848,58.22447620866558,0.2505799432451212,0.15567268267842235,0.16728485423765938,0.19672012200099678,0.6087044669822781,-0.012326161652910976,63.129324992799866
0.07545293104729096,0.10124185523109845,0.11136888611189226,0.1475444591154943,0.5104080456958248,0.2130475903855984,1,Stressed,3368.0671476996763,23.669510298502324,420.91285391211494,-1.6708983754311104,0.5070146686484364,115.91970117647,0.641772206000097,0.6185792844996851,0.5335808903429015,0.5515042171157121,0.668954876237383,0.41102790049517307,85.17634149069809
0.07809568970096392,0.05967525676082545,0.1951095086257216,0.13563792451729853,0.06272624537627773,0.44640564373937025,3,Burned,3078.1534504610654,10.078283318852884,2194.0231473995163,-4.1197674618418425,0.4297773995074745,33.27475098371159,-0.5134402659842696,-0.20086487890455768,-0.2620289306821919,-0.36756474470410144,0.024926069639032242,-0.7535952845019845,19.681089747521906
0.06276086746907349,0.09977310930965938,0.08514642290597695,0.22599192201072799,0.23634111849394368,0.18666666428620707,1,Stressed,1350.8418295640138,26.118838674489727,334.51256002326863,29.059525919889893,0.9958688657895364,160.7962251044317,0.47029720102563216,0.29610876788457646,0.2760748388645296,0.022384721299761632,0.4063142640928028,0.1174315344907933,60.25577171987227
0.10570636788449456,0.07640119824233388,0.13979567060027615,0.18218604713485473,0.18313662081695709,0.25426049163667486,2,Diseased,3037.6912694597536,9.812791276664468,2276.6639986400487,-1.6256522971929614,0.6673840849607608,100.78601724508381,0.13421063803922112,0.08815494163096109,0.07899972478059297,0.0026020111519814908,0.4112518894123896,-0.1626070844287677,51.71321623011967
0.048310318576679744,0.09740693376334845,0.05395142819031726,0.16076995707282166,0.4952250963345178,0.12962348177349076,0,Healthy,3362.9767865084036,0.13621454440835068,2042.089147923965,-0.6289429211272495,0.5139297423912409,115.4602638062613,0.8035187966033627,0.7573660644259326,0.6308857284118308,0.5098439880393072,0.6712734642316576,0.5851043301034565,94.09709171268807
0.04548615549035605,0.07028053565399182,0.2118455631124127,0.11500402249892638,0.07884426373212022,0.523753654837571,3,Burned,1048.750697051135,10.615320696300447,466.81106231330443,25.483742977787493,0.39794411742029534,168.9569257926315,-0.4575368056346063,-0.16552567115284017,-0.2523137895215734,-0.18653637648539126,0.057426581890578005,-0.7383188192522908,21.355659506025926
0.07443986358730262,0.09932401969681456,0.07630630712675351,0.2075096987957139,0.3847688573930324,0.21834063260774625,1,Stressed,2213.689061992548,8.691472455979067,1891.9443711887186,18.22268325017403,0.3245828574405618,41.104010907565055,0.6690070672044868,0.60044517034479,0.48143354200217425,0.2992834262734908,0.5896488986074272,0.2759502624068619,84.61196669815587
0.06408967895148193,0.0894412612117181,0.12067618882797954,0.21515802547798313,0.259591864320313,0.23627646178053383,1,Stressed,1129.9529107290473,16.691452973974517,1996.0717007065016,10.26253859358642,0.7054194238016294,39.16069930171256,0.3653098667877369,0.23106762370299333,0.23671597546462048,0.09359420372960203,0.4874912602473528,0.047019341309660526,67.7756973885681
0.07714638845421254,0.08899630653113069,0.15987028177865226,0.18103222487956583,0.19098517018439135,0.27790216934018,2,Diseased,2343.572020971318,39.986860671417965,1625.075561543106,17.71581920040473,0.5878855149060273,87.05632620962,0.08868292439185824,0.04949527720978059,0.054853420698421536,0.02675397755412656,0.36427002674247333,-0.18536861624421777,48.18128317106756
0.05157775459825674,0.09296334423791255,0.0659180074870519,0.15711505284909597,0.3713384461108752,0.20404214130552661,1,Stressed,509.02125500517224,17.45338831194041,1570.8757603434713,27.724468823564358,0.8481848353039325,158.2950070329471,0.6984926788976372,0.5532925469430777,0.48879967834744964,0.405377936998439,0.5995563697229792,0.29075764034545043,82.89189699863132
0.05072017641917052,0.059466971310088455,0.19821160304311655,0.10614216725164843,0.13756316273525776,0.41757249143827463,3,Burned,2622.82047216789,38.0334432370946,409.31145774554295,-1.5217940997502923,0.5535607233033744,16.416382936428494,-0.18062238346304296,-0.07789696337837754,-0.10884829633325971,0.12893027081514716,0.3963667174054117,-0.5043980179509552,42.19654147175527
0.08925921146498897,0.05983382227451477,0.11963329181728596,0.14854717072396423,0.21621399535118174,0.2940365187924041,2,Diseased,1585.4054343646314,25.00258590592116,430.89201801012166,3.5298859511366274,0.5823313901318106,160.0581897602554,0.2875732642429127,0.1909359084847163,0.1733223948819499,0.18550994202649787,0.5664966626316242,-0.15251826261588103,59.506048918454326
0.05550777896964552,0.06599831940708223,0.16785284371383252,0.2040538772970134,0.27862717227276823,0.27383012690415626,2,Diseased,2138.1136896322414,0.34266169001551217,1900.0350296385332,25.11051412147593,0.47735649484318043,102.64753575040291,0.2481058997301262,0.14813870914700852,0.17555731581889283,0.15449807589761805,0.6169852545132123,0.008683105986521972,63.61822366000531
0.02657824833629093,0.11446826023359001,0.02250564613961445,0.14975940160202106,0.5158797445415838,0.10828576942021628,0,Healthy,285.34592832754385,8.49315208064468,532.2433936216016,22.322377085538747,0.7626209462910666,114.54387273990379,0.9163957599476548,0.8497209878717468,0.712703729383581,0.5500282541380063,0.6368093099351874,0.6530222504668696,98.01761233682903
0.03593056251227441,0.09951494321957177,0.0496107079951516,0.1437012671848571,0.49069144686679406,0.12293750346243637,0,Healthy,2494.9568021940836,41.90751203436164,832.0570215542506,29.79898525450168,0.41499217609851824,115.05525796443877,0.8163593773205488,0.7259983661253858,0.6359893602598288,0.5469643117371024,0.6627791626623851,0.599309953048902,94.48614174287012
0.07046725258500007,0.07222223129201523,0.11853711827153082,0.25354844368640417,0.3396613918224053,0.2540492781303952,1,Stressed,1836.7714686463032,27.187805078897334,1397.4405064113894,5.986808527526737,0.8519396047299149,15.952640846755443,0.4825949099650985,0.3631227332319442,0.3461562540232217,0.14516439467072584,0.6493075690048018,0.14419837234327026,75.14221748258993
0.03704658815533965,0.0596925616773947,0.18220969784976582,0.09868738636226827,0.14462471733767485,0.4355017429702578,3,Burned,2263.3283253698787,41.82960863575233,661.1600819478995,28.07102389984908,0.32704476115479997,53.70530555503824,-0.11499700648282646,-0.047939206714276886,-0.06818471637215137,0.18880001606519814,0.4156875615847464,-0.501402781152504,40.04800068831791
0.0670609175812764,0.05415970666777992,0.15761415739328852,0.0875191712024158,0.06555600115586621,0.5135288680279677,3,Burned,1241.7043088413743,13.95540091365538,2037.6470332100562,7.029109095325145,0.6926250463809654,152.28300304536606,-0.4125020688737163,-0.15258756265700793,-0.19094708321993992,-0.1434796268616778,0.09519463855927622,-0.7735875740763208,21.76598851225946
0.05292481554825177,0.07305234332802937,0.12040602257349511,0.15070844376701226,0.23067864228171192,0.32197073395543246,2,Diseased,681.2065722906675,32.24530702272343,2076.2316523139953,20.02826169149226,0.8929708990996522,85.39228330041031,0.314091236690109,0.17715289021006925,0.19435073201202432,0.20968249671583816,0.5189667871639082,-0.16518989063808837,64.80246287316824
0.07919411910029976,0.05142369131547443,0.19106835754844076,0.17345299666358477,0.21109491250189563,0.24803424667886115,2,Diseased,1636.9155085872687,34.74113219537669,2152.7150647739622,25.896003166755527,0.7690738636961211,114.30081153911156,0.04979707483723594,0.028389561292889998,0.03329755610149221,0.09788615140604263,0.6082281894780301,-0.08045521098752645,58.79094253947548
0.061659196838680166,0.05720337031874148,0.09494555374853883,0.18173447275563928,0.35648911612309214,0.22551461609605727,1,Stressed,3315.131100244999,43.9064821231315,409.0498657043509,0.9773733340426611,0.3426081425159513,189.24938129517668,0.5793608112892996,0.4467108383882915,0.4123408068484131,0.3246878132648124,0.7234497806426399,0.22504064927080372,79.60512942935861
0.034151258650669994,0.107960409070371,0.04686957714073795,0.1985333551746274,0.4676620541760214,0.0911506629830868,0,Healthy,951.7202879575576,0.8179417426032315,1241.3209547139736,2.1973529262320106,0.7063390029507729,14.022994821885442,0.8178165213676963,0.7047292948077527,0.6221478856329272,0.40397860925510115,0.624891594445587,0.673770250557898,93.68714837104183
0.03953412729660661,0.09705993553232477,0.041815023975896155,0.1336598269851584,0.5261439833458802,0.14174174378504867,0,Healthy,2430.2687397163304,42.85067468054608,2163.2188799715386,15.333552681132133,0.20698481460997364,92.68767130639485,0.8527533582508262,0.8178313744757165,0.6802634064337727,0.5948497784747646,0.688513065997395,0.5755509036802133,97.87868183049909
0.060020097701317304,0.09225121695517535,0.09576906793838943,0.20504617421333768,0.3044156861835881,0.20635947649314837,1,Stressed,364.4836953139866,17.62155979218743,1099.0826586747376,24.533866951242995,0.058165079451809376,75.44845590534013,0.5213757167966608,0.36505289122357093,0.34767298874810737,0.19504798640343948,0.5348680774748475,0.19197528567524627,73.60743488616745
0.08209430358284361,0.09485985384408216,0.1081950243924658,0.22563153982035117,0.38902705547482497,0.20754459593053454,1,Stressed,2569.7292913808637,37.70965825851901,1830.8048323106493,-2.2367662672260913,0.7913817396448508,25.75763810797453,0.5648020005654085,0.49355714965145453,0.4224214955763745,0.2658313318106182,0.6079255088044053,0.3042089849135097,73.92560322069568
0.04278864284647239,0.09486770663901929,0.060814504696285326,0.1559586635393683,0.4722387027914897,0.11791177917728653,0,Healthy,986.8427164449271,24.512081319948777,1596.340989218021,24.780828341456623,0.8080091152316655,190.40489800816061,0.7718257475945914,0.6783756019217608,0.597390615213015,0.5034723976394698,0.6654324183659006,0.600400962866519,92.66179902937895
0.023236918071898705,0.10813896852638066,0.11162397623988506,0.17039060732611785,0.27758210810148093,0.20411711386902875,1,Stressed,1690.0062987567972,25.409229436501445,1063.8589567557929,7.009218534078379,0.0229309389155975,192.48462000096598,0.4264016783766927,0.234001039223131,0.2799544440558308,0.2392813104258673,0.43928928298020864,0.15251216808448181,66.77930429661508
0.029921070503764552,0.07889628751597208,0.046737563183761724,0.13499561859515735,0.5193073450496095,0.14317601721268022,0,Healthy,1413.5852319627545,16.172004968390254,908.0906239989322,9.217931489037564,0.9477950138699737,65.74019006693435,0.8348626878247404,0.7499561522995202,0.6649388413890399,0.5873605071877636,0.7362226275400098,0.5677596504082697,98.27469248469833
0.0897710648493063,0.07154878034402508,0.10710604289054207,0.17114158581839845,0.25309327379949753,0.28480643733516176,2,Diseased,572.3731329472731,37.28126656701889,1736.0348026186948,6.895138349064462,0.44589982690516916,189.60973908437035,0.40529567961847157,0.2985554467370354,0.25456988812819636,0.1931752758911877,0.5592143271218624,-0.058957389806352144,67.52279576782124
0.06119500680802917,0.061191239293662776,0.14787279012466442,0.10151583099928706,0.0862516699504815,0.44447797245632104,3,Burned,1340.4204432888598,11.880610687702502,593.9731014063734,26.90179666126906,0.9052721474353892,11.858853311235691,-0.26319811916458224,-0.10171684982327403,-0.12590736861259091,-0.08129287634264382,0.16996700001118573,-0.6749694517374737,27.863414290712885
0.07080513004000927,0.08237593079805804,0.12268614324041469,0.19074310837977648,0.18118223630401423,0.29780850840988077,2,Diseased,1355.4123623675123,22.150862378037292,2192.2695419930687,-0.4221985696006323,0.7881745256449069,196.27471811555938,0.19250469965401507,0.10549259601486592,0.10915236963743029,-0.025706427258477358,0.37489372021149603,-0.2434833469291664,53.415787130963075
0.03873473744760646,0.11357003724123552,0.08347313646342183,0.18361026924462,0.412081863144937,0.16246283643215026,1,Stressed,1922.9486087981802,25.207852444536393,1568.1755703775475,15.099606841172015,0.9006535278087123,168.00674319968957,0.6631125108415661,0.5063588951900944,0.49511386640119437,0.38353971396001124,0.5678887872478167,0.43446405919658904,84.80098143699901
0.04219394360438444,0.1135499772749842,0.11435451217500127,0.20537515323802624,0.32953748466949084,0.19729783412574187,1,Stressed,3408.7600587019583,33.413449204236976,545.3077112768462,0.18378282190271023,0.8333756331170686,46.79439305818671,0.484764242600733,0.31659267199744195,0.34196121632685045,0.23211702306379461,0.4874601993296097,0.25100756026774945,71.74008157271575
0.054551090286467915,0.07502964610059183,0.10226741076050447,0.2857241922639412,0.2798654661298455,0.20663559456023503,1,Stressed,1751.0578242850802,21.223590166869165,1847.7608194254,27.50081205331945,0.9739953695868242,121.91169501724475,0.46475470042519895,0.29912021943265893,0.3019920093820569,-0.010358615903882864,0.5771728243034333,0.15052355684590185,66.84737568641486
0.047242826774562284,0.07033376406449308,0.04822522512906413,0.1857124149724261,0.5014127685755023,0.1159772764431676,0,Healthy,3217.6063135876916,30.61273044777722,1248.4476097413217,22.92759597374668,0.6291010012757868,160.66837566201406,0.8245200302598236,0.7887322469310467,0.6476340536170127,0.4594509946185745,0.753968712290826,0.6242981871819738,94.70745655905375
0.044272133298326063,0.07200902116823144,0.16043427007579572,0.11642688179348001,0.2757281930700346,0.26399068760376576,2,Diseased,1723.1402732564327,21.838234335658893,748.9791137989865,3.183674599137724,0.2272588470525021,67.2632979815169,0.2643370993443779,0.1512017481726345,0.18473383568796237,0.4062201853942496,0.5858422903905647,0.021747442361365936,63.108158450314654
0.04279483267421347,0.0745724701413655,0.19160583128744096,0.20672729444788374,0.3178832057174986,0.3135883974623987,2,Diseased,554.8928928873001,29.66942866313676,2414.3524444347054,5.422239383085374,0.38956313073298754,73.98159945810177,0.24785100910880495,0.14706967585550662,0.18763557881788456,0.21188273798512577,0.6199699592672818,0.006801268917651876,63.897657215485935
0.040630023683347,0.09607657148400398,0.046228071252109294,0.16773652657598406,0.48480326617399283,0.11727600582432043,0,Healthy,959.5045544106026,30.336456429366667,1883.2251270317363,8.353036478693713,0.7518792486190812,127.6496912406207,0.8258932303105049,0.75230066263056,0.6380628426333824,0.48589639783168004,0.6692032719972384,0.6104300070413352,96.2699865870759
0.056180877453509546,0.08471602447575345,0.07487890414263924,0.20903374228556074,0.4297468411670349,0.18751744636200415,1,Stressed,1544.8083309900808,31.92487022381597,1604.5859713215914,9.189618635340278,0.15696927880306155,33.68333993202038,0.7032299348387866,0.6086245033954911,0.5298509447157388,0.3455225489686913,0.6706622246749827,0.39242411358423834,84.31769443613197
0.03739011528340429,0.09720501443822069,0.09660251032840522,0.24819083451892154,0.3466328673595423,0.21013031056114084,1,Stressed,1273.7169508016095,37.04849072371467,2167.5077983305955,23.60700005212193,0.9298423361790197,28.051068895869676,0.5641028762061904,0.37979554545110505,0.39761605686361573,0.16549782881005037,0.561979627090908,0.2451716632132074,73.27106019811299
0.021080537466880895,0.10084745037989849,0.030831841282349236,0.1364330024231771,0.48359285839266697,0.09575365143416084,0,Healthy,3057.2366488572225,24.33251524319628,1496.5135377407357,14.758667435821664,0.20527891362893147,53.712029233287744,0.880130772482422,0.7493661808756769,0.669484407455974,0.5599118880518469,0.6548922032220599,0.6694425420462264,88.51865466960305
0.04145727195627519,0.0796019665818683,0.15787607590290426,0.15969028957163506,0.2452477575407193,0.285958341649694,2,Diseased,2439.5304872486195,8.697517374145198,1271.2353471323886,9.978226021210482,0.8759747381796104,149.5456503426711,0.21673657626265883,0.1160885114127181,0.1451157816374313,0.21128532244956524,0.5099151193897599,-0.0766380194140083,62.98510919671431
0.034647557741212386,0.06688513075135372,0.16407144800455978,0.21659889884331163,0.2378410604019875,0.311553828526091,2,Diseased,2108.4178913316223,30.58383787285749,716.7830916935583,20.180562992772348,0.4837239448385878,76.48684915025355,0.183546441125796,0.09397819108944408,0.12268863813049197,0.04674360310769606,0.5610148684412177,-0.13417082733735622,60.869839194832544
0.07218970718894176,0.09382125131733754,0.15043842254182646,0.16565505226451535,0.2724064211929342,0.2877641643219533,2,Diseased,1821.0575190810787,3.4703137571472844,637.458935259993,11.02527067203323,0.8406201483713408,103.93485322209989,0.28844621750467137,0.18665361969935876,0.19824783899076137,0.24369037899856352,0.48763427344296345,-0.027416189375136433,65.57055055720683
0.09250087843416051,0.10871956249603551,0.12434003864712016,0.17853469242797967,0.1282918348701073,0.29505618285948915,2,Diseased,1510.9930403539206,9.852976010753281,1250.3324960180662,-0.5115994090323337,0.958295697477779,43.11285857746887,0.015642507857555,0.008368368354020864,0.007875954320164063,-0.16375003935549617,0.08257945299584644,-0.393917857332971,48.435424419203756
0.05296915870736113,0.06317998694414047,0.16467368735012555,0.11794722918040049,0.09771412983928153,0.3834695171227639,3,Burned,2220.2350514456375,35.64708878991596,1303.1440738605347,-1.2378785505665073,0.4221474520757248,42.850605133166525,-0.255193078993366,-0.09914132410032996,-0.1317431006690417,-0.09381883938273809,0.2146389280052909,-0.5938592949885289,30.905878111090903
0.03653197451220434,0.0521574149108482,0.192298067549417,0.09973777138006659,0.11756816925429345,0.6030979963974074,3,Burned,611.2036459664573,19.57815649485297,1913.2875115076,6.40848379283101,0.6966045409179036,131.83799555078792,-0.24116824296278505,-0.09353552287434422,-0.138411556087303,0.08205204607686221,0.3853912231987893,-0.6737236234294576,35.584546114277735
0.06973168426150383,0.07071239215609103,0.1377465412940155,0.2374135812020527,0.28220904739587205,0.2547043297260258,2,Diseased,736.3595211157887,22.41198754430477,1272.587022081128,16.100458316531025,0.22671760340935176,26.133174114348485,0.3439947140900807,0.22775815849665654,0.2355480628210527,0.086207687784137,0.5992740183637971,0.05122747603162616,63.12627548000385
